ts,close,fast_ma,slow_ma,position,equity,bench,drawdown
2000-09-18 00:00:00+00:00,1467.5,,,0.0,100000.0,100000.0,0.0
2000-09-19 00:00:00+00:00,1478.5,,,0.0,100000.0,100749.5741056218,0.0
2000-09-20 00:00:00+00:00,1469.5,,,0.0,100000.0,100136.28620102213,0.0
2000-09-21 00:00:00+00:00,1469.5,,,0.0,100000.0,100136.28620102213,0.0
2000-09-22 00:00:00+00:00,1468.5,,,0.0,100000.0,100068.14310051106,0.0
2000-09-25 00:00:00+00:00,1461.0,,,0.0,100000.0,99557.06984667802,0.0
2000-09-26 00:00:00+00:00,1443.0,,,0.0,100000.0,98330.4940374787,0.0
2000-09-27 00:00:00+00:00,1446.75,,,0.0,100000.0,98586.03066439522,0.0
2000-09-28 00:00:00+00:00,1476.0,,,0.0,100000.0,100579.21635434413,0.0
2000-09-29 00:00:00+00:00,1454.0,,,0.0,100000.0,99080.0681431005,0.0
2000-10-02 00:00:00+00:00,1456.25,,,0.0,100000.0,99233.39011925043,0.0
2000-10-03 00:00:00+00:00,1441.5,,,0.0,100000.0,98228.2793867121,0.0
2000-10-04 00:00:00+00:00,1450.25,,,0.0,100000.0,98824.53151618398,0.0
2000-10-05 00:00:00+00:00,1456.0,,,0.0,100000.0,99216.35434412265,0.0
2000-10-06 00:00:00+00:00,1426.25,,,0.0,100000.0,97189.09710391822,0.0
2000-10-09 00:00:00+00:00,1416.5,,,0.0,100000.0,96524.70187393526,0.0
2000-10-10 00:00:00+00:00,1391.0,,,0.0,100000.0,94787.0528109029,0.0
2000-10-11 00:00:00+00:00,1378.5,,,0.0,100000.0,93935.26405451448,0.0
2000-10-12 00:00:00+00:00,1344.0,,,0.0,100000.0,91584.32708688246,0.0
2000-10-13 00:00:00+00:00,1386.25,,,0.0,100000.0,94463.3730834753,0.0
2000-10-16 00:00:00+00:00,1392.0,,,0.0,100000.0,94855.19591141396,0.0
2000-10-17 00:00:00+00:00,1359.75,,,0.0,100000.0,92657.58091993183,0.0
2000-10-18 00:00:00+00:00,1353.75,,,0.0,100000.0,92248.7223168654,0.0
2000-10-19 00:00:00+00:00,1401.75,,,0.0,100000.0,95519.59114139692,0.0
2000-10-20 00:00:00+00:00,1411.0,,,0.0,100000.0,96149.91482112433,0.0
2000-10-23 00:00:00+00:00,1417.0,,,0.0,100000.0,96558.77342419077,0.0
2000-10-24 00:00:00+00:00,1404.25,,,0.0,100000.0,95689.9488926746,0.0
2000-10-25 00:00:00+00:00,1374.0,,,0.0,100000.0,93628.62010221463,0.0
2000-10-26 00:00:00+00:00,1371.0,,,0.0,100000.0,93424.19080068142,0.0
2000-10-27 00:00:00+00:00,1401.0,,,0.0,100000.0,95468.4838160136,0.0
2000-10-30 00:00:00+00:00,1411.25,,,0.0,100000.0,96166.9505962521,0.0
2000-10-31 00:00:00+00:00,1440.75,,,0.0,100000.0,98177.17206132876,0.0
2000-11-01 00:00:00+00:00,1432.5,,,0.0,100000.0,97614.99148211241,0.0
2000-11-02 00:00:00+00:00,1435.0,,,0.0,100000.0,97785.3492333901,0.0
2000-11-03 00:00:00+00:00,1436.75,,,0.0,100000.0,97904.59965928447,0.0
2000-11-06 00:00:00+00:00,1445.5,,,0.0,100000.0,98500.85178875636,0.0
2000-11-07 00:00:00+00:00,1444.0,,,0.0,100000.0,98398.63713798975,0.0
2000-11-08 00:00:00+00:00,1412.0,,,0.0,100000.0,96218.05792163541,0.0
2000-11-09 00:00:00+00:00,1403.5,,,0.0,100000.0,95638.84156729128,0.0
2000-11-10 00:00:00+00:00,1372.25,,,0.0,100000.0,93509.36967632025,0.0
2000-11-13 00:00:00+00:00,1358.75,,,0.0,100000.0,92589.43781942077,0.0
2000-11-14 00:00:00+00:00,1394.0,,,0.0,100000.0,94991.4821124361,0.0
2000-11-15 00:00:00+00:00,1397.5,,,0.0,100000.0,95229.98296422485,0.0
2000-11-16 00:00:00+00:00,1379.25,,,0.0,100000.0,93986.37137989776,0.0
2000-11-17 00:00:00+00:00,1370.5,,,0.0,100000.0,93390.11925042588,0.0
2000-11-20 00:00:00+00:00,1347.75,,,0.0,100000.0,91839.86371379896,0.0
2000-11-21 00:00:00+00:00,1356.0,,,0.0,100000.0,92402.04429301531,0.0
2000-11-22 00:00:00+00:00,1323.0,,,0.0,100000.0,90153.32197614989,0.0
2000-11-24 00:00:00+00:00,1346.5,,,0.0,100000.0,91754.68483816013,0.0
2000-11-27 00:00:00+00:00,1359.0,1410.64,,0.0,100000.0,92606.47359454854,0.0
2000-11-28 00:00:00+00:00,1338.5,1408.06,,0.0,100000.0,91209.54003407154,0.0
2000-11-29 00:00:00+00:00,1335.25,1405.195,,0.0,100000.0,90988.07495741056,0.0
2000-11-30 00:00:00+00:00,1321.0,1402.225,,0.0,100000.0,90017.03577512776,0.0
2000-12-01 00:00:00+00:00,1320.75,1399.25,,0.0,100000.0,90000.0,0.0
2000-12-04 00:00:00+00:00,1329.5,1396.47,,0.0,100000.0,90596.25212947189,0.0
2000-12-05 00:00:00+00:00,1374.25,1394.735,,0.0,100000.0,93645.65587734243,0.0
2000-12-06 00:00:00+00:00,1354.5,1392.965,,0.0,100000.0,92299.82964224873,0.0
2000-12-07 00:00:00+00:00,1337.0,1390.77,,0.0,100000.0,91107.32538330495,0.0
2000-12-08 00:00:00+00:00,1353.25,1388.315,,0.0,100000.0,92214.65076660989,0.0
2000-12-11 00:00:00+00:00,1383.0,1386.895,,0.0,100000.0,94241.90800681431,0.0
2000-12-12 00:00:00+00:00,1378.25,1385.335,,0.0,100000.0,93918.22827938672,0.0
2000-12-13 00:00:00+00:00,1358.0,1383.665,,0.0,100000.0,92538.3304940375,0.0
2000-12-14 00:00:00+00:00,1337.0,1381.4,,0.0,100000.0,91107.32538330495,0.0
2000-12-15 00:00:00+00:00,1332.0,1378.92,,0.0,100000.0,90766.60988074959,0.0
2000-12-18 00:00:00+00:00,1346.0,1377.315,,0.0,100000.0,91720.61328790462,0.0
2000-12-19 00:00:00+00:00,1317.75,1375.34,,0.0,100000.0,89795.57069846679,0.0
2000-12-20 00:00:00+00:00,1280.25,1373.125,,0.0,100000.0,87240.20442930155,0.0
2000-12-21 00:00:00+00:00,1288.5,1371.325,,0.0,100000.0,87802.38500851791,0.0
2000-12-22 00:00:00+00:00,1327.25,1370.99,,0.0,100000.0,90442.930153322,0.0
2000-12-26 00:00:00+00:00,1336.5,1369.995,,0.0,100000.0,91073.25383304943,0.0
2000-12-27 00:00:00+00:00,1350.5,1369.165,,0.0,100000.0,92027.25724020445,0.0
2000-12-28 00:00:00+00:00,1353.0,1369.03,,0.0,100000.0,92197.61499148213,0.0
2000-12-29 00:00:00+00:00,1327.0,1368.495,,0.0,100000.0,90425.89437819422,0.0
2001-01-02 00:00:00+00:00,1300.0,1366.46,,0.0,100000.0,88586.03066439525,0.0
2001-01-03 00:00:00+00:00,1359.0,1365.42,,0.0,100000.0,92606.47359454857,0.0
2001-01-04 00:00:00+00:00,1349.0,1364.06,,0.0,100000.0,91925.04258943784,0.0
2001-01-05 00:00:00+00:00,1304.0,1362.055,,0.0,100000.0,88858.60306643955,0.0
2001-01-08 00:00:00+00:00,1309.5,1360.765,,0.0,100000.0,89233.39011925044,0.0
2001-01-09 00:00:00+00:00,1308.75,1359.52,,0.0,100000.0,89182.28279386714,0.0
2001-01-10 00:00:00+00:00,1327.0,1358.04,,0.0,100000.0,90425.89437819422,0.0
2001-01-11 00:00:00+00:00,1335.0,1356.515,,0.0,100000.0,90971.0391822828,0.0
2001-01-12 00:00:00+00:00,1330.0,1354.3,,0.0,100000.0,90630.32367972743,0.0
2001-01-16 00:00:00+00:00,1335.25,1352.355,,0.0,100000.0,90988.07495741057,0.0
2001-01-17 00:00:00+00:00,1341.5,1350.485,,0.0,100000.0,91413.96933560478,0.0
2001-01-18 00:00:00+00:00,1356.0,1348.87,,0.0,100000.0,92402.04429301532,0.0
2001-01-19 00:00:00+00:00,1348.5,1346.93,,0.0,100000.0,91890.97103918227,0.0
2001-01-22 00:00:00+00:00,1358.0,1345.21,,0.0,100000.0,92538.33049403747,0.0
2001-01-23 00:00:00+00:00,1366.0,1344.29,,0.0,100000.0,93083.47529812605,0.0
2001-01-24 00:00:00+00:00,1370.25,1343.625,,0.0,100000.0,93373.08347529812,0.0
2001-01-25 00:00:00+00:00,1365.0,1343.48,,0.0,100000.0,93015.33219761497,0.0
2001-01-26 00:00:00+00:00,1363.25,1343.57,,0.0,100000.0,92896.0817717206,0.0
2001-01-29 00:00:00+00:00,1370.0,1343.09,,0.0,100000.0,93356.04770017033,0.0
2001-01-30 00:00:00+00:00,1382.75,1342.795,,0.0,100000.0,94224.8722316865,0.0
2001-01-31 00:00:00+00:00,1373.5,1342.68,,0.0,100000.0,93594.54855195907,0.0
2001-02-01 00:00:00+00:00,1382.5,1342.92,,0.0,100000.0,94207.83645655873,0.0
2001-02-02 00:00:00+00:00,1353.25,1343.03,,0.0,100000.0,92214.65076660983,0.0
2001-02-05 00:00:00+00:00,1362.0,1343.15,,0.0,100000.0,92810.90289608172,0.0
2001-02-06 00:00:00+00:00,1356.25,1343.815,,0.0,100000.0,92419.08006814306,0.0
2001-02-07 00:00:00+00:00,1349.5,1343.875,,0.0,100000.0,91959.11413969331,0.0
2001-02-08 00:00:00+00:00,1335.25,1343.4,,0.0,100000.0,90988.07495741051,0.0
2001-02-09 00:00:00+00:00,1321.0,1343.05,,0.0,100000.0,90017.03577512772,0.0
2001-02-12 00:00:00+00:00,1333.75,1343.02,,0.0,100000.0,90885.86030664391,0.0
2001-02-13 00:00:00+00:00,1326.0,1343.12,,0.0,100000.0,90357.75127768308,0.0
2001-02-14 00:00:00+00:00,1319.75,1343.1,,0.0,100000.0,89931.85689948888,0.0
2001-02-15 00:00:00+00:00,1333.0,1343.17,,0.0,100000.0,90834.75298126061,0.0
2001-02-16 00:00:00+00:00,1305.0,1341.785,,0.0,100000.0,88926.74616695056,0.0
2001-02-20 00:00:00+00:00,1285.25,1340.4,,0.0,100000.0,87580.91993185686,0.0
2001-02-21 00:00:00+00:00,1256.5,1338.79,,0.0,100000.0,85621.8057921635,0.0
2001-02-22 00:00:00+00:00,1257.25,1336.87,,0.0,100000.0,85672.9131175468,0.0
2001-02-23 00:00:00+00:00,1247.5,1334.16,,0.0,100000.0,85008.51788756384,0.0
2001-02-26 00:00:00+00:00,1273.25,1332.06,,0.0,100000.0,86763.20272572398,0.0
2001-02-27 00:00:00+00:00,1264.0,1330.18,,0.0,100000.0,86132.87904599655,0.0
2001-02-28 00:00:00+00:00,1242.0,1328.28,,0.0,100000.0,84633.73083475295,0.0
2001-03-01 00:00:00+00:00,1243.5,1326.51,,0.0,100000.0,84735.94548551955,0.0
2001-03-02 00:00:00+00:00,1234.0,1324.27,,0.0,100000.0,84088.58603066436,0.0
2001-03-05 00:00:00+00:00,1243.75,1322.79,,0.0,100000.0,84752.98126064731,0.0
2001-03-06 00:00:00+00:00,1256.75,1322.32,,0.0,100000.0,85638.84156729128,0.0
2001-03-07 00:00:00+00:00,1265.75,1321.865,,0.0,100000.0,86252.12947189095,0.0
2001-03-08 00:00:00+00:00,1265.5,1320.63,,0.0,100000.0,86235.09369676317,0.0
2001-03-09 00:00:00+00:00,1231.75,1318.535,,0.0,100000.0,83935.26405451445,0.0
2001-03-12 00:00:00+00:00,1178.0,1315.085,,0.0,100000.0,80272.57240204427,0.0
2001-03-13 00:00:00+00:00,1196.5,1311.955,,0.0,100000.0,81533.21976149913,0.0
2001-03-14 00:00:00+00:00,1167.0,1308.755,,0.0,100000.0,79522.99829642246,0.0
2001-03-15 00:00:00+00:00,1171.25,1306.18,,0.0,100000.0,79812.60647359451,0.0
2001-03-16 00:00:00+00:00,1169.75,1302.395,,0.0,100000.0,79710.3918228279,0.0
2001-03-19 00:00:00+00:00,1180.5,1299.025,,0.0,100000.0,80442.93015332194,0.0
2001-03-20 00:00:00+00:00,1152.5,1295.995,,0.0,100000.0,78534.92333901189,0.0
2001-03-21 00:00:00+00:00,1132.75,1292.46,,0.0,100000.0,77189.09710391817,0.0
2001-03-22 00:00:00+00:00,1119.0,1288.665,,0.0,100000.0,76252.12947189093,0.0
2001-03-23 00:00:00+00:00,1153.25,1285.19,,0.0,100000.0,78586.03066439519,0.0
2001-03-26 00:00:00+00:00,1166.5,1281.82,,0.0,100000.0,79488.9267461669,0.0
2001-03-27 00:00:00+00:00,1189.75,1279.015,,0.0,100000.0,81073.25383304936,0.0
2001-03-28 00:00:00+00:00,1159.5,1275.5,,0.0,100000.0,79011.9250425894,0.0
2001-03-29 00:00:00+00:00,1161.5,1271.9,,0.0,100000.0,79148.21124361154,0.0
2001-03-30 00:00:00+00:00,1174.0,1268.26,,0.0,100000.0,79999.99999999996,0.0
2001-04-02 00:00:00+00:00,1149.75,1264.285,,0.0,100000.0,78347.52981260644,0.0
2001-04-03 00:00:00+00:00,1108.5,1259.295,,0.0,100000.0,75536.62691652466,0.0
2001-04-04 00:00:00+00:00,1112.5,1254.225,,0.0,100000.0,75809.19931856895,0.0
2001-04-05 00:00:00+00:00,1155.0,1249.92,,0.0,100000.0,78705.28109028957,0.0
2001-04-06 00:00:00+00:00,1140.5,1245.43,,0.0,100000.0,77717.20613287902,0.0
2001-04-09 00:00:00+00:00,1150.25,1241.17,,0.0,100000.0,78381.60136286197,0.0
2001-04-10 00:00:00+00:00,1172.0,1237.21,,0.0,100000.0,79863.71379897781,0.0
2001-04-11 00:00:00+00:00,1173.25,1233.02,,0.0,100000.0,79948.89267461665,0.0
2001-04-12 00:00:00+00:00,1192.25,1229.395,,0.0,100000.0,81243.61158432705,0.0
2001-04-16 00:00:00+00:00,1182.0,1225.385,,0.0,100000.0,80545.14480408854,0.0
2001-04-17 00:00:00+00:00,1195.5,1222.23,,0.0,100000.0,81465.07666098804,0.0
2001-04-18 00:00:00+00:00,1246.25,1219.915,,0.0,100000.0,84923.339011925,0.0
2001-04-19 00:00:00+00:00,1258.75,1217.965,,0.0,100000.0,85775.1277683134,0.0
2001-04-20 00:00:00+00:00,1251.5,1216.005,,0.0,100000.0,85281.09028960812,0.0
2001-04-23 00:00:00+00:00,1226.0,1213.82,,0.0,100000.0,83543.44122657576,0.0
2001-04-24 00:00:00+00:00,1216.5,1211.73,,0.0,100000.0,82896.08177172055,0.0
2001-04-25 00:00:00+00:00,1232.0,1209.695,,0.0,100000.0,83952.2998296422,0.0
2001-04-26 00:00:00+00:00,1240.5,1207.985,,0.0,100000.0,84531.51618398633,0.0
2001-04-27 00:00:00+00:00,1258.0,1206.75,,0.0,100000.0,85724.02044293011,0.0
2001-04-30 00:00:00+00:00,1254.25,1205.175,,0.0,100000.0,85468.48381601358,0.0
2001-05-01 00:00:00+00:00,1272.25,1204.52,,0.0,100000.0,86695.0596252129,0.0
2001-05-02 00:00:00+00:00,1271.0,1204.235,,0.0,100000.0,86609.88074957405,0.0
2001-05-03 00:00:00+00:00,1254.25,1204.19,,0.0,100000.0,85468.48381601357,0.0
2001-05-04 00:00:00+00:00,1272.75,1204.5,,0.0,100000.0,86729.13117546843,0.0
2001-05-07 00:00:00+00:00,1263.5,1204.82,,0.0,100000.0,86098.807495741,0.0
2001-05-08 00:00:00+00:00,1263.5,1204.625,,0.0,100000.0,86098.807495741,0.0
2001-05-09 00:00:00+00:00,1257.75,1204.5,,0.0,100000.0,85706.98466780233,0.0
2001-05-10 00:00:00+00:00,1261.5,1204.89,,0.0,100000.0,85962.52129471887,0.0
2001-05-11 00:00:00+00:00,1251.75,1205.055,,0.0,100000.0,85298.12606473589,0.0
2001-05-14 00:00:00+00:00,1252.0,1205.415,,0.0,100000.0,85315.16183986365,0.0
2001-05-15 00:00:00+00:00,1257.5,1205.69,,0.0,100000.0,85689.94889267455,0.0
2001-05-16 00:00:00+00:00,1288.5,1206.325,,0.0,100000.0,87802.38500851783,0.0
2001-05-17 00:00:00+00:00,1291.5,1206.84,,0.0,100000.0,88006.81431005104,0.0
2001-05-18 00:00:00+00:00,1295.75,1207.445,,0.0,100000.0,88296.4224872231,0.0
2001-05-21 00:00:00+00:00,1314.75,1209.105,,0.0,100000.0,89591.14139693351,0.0
2001-05-22 00:00:00+00:00,1312.5,1211.795,,0.0,100000.0,89437.81942078359,0.0
2001-05-23 00:00:00+00:00,1290.75,1213.68,,0.0,100000.0,87955.70698466775,0.0
2001-05-24 00:00:00+00:00,1294.5,1216.23,,0.0,100000.0,88211.24361158427,0.0
2001-05-25 00:00:00+00:00,1279.5,1218.395,,0.0,100000.0,87189.09710391817,0.0
2001-05-29 00:00:00+00:00,1268.5,1220.37,,0.0,100000.0,86439.52299829636,0.0
2001-05-30 00:00:00+00:00,1250.5,1221.77,,0.0,100000.0,85212.94718909706,0.0
2001-05-31 00:00:00+00:00,1254.5,1223.81,,0.0,100000.0,85485.51959114136,0.0
2001-06-01 00:00:00+00:00,1265.0,1226.455,,0.0,100000.0,86201.02214650762,0.0
2001-06-04 00:00:00+00:00,1269.25,1229.46,,0.0,100000.0,86490.6303236797,0.0
2001-06-05 00:00:00+00:00,1284.5,1232.085,,0.0,100000.0,87529.81260647356,0.0
2001-06-06 00:00:00+00:00,1273.5,1234.225,,0.0,100000.0,86780.23850085174,0.0
2001-06-07 00:00:00+00:00,1277.0,1235.97,,0.0,100000.0,87018.73935264049,0.0
2001-06-08 00:00:00+00:00,1268.75,1238.155,,0.0,100000.0,86456.55877342414,0.0
2001-06-11 00:00:00+00:00,1255.25,1240.03,,0.0,100000.0,85536.62691652466,0.0
2001-06-12 00:00:00+00:00,1253.75,1241.625,,0.0,100000.0,85434.41226575806,0.0
2001-06-13 00:00:00+00:00,1242.0,1243.47,,0.0,100000.0,84633.73083475295,0.0
2001-06-14 00:00:00+00:00,1215.0,1245.6,,0.0,100000.0,82793.86712095396,0.0
2001-06-15 00:00:00+00:00,1207.5,1247.5,,0.0,100000.0,82282.79386712091,0.0
2001-06-18 00:00:00+00:00,1220.25,1248.805,,0.0,100000.0,83151.6183986371,0.0
2001-06-19 00:00:00+00:00,1224.5,1250.485,,0.0,100000.0,83441.22657580917,0.0
2001-06-20 00:00:00+00:00,1229.5,1252.07,,0.0,100000.0,83781.94207836453,0.0
2001-06-21 00:00:00+00:00,1243.0,1253.49,,0.0,100000.0,84701.87393526403,0.0
2001-06-22 00:00:00+00:00,1235.0,1254.725,,0.0,100000.0,84156.72913117544,0.0
2001-06-25 00:00:00+00:00,1223.5,1255.35,,0.0,100000.0,83373.08347529809,0.0
2001-06-26 00:00:00+00:00,1220.75,1256.125,,0.0,100000.0,83185.68994889264,0.0
2001-06-27 00:00:00+00:00,1219.0,1256.595,,0.0,100000.0,83066.43952299828,0.0
2001-06-28 00:00:00+00:00,1227.25,1256.215,,0.0,100000.0,83628.62010221461,0.0
2001-06-29 00:00:00+00:00,1237.75,1255.795,,0.0,100000.0,84344.12265758088,0.0
2001-07-02 00:00:00+00:00,1246.0,1255.685,,0.0,100000.0,84906.30323679723,0.0
2001-07-03 00:00:00+00:00,1245.25,1256.07,1305.9825,0.0,100000.0,84855.19591141393,0.0
2001-07-05 00:00:00+00:00,1222.25,1256.185,1304.75625,0.0,100000.0,83287.90459965925,0.0
2001-07-06 00:00:00+00:00,1193.5,1255.415,1303.33125,0.0,100000.0,81328.7904599659,0.0
2001-07-09 00:00:00+00:00,1200.75,1254.62,1301.9875,0.0,100000.0,81822.82793867118,0.0
2001-07-10 00:00:00+00:00,1186.5,1253.19,1300.5725,0.0,100000.0,80851.78875638839,0.0
2001-07-11 00:00:00+00:00,1185.25,1251.81,1299.15625,0.0,100000.0,80766.60988074954,0.0
2001-07-12 00:00:00+00:00,1214.25,1250.65,1297.9225,0.0,100000.0,82742.75979557066,0.0
2001-07-13 00:00:00+00:00,1225.0,1249.73,1296.8325,0.0,100000.0,83475.2981260647,0.0
2001-07-16 00:00:00+00:00,1210.5,1248.855,1295.65125,0.0,100000.0,82487.22316865415,0.0
2001-07-17 00:00:00+00:00,1220.5,1247.81,1294.37375,0.0,100000.0,83168.65417376488,0.0
2001-07-18 00:00:00+00:00,1212.0,1246.78,1293.16375,0.0,100000.0,82589.43781942075,0.0
2001-07-19 00:00:00+00:00,1223.0,1245.97,1291.9975,0.0,100000.0,83339.01192504256,0.0
2001-07-20 00:00:00+00:00,1214.75,1245.11,1290.86375,0.0,100000.0,82776.83134582621,0.0
2001-07-23 00:00:00+00:00,1192.0,1243.72,1289.5725,0.0,100000.0,81226.57580919929,0.0
2001-07-24 00:00:00+00:00,1178.5,1242.255,1288.185,0.0,100000.0,80306.6439522998,0.0
2001-07-25 00:00:00+00:00,1191.5,1241.045,1287.01125,0.0,100000.0,81192.50425894375,0.0
2001-07-26 00:00:00+00:00,1205.25,1240.0,1285.955,0.0,100000.0,82129.47189097102,0.0
2001-07-27 00:00:00+00:00,1210.0,1238.43,1285.05,0.0,100000.0,82453.15161839861,0.0
2001-07-30 00:00:00+00:00,1209.75,1236.795,1284.20625,0.0,100000.0,82436.11584327085,0.0
2001-07-31 00:00:00+00:00,1215.25,1235.185,1283.5625,0.0,100000.0,82810.90289608174,0.0
2001-08-01 00:00:00+00:00,1221.5,1233.32,1282.73875,0.0,100000.0,83236.79727427596,0.0
2001-08-02 00:00:00+00:00,1226.0,1231.59,1281.90875,0.0,100000.0,83543.44122657579,0.0
2001-08-03 00:00:00+00:00,1219.75,1230.17,1281.20875,0.0,100000.0,83117.54684838158,0.0
2001-08-06 00:00:00+00:00,1203.0,1228.34,1280.455,0.0,100000.0,81976.1499148211,0.0
2001-08-07 00:00:00+00:00,1207.75,1226.905,1279.485,0.0,100000.0,82299.8296422487,0.0
2001-08-08 00:00:00+00:00,1185.5,1225.245,1278.3575,0.0,100000.0,80783.64565587732,0.0
2001-08-09 00:00:00+00:00,1187.75,1223.99,1277.21125,0.0,100000.0,80936.96763202724,0.0
2001-08-10 00:00:00+00:00,1191.25,1222.725,1276.14625,0.0,100000.0,81175.46848381599,0.0
2001-08-13 00:00:00+00:00,1192.5,1221.275,1275.23875,0.0,100000.0,81260.64735945483,0.0
2001-08-14 00:00:00+00:00,1192.25,1219.735,1274.345,0.0,100000.0,81243.61158432705,0.0
2001-08-15 00:00:00+00:00,1181.0,1217.665,1273.245,0.0,100000.0,80477.00170357748,0.0
2001-08-16 00:00:00+00:00,1184.75,1215.89,1272.1125,0.0,100000.0,80732.538330494,0.0
2001-08-17 00:00:00+00:00,1166.0,1213.67,1270.73875,0.0,100000.0,79454.85519591138,0.0
2001-08-20 00:00:00+00:00,1175.75,1211.81,1269.455,0.0,100000.0,80119.25042589434,0.0
2001-08-21 00:00:00+00:00,1156.75,1209.84,1268.06375,0.0,100000.0,78824.53151618395,0.0
2001-08-22 00:00:00+00:00,1167.75,1208.12,1266.71875,0.0,100000.0,79574.10562180575,0.0
2001-08-23 00:00:00+00:00,1163.0,1206.54,1265.30625,0.0,100000.0,79250.42589437815,0.0
2001-08-24 00:00:00+00:00,1187.5,1205.99,1264.02375,0.0,100000.0,80919.93185689945,0.0
2001-08-27 00:00:00+00:00,1180.25,1205.445,1262.865,0.0,100000.0,80425.89437819418,0.0
2001-08-28 00:00:00+00:00,1163.25,1204.305,1261.66375,0.0,100000.0,79267.46166950592,0.0
2001-08-29 00:00:00+00:00,1152.0,1202.855,1260.5625,0.0,100000.0,78500.85178875635,0.0
2001-08-30 00:00:00+00:00,1129.5,1200.855,1259.41625,0.0,100000.0,76967.6320272572,0.0
2001-08-31 00:00:00+00:00,1138.5,1198.765,1258.13875,0.0,100000.0,77580.91993185686,0.0
2001-09-04 00:00:00+00:00,1131.0,1196.685,1256.80625,0.0,100000.0,77069.84667802381,0.0
2001-09-05 00:00:00+00:00,1133.0,1194.875,1255.575,0.0,100000.0,77206.13287904597,0.0
2001-09-06 00:00:00+00:00,1103.5,1192.53,1254.24,0.0,100000.0,75195.91141396931,0.0
2001-09-07 00:00:00+00:00,1083.25,1189.815,1252.9175,0.0,100000.0,73816.01362862009,0.0
2001-09-10 00:00:00+00:00,1095.75,1187.185,1251.61625,0.0,100000.0,74667.8023850085,0.0
2001-09-11 00:00:00+00:00,1095.75,1184.345,1250.48,0.0,100000.0,74667.8023850085,0.0
2001-09-17 00:00:00+00:00,1039.0,1180.205,1248.9425,0.0,100000.0,70800.68143100511,0.0
2001-09-18 00:00:00+00:00,1035.0,1176.0,1247.3225,0.0,100000.0,70528.10902896081,0.0
2001-09-19 00:00:00+00:00,1013.0,1171.815,1245.695,0.0,100000.0,69028.9608177172,0.0
2001-09-20 00:00:00+00:00,980.25,1167.55,1243.92,0.0,100000.0,66797.27427597955,0.0
2001-09-21 00:00:00+00:00,940.0,1162.335,1242.015,0.0,100000.0,64054.514480408856,0.0
2001-09-24 00:00:00+00:00,1007.75,1158.76,1240.45,0.0,100000.0,68671.20954003408,0.0
2001-09-25 00:00:00+00:00,1018.25,1155.42,1238.89375,0.0,100000.0,69386.71209540033,0.0
2001-09-26 00:00:00+00:00,1014.5,1151.425,1237.095,0.0,100000.0,69131.17546848382,0.0
2001-09-27 00:00:00+00:00,1022.5,1147.375,1235.435,0.0,100000.0,69676.32027257241,0.0
2001-09-28 00:00:00+00:00,1043.75,1144.04,1233.96875,0.0,100000.0,71124.36115843272,0.0
2001-10-01 00:00:00+00:00,1043.25,1140.495,1232.41875,0.0,100000.0,71090.28960817718,0.0
2001-10-02 00:00:00+00:00,1055.5,1137.365,1230.78125,0.0,100000.0,71925.04258943784,0.0
2001-10-03 00:00:00+00:00,1074.5,1134.395,1229.2625,0.0,100000.0,73219.76149914823,0.0
2001-10-04 00:00:00+00:00,1075.5,1131.61,1227.85,0.0,100000.0,73287.9045996593,0.0
2001-10-05 00:00:00+00:00,1071.75,1129.205,1226.52375,0.0,100000.0,73032.36797274277,0.0
2001-10-08 00:00:00+00:00,1065.25,1126.94,1225.19,0.0,100000.0,72589.4378194208,0.0
2001-10-09 00:00:00+00:00,1060.0,1124.31,1223.76,0.0,100000.0,72231.68654173765,0.0
2001-10-10 00:00:00+00:00,1083.25,1121.87,1222.5875,0.0,100000.0,73816.01362862012,0.0
2001-10-11 00:00:00+00:00,1099.75,1119.665,1221.685,0.0,100000.0,74940.37478705282,0.0
2001-10-12 00:00:00+00:00,1094.0,1117.35,1220.7125,0.0,100000.0,74548.55195911415,0.0
2001-10-15 00:00:00+00:00,1092.5,1114.895,1219.53875,0.0,100000.0,74446.33730834755,0.0
2001-10-16 00:00:00+00:00,1098.75,1112.44,1218.35,0.0,100000.0,74872.23168654175,0.0
2001-10-17 00:00:00+00:00,1076.0,1109.44,1216.9775,0.0,100000.0,73321.97614991484,0.0
2001-10-18 00:00:00+00:00,1073.75,1106.52,1215.58125,0.0,100000.0,73168.65417376492,0.0
2001-10-19 00:00:00+00:00,1072.5,1103.91,1214.30875,0.0,100000.0,73083.47529812608,0.0
2001-10-22 00:00:00+00:00,1093.5,1101.625,1213.27625,0.0,100000.0,74514.48040885862,0.0
2001-10-23 00:00:00+00:00,1088.25,1099.68,1211.9225,0.0,100000.0,74156.7291311755,0.0
2001-10-24 00:00:00+00:00,1085.0,1097.625,1210.6025,0.0,100000.0,73935.26405451451,0.0
2001-10-25 00:00:00+00:00,1103.0,1095.86,1209.5975,0.0,100000.0,75161.83986371383,0.0
2001-10-26 00:00:00+00:00,1102.0,1094.05,1208.56,0.0,100000.0,75093.69676320275,0.0
2001-10-29 00:00:00+00:00,1073.0,1091.665,1207.38125,0.0,100000.0,73117.54684838164,0.0
2001-10-30 00:00:00+00:00,1059.25,1089.23,1206.0425,0.0,100000.0,72180.57921635438,0.0
2001-10-31 00:00:00+00:00,1056.25,1086.66,1204.64875,0.0,100000.0,71976.14991482116,0.0
2001-11-01 00:00:00+00:00,1082.0,1084.98,1203.40875,0.0,100000.0,73730.83475298132,0.0
2001-11-02 00:00:00+00:00,1089.5,1083.255,1202.18,0.0,100000.0,74241.90800681435,0.0
2001-11-05 00:00:00+00:00,1103.75,1082.195,1200.99125,0.0,100000.0,75212.94718909713,0.0
2001-11-06 00:00:00+00:00,1121.0,1081.26,1199.81625,0.0,100000.0,76388.41567291315,0.0
2001-11-07 00:00:00+00:00,1119.0,1080.38,1198.66875,0.0,100000.0,76252.12947189102,0.0
2001-11-08 00:00:00+00:00,1123.5,1079.1,1197.49625,0.0,100000.0,76558.77342419085,0.0
2001-11-09 00:00:00+00:00,1123.5,1077.965,1196.28375,0.0,100000.0,76558.77342419085,0.0
2001-11-12 00:00:00+00:00,1117.25,1077.045,1195.01875,0.0,100000.0,76132.87904599664,0.0
2001-11-13 00:00:00+00:00,1141.75,1076.84,1193.9025,0.0,100000.0,77802.38500851794,0.0
2001-11-14 00:00:00+00:00,1143.5,1077.12,1192.80375,0.0,100000.0,77921.63543441232,0.0
2001-11-15 00:00:00+00:00,1145.25,1077.255,1191.68,0.0,100000.0,78040.88586030669,0.0
2001-11-16 00:00:00+00:00,1140.0,1077.435,1190.46625,0.0,100000.0,77683.13458262355,0.0
2001-11-19 00:00:00+00:00,1154.0,1077.855,1189.36875,0.0,100000.0,78637.13798977857,0.0
2001-11-20 00:00:00+00:00,1144.25,1078.67,1188.1775,0.0,100000.0,77972.74275979561,0.0
2001-11-21 00:00:00+00:00,1137.0,1079.745,1187.09625,0.0,100000.0,77478.70528109033,0.0
2001-11-23 00:00:00+00:00,1152.75,1080.885,1186.05,0.0,100000.0,78551.95911413972,0.0
2001-11-26 00:00:00+00:00,1155.0,1082.07,1185.04375,0.0,100000.0,78705.28109028963,0.0
2001-11-27 00:00:00+00:00,1150.5,1084.3,1184.04875,0.0,100000.0,78398.63713798982,0.0
2001-11-28 00:00:00+00:00,1129.25,1086.185,1183.01875,0.0,100000.0,76950.5962521295,0.0
2001-11-29 00:00:00+00:00,1144.5,1088.815,1182.13625,0.0,100000.0,77989.77853492337,0.0
2001-11-30 00:00:00+00:00,1135.25,1091.915,1181.14375,0.0,100000.0,77359.45485519595,0.0
2001-12-03 00:00:00+00:00,1129.5,1095.705,1180.16125,0.0,100000.0,76967.63202725728,0.0
2001-12-04 00:00:00+00:00,1147.75,1098.505,1179.30125,0.0,100000.0,78211.24361158434,0.0
2001-12-05 00:00:00+00:00,1169.0,1101.52,1178.48125,0.0,100000.0,79659.28449744465,0.0
2001-12-06 00:00:00+00:00,1168.5,1104.6,1177.79875,0.0,100000.0,79625.21294718911,0.0
2001-12-07 00:00:00+00:00,1160.5,1107.36,1177.175,0.0,100000.0,79080.06814310052,0.0
2001-12-10 00:00:00+00:00,1138.75,1109.26,1176.58625,0.0,100000.0,77597.95570698468,0.0
2001-12-11 00:00:00+00:00,1136.25,1111.12,1175.98125,0.0,100000.0,77427.597955707,0.0
2001-12-12 00:00:00+00:00,1137.75,1112.765,1175.4325,0.0,100000.0,77529.8126064736,0.0
2001-12-13 00:00:00+00:00,1115.75,1113.59,1174.645,0.0,100000.0,76030.66439522998,0.0
2001-12-14 00:00:00+00:00,1126.0,1114.6,1173.955,0.0,100000.0,76729.13117546847,0.0
2001-12-17 00:00:00+00:00,1136.0,1115.885,1173.425,0.0,100000.0,77410.56218057922,0.0
2001-12-18 00:00:00+00:00,1143.5,1117.45,1172.925,0.0,100000.0,77921.63543441225,0.0
2001-12-19 00:00:00+00:00,1151.75,1119.285,1172.51375,0.0,100000.0,78483.8160136286,0.0
2001-12-20 00:00:00+00:00,1139.0,1120.4,1171.99,0.0,100000.0,77614.99148211243,0.0
2001-12-21 00:00:00+00:00,1149.75,1121.4,1171.455,0.0,100000.0,78347.52981260647,0.0
2001-12-24 00:00:00+00:00,1146.75,1122.455,1170.86,0.0,100000.0,78143.10051107327,0.0
2001-12-26 00:00:00+00:00,1153.0,1123.665,1170.2975,0.0,100000.0,78568.99488926747,0.0
2001-12-27 00:00:00+00:00,1159.5,1124.88,1169.93625,0.0,100000.0,79011.92504258946,0.0
2001-12-28 00:00:00+00:00,1159.25,1126.545,1169.8425,0.0,100000.0,78994.8892674617,0.0
2001-12-31 00:00:00+00:00,1149.25,1128.055,1169.60625,0.0,100000.0,78313.45826235095,0.0
2002-01-02 00:00:00+00:00,1154.0,1129.685,1169.54125,0.0,100000.0,78637.13798977855,0.0
2002-01-03 00:00:00+00:00,1166.75,1131.15,1169.51875,0.0,100000.0,79505.96252129473,0.0
2002-01-04 00:00:00+00:00,1175.25,1132.89,1169.54625,0.0,100000.0,80085.17887563884,0.0
2002-01-07 00:00:00+00:00,1166.75,1134.525,1169.4775,0.0,100000.0,79505.96252129471,0.0
2002-01-08 00:00:00+00:00,1163.5,1135.735,1169.5325,0.0,100000.0,79284.49744463373,0.0
2002-01-09 00:00:00+00:00,1154.5,1136.785,1169.64125,0.0,100000.0,78671.20954003408,0.0
2002-01-10 00:00:00+00:00,1159.5,1138.515,1169.84375,0.0,100000.0,79011.92504258944,0.0
2002-01-11 00:00:00+00:00,1147.75,1140.285,1169.81625,0.0,100000.0,78211.24361158433,0.0
2002-01-14 00:00:00+00:00,1140.5,1141.97,1169.68625,0.0,100000.0,77717.20613287906,0.0
2002-01-15 00:00:00+00:00,1148.5,1143.3,1169.48,0.0,100000.0,78262.35093696765,0.0
2002-01-16 00:00:00+00:00,1125.75,1144.025,1169.31125,0.0,100000.0,76712.09540034072,0.0
2002-01-17 00:00:00+00:00,1134.5,1144.64,1169.17625,0.0,100000.0,77308.34752981263,0.0
2002-01-18 00:00:00+00:00,1129.0,1144.8,1168.95125,0.0,100000.0,76933.56047700172,0.0
2002-01-22 00:00:00+00:00,1121.25,1144.845,1168.80875,0.0,100000.0,76405.4514480409,0.0
2002-01-23 00:00:00+00:00,1129.0,1144.955,1168.91125,0.0,100000.0,76933.56047700171,0.0
2002-01-24 00:00:00+00:00,1133.25,1145.15,1169.015,0.0,100000.0,77223.16865417377,0.0
2002-01-25 00:00:00+00:00,1133.25,1145.47,1168.90625,0.0,100000.0,77223.16865417377,0.0
2002-01-28 00:00:00+00:00,1135.5,1145.345,1168.88125,0.0,100000.0,77376.49063032368,0.0
2002-01-29 00:00:00+00:00,1100.5,1144.485,1168.6325,0.0,100000.0,74991.48211243612,0.0
2002-01-30 00:00:00+00:00,1115.25,1143.885,1168.34875,0.0,100000.0,75996.59284497445,0.0
2002-01-31 00:00:00+00:00,1130.5,1143.695,1168.135,0.0,100000.0,77035.77512776833,0.0
2002-02-01 00:00:00+00:00,1123.25,1143.08,1167.79,0.0,100000.0,76541.73764906304,0.0
2002-02-04 00:00:00+00:00,1095.5,1142.105,1167.3575,0.0,100000.0,74650.76660988077,0.0
2002-02-05 00:00:00+00:00,1089.0,1141.145,1166.825,0.0,100000.0,74207.8364565588,0.0
2002-02-06 00:00:00+00:00,1083.25,1139.755,1166.01,0.0,100000.0,73816.01362862013,0.0
2002-02-07 00:00:00+00:00,1077.0,1138.195,1165.10125,0.0,100000.0,73390.11925042591,0.0
2002-02-08 00:00:00+00:00,1095.25,1137.09,1164.32,0.0,100000.0,74633.73083475299,0.0
2002-02-11 00:00:00+00:00,1110.0,1136.705,1163.74,0.0,100000.0,75638.84156729133,0.0
2002-02-12 00:00:00+00:00,1107.5,1135.965,1163.195,0.0,100000.0,75468.48381601364,0.0
2002-02-13 00:00:00+00:00,1118.75,1135.635,1162.62875,0.0,100000.0,76235.09369676322,0.0
2002-02-14 00:00:00+00:00,1116.75,1135.38,1162.01,0.0,100000.0,76098.80749574106,0.0
2002-02-15 00:00:00+00:00,1104.75,1134.52,1161.24375,0.0,100000.0,75281.09028960818,0.0
2002-02-18 00:00:00+00:00,1104.75,1133.235,1160.49625,0.0,100000.0,75281.09028960818,0.0
2002-02-19 00:00:00+00:00,1083.75,1131.54,1159.55375,0.0,100000.0,73850.08517887564,0.0
2002-02-20 00:00:00+00:00,1101.0,1130.35,1158.70375,0.0,100000.0,75025.55366269164,0.0
2002-02-21 00:00:00+00:00,1079.0,1129.155,1157.8275,0.0,100000.0,73526.40545144804,0.0
2002-02-22 00:00:00+00:00,1091.75,1128.265,1156.9225,0.0,100000.0,74395.22998296421,0.0
2002-02-25 00:00:00+00:00,1109.75,1127.705,1156.15375,0.0,100000.0,75621.80579216355,0.0
2002-02-26 00:00:00+00:00,1108.0,1127.55,1155.37625,0.0,100000.0,75502.55536626917,0.0
2002-02-27 00:00:00+00:00,1111.75,1127.265,1154.64625,0.0,100000.0,75758.09199318569,0.0
2002-02-28 00:00:00+00:00,1107.0,1126.685,1153.87375,0.0,100000.0,75434.4122657581,0.0
2002-03-01 00:00:00+00:00,1132.75,1126.47,1153.27875,0.0,100000.0,77189.09710391822,0.0
2002-03-04 00:00:00+00:00,1152.25,1126.48,1152.78,0.0,100000.0,78517.88756388414,0.0
2002-03-05 00:00:00+00:00,1149.0,1126.68,1152.2375,0.0,100000.0,78296.42248722316,0.0
2002-03-06 00:00:00+00:00,1162.75,1126.94,1151.60875,0.0,100000.0,79233.39011925041,0.0
2002-03-07 00:00:00+00:00,1159.75,1127.2,1150.95,0.0,100000.0,79028.96081771719,0.0
2002-03-08 00:00:00+00:00,1164.0,1127.42,1150.29125,0.0,100000.0,79318.56899488925,0.0
2002-03-11 00:00:00+00:00,1166.5,1127.56,1149.55,0.0,100000.0,79488.92674616694,0.0
2002-03-12 00:00:00+00:00,1167.25,1127.72,1148.82375,0.0,100000.0,79540.03407155025,0.0
2002-03-13 00:00:00+00:00,1154.5,1127.825,1148.1425,0.0,100000.0,78671.20954003406,0.0
2002-03-14 00:00:00+00:00,1155.75,1127.86,1147.44875,0.0,100000.0,78756.38841567289,0.0
2002-03-15 00:00:00+00:00,1158.5999755859375,1127.6969995117188,1146.8442498779298,0.0,100000.0,78950.59458847954,0.0
2002-03-18 00:00:00+00:00,1167.25,1127.5369995117187,1146.3379998779296,0.0,100000.0,79540.03407155022,0.0
2002-03-19 00:00:00+00:00,1174.25,1127.6869995117188,1145.9567498779297,0.0,100000.0,80017.03577512773,0.0
2002-03-20 00:00:00+00:00,1152.25,1127.4619995117187,1145.4454998779297,0.0,100000.0,78517.88756388411,0.0
2002-03-21 00:00:00+00:00,1152.75,1127.4269995117188,1144.8842498779297,0.0,100000.0,78551.95911413965,0.0
2002-03-22 00:00:00+00:00,1149.75,1127.2319995117186,1144.2867498779297,0.0,100000.0,78347.52981260643,0.0
2002-03-25 00:00:00+00:00,1135.5,1126.9869995117188,1143.5417498779298,0.0,100000.0,77376.49063032363,0.0
2002-03-26 00:00:00+00:00,1142.5,1127.0269995117187,1142.8867498779298,0.0,100000.0,77853.49233390116,0.0
2002-03-27 00:00:00+00:00,1145.0,1126.9569995117188,1142.2267498779297,0.0,100000.0,78023.85008517884,0.0
2002-03-28 00:00:00+00:00,1144.75,1127.3369995117187,1141.6067498779296,0.0,100000.0,78006.81431005106,0.0
2002-04-01 00:00:00+00:00,1144.5,1127.5369995117187,1141.0529998779298,0.0,100000.0,77989.77853492329,0.0
2002-04-02 00:00:00+00:00,1138.5,1127.7269995117188,1140.4767498779297,0.0,100000.0,77580.91993185686,0.0
2002-04-03 00:00:00+00:00,1130.25,1127.9069995117188,1139.9179998779298,0.0,100000.0,77018.73935264049,0.0
2002-04-04 00:00:00+00:00,1126.0,1127.8469995117186,1139.4729998779296,0.0,100000.0,76729.13117546843,0.0
2002-04-05 00:00:00+00:00,1125.5,1127.6919995117187,1139.0629998779298,0.0,100000.0,76695.0596252129,0.0
2002-04-08 00:00:00+00:00,1128.0,1127.5869995117187,1138.6017498779297,0.0,100000.0,76865.41737649059,0.0
2002-04-09 00:00:00+00:00,1120.5,1127.2869995117187,1138.0817498779297,0.0,100000.0,76354.34412265754,0.0
2002-04-10 00:00:00+00:00,1132.25,1127.9219995117187,1137.5954998779298,0.0,100000.0,77155.02555366265,0.0
2002-04-11 00:00:00+00:00,1104.0,1127.6969995117188,1136.9004998779296,0.0,100000.0,75229.98296422482,0.0
2002-04-12 00:00:00+00:00,1112.0,1127.3269995117187,1136.2854998779296,0.0,100000.0,75775.12776831342,0.0
2002-04-15 00:00:00+00:00,1104.25,1126.9469995117188,1135.6892498779298,0.0,100000.0,75247.0187393526,0.0
2002-04-16 00:00:00+00:00,1129.75,1127.6319995117187,1135.2342498779296,0.0,100000.0,76984.66780238497,0.0
2002-04-17 00:00:00+00:00,1128.0,1128.4119995117187,1134.7792498779297,0.0,100000.0,76865.41737649059,0.0
2002-04-18 00:00:00+00:00,1123.0,1129.2069995117188,1134.2579998779297,0.0,100000.0,76524.70187393522,0.0
2002-04-19 00:00:00+00:00,1126.5,1130.1969995117188,1133.7017498779296,0.0,100000.0,76763.20272572398,0.0
2002-04-22 00:00:00+00:00,1108.5,1130.4619995117187,1133.0142498779296,0.0,100000.0,75536.62691652466,0.0
2002-04-23 00:00:00+00:00,1102.75,1130.3169995117187,1132.3017498779298,0.0,100000.0,75144.804088586,0.0
2002-04-24 00:00:00+00:00,1091.75,1130.0019995117189,1131.6492498779296,0.0,100000.0,74395.22998296419,0.0
2002-04-25 00:00:00+00:00,1092.5,1129.4769995117188,1131.1442498779297,0.0,100000.0,74446.33730834747,0.0
2002-04-26 00:00:00+00:00,1071.25,1128.5669995117187,1130.4967498779297,0.0,100000.0,72998.29642248717,0.0
2002-04-29 00:00:00+00:00,1065.0,1127.7719995117188,1129.8892498779296,0.0,100000.0,72572.40204429298,0.0
2002-04-30 00:00:00+00:00,1076.0,1127.1969995117188,1129.3429998779297,0.0,100000.0,73321.97614991479,0.0
2002-05-01 00:00:00+00:00,1088.25,1127.2869995117187,1128.7129998779296,0.0,100000.0,74156.72913117542,0.0
2002-05-02 00:00:00+00:00,1084.75,1126.9619995117187,1128.0117498779298,0.0,100000.0,73918.22827938666,0.0
2002-05-03 00:00:00+00:00,1073.0,1126.8419995117188,1127.3242498779298,0.0,100000.0,73117.54684838155,0.0
2002-05-06 00:00:00+00:00,1051.75,1126.0419995117188,1126.4804998779298,0.0,100000.0,71669.50596252125,0.0
2002-05-07 00:00:00+00:00,1047.5,1124.7969995117187,1125.6579998779298,0.0,100000.0,71379.89778534918,0.0
2002-05-08 00:00:00+00:00,1086.0,1124.3569995117186,1124.9729998779296,0.0,100000.0,74003.40715502549,0.0
2002-05-09 00:00:00+00:00,1074.25,1123.6069995117186,1124.2704998779298,0.0,100000.0,73202.72572402038,0.0
2002-05-10 00:00:00+00:00,1054.0,1122.5469995117187,1123.5804998779297,0.0,100000.0,71822.82793867115,0.0
2002-05-13 00:00:00+00:00,1075.5,1121.4019995117187,1123.0654998779296,0.0,100000.0,73287.90459965923,0.0
2002-05-14 00:00:00+00:00,1098.25,1120.3219995117188,1122.5992498779297,0.0,100000.0,74838.16013628614,0.0
2002-05-15 00:00:00+00:00,1094.25,1119.2269995117188,1122.0442498779296,0.0,100000.0,74565.58773424185,0.0
2002-05-16 00:00:00+00:00,1099.0,1117.9519995117187,1121.4892498779298,0.0,100000.0,74889.26746166946,0.0
2002-05-17 00:00:00+00:00,1105.25,1116.8619995117188,1120.9667498779297,0.0,100000.0,75315.16183986365,0.0
2002-05-20 00:00:00+00:00,1093.5,1115.4519995117187,1120.3579998779296,0.0,100000.0,74514.48040885854,0.0
2002-05-21 00:00:00+00:00,1082.75,1113.7769995117187,1119.6642498779297,0.0,100000.0,73781.9420783645,0.0
2002-05-22 00:00:00+00:00,1085.0,1112.1319995117187,1118.9592498779298,0.0,100000.0,73935.26405451442,0.0
2002-05-23 00:00:00+00:00,1096.5,1110.9719995117186,1118.3429998779297,0.0,100000.0,74718.90971039177,0.0
2002-05-24 00:00:00+00:00,1082.5,1109.5069995117187,1117.7404998779298,0.0,100000.0,73764.90630323676,0.0
2002-05-27 00:00:00+00:00,1085.5,1108.045,1117.1292498779296,0.0,100000.0,73969.33560476996,0.0
2002-05-28 00:00:00+00:00,1076.5,1106.23,1116.5842498779298,0.0,100000.0,73356.04770017031,0.0
2002-05-29 00:00:00+00:00,1068.25,1104.11,1115.9867498779297,0.0,100000.0,72793.86712095396,0.0
2002-05-30 00:00:00+00:00,1065.5,1102.375,1115.3579998779296,0.0,100000.0,72606.4735945485,0.0
2002-05-31 00:00:00+00:00,1064.0,1100.6,1114.7154998779297,0.0,100000.0,72504.2589437819,0.0
2002-06-03 00:00:00+00:00,1038.5,1098.375,1113.9467498779297,0.0,100000.0,70766.60988074953,0.0
2002-06-04 00:00:00+00:00,1042.0,1096.505,1113.2517498779298,0.0,100000.0,71005.11073253829,0.0
2002-06-05 00:00:00+00:00,1050.5,1094.665,1112.5804998779297,0.0,100000.0,71584.3270868824,0.0
2002-06-06 00:00:00+00:00,1029.5,1092.355,1111.8979998779296,0.0,100000.0,70153.32197614988,0.0
2002-06-07 00:00:00+00:00,1028.25,1090.025,1111.1604998779296,0.0,100000.0,70068.14310051102,0.0
2002-06-10 00:00:00+00:00,1032.25,1087.78,1110.5379998779297,0.0,100000.0,70340.71550255531,0.0
2002-06-11 00:00:00+00:00,1014.0,1085.29,1109.7692498779297,0.0,100000.0,69097.10391822823,0.0
2002-06-12 00:00:00+00:00,1020.5,1083.095,1109.0567498779296,0.0,100000.0,69540.0340715502,0.0
2002-06-13 00:00:00+00:00,1010.5,1080.785,1108.1717498779296,0.0,100000.0,68858.60306643946,0.0
2002-06-14 00:00:00+00:00,1009.0,1078.455,1107.3154998779296,0.0,100000.0,68756.38841567286,0.0
2002-06-17 00:00:00+00:00,1035.25,1076.6,1106.6754998779297,0.0,100000.0,70545.14480408852,0.0
2002-06-18 00:00:00+00:00,1044.75,1075.085,1106.1392498779296,0.0,100000.0,71192.50425894372,0.0
2002-06-19 00:00:00+00:00,1019.5,1072.83,1105.5892498779297,0.0,100000.0,69471.89097103913,0.0
2002-06-20 00:00:00+00:00,1006.5,1070.88,1104.9292498779296,0.0,100000.0,68586.03066439518,0.0
2002-06-21 00:00:00+00:00,998.0,1068.6,1104.2642498779296,0.0,100000.0,68006.81431005106,0.0
2002-06-24 00:00:00+00:00,996.75,1066.45,1103.5829998779298,0.0,100000.0,67921.63543441222,0.0
2002-06-25 00:00:00+00:00,974.5,1063.345,1102.9379998779298,0.0,100000.0,66405.45144804084,0.0
2002-06-26 00:00:00+00:00,974.75,1060.28,1102.3954998779298,0.0,100000.0,66422.48722316862,0.0
2002-06-27 00:00:00+00:00,991.75,1057.655,1101.8754998779298,0.0,100000.0,67580.91993185686,0.0
2002-06-28 00:00:00+00:00,988.0,1054.885,1101.3367498779296,0.0,100000.0,67325.38330494033,0.0
2002-07-01 00:00:00+00:00,969.0,1052.095,1100.9867498779297,0.0,100000.0,66030.66439522995,0.0
2002-07-02 00:00:00+00:00,947.75,1048.995,1100.5504998779297,0.0,100000.0,64582.62350936964,0.0
2002-07-03 00:00:00+00:00,953.0,1046.22,1100.2504998779298,0.0,100000.0,64940.374787052766,0.0
2002-07-04 00:00:00+00:00,952.5,1043.42,1100.1117498779297,0.0,100000.0,64906.303236797234,0.0
2002-07-05 00:00:00+00:00,991.0,1041.815,1100.3667498779296,0.0,100000.0,67529.81260647356,0.0
2002-07-08 00:00:00+00:00,978.25,1040.08,1100.2192498779298,0.0,100000.0,66660.98807495736,0.0
2002-07-09 00:00:00+00:00,954.75,1037.655,1099.9017498779297,0.0,100000.0,65059.62521294714,0.0
2002-07-10 00:00:00+00:00,918.75,1034.265,1099.4229998779297,0.0,100000.0,62606.47359454849,0.0
2002-07-11 00:00:00+00:00,927.0,1031.11,1098.9454998779297,0.0,100000.0,63168.65417376486,0.0
2002-07-12 00:00:00+00:00,916.75,1027.985,1098.3104998779297,0.0,100000.0,62470.187393526365,0.0
2002-07-15 00:00:00+00:00,920.5,1025.36,1097.6967498779297,0.0,100000.0,62725.72402044289,0.0
2002-07-16 00:00:00+00:00,903.25,1022.475,1096.9354998779297,0.0,100000.0,61550.25553662687,0.0
2002-07-17 00:00:00+00:00,904.5,1018.845,1096.0854998779296,0.0,100000.0,61635.43441226571,0.0
2002-07-18 00:00:00+00:00,875.5,1014.87,1095.0854998779296,0.0,100000.0,59659.28449744458,0.0
2002-07-19 00:00:00+00:00,844.5,1010.68,1093.9492498779298,0.0,100000.0,57546.848381601325,0.0
2002-07-22 00:00:00+00:00,819.0,1005.55,1092.7179998779297,0.0,100000.0,55809.19931856896,0.0
2002-07-23 00:00:00+00:00,796.25,999.51,1091.3992498779296,0.0,100000.0,54258.943781942035,0.0
2002-07-24 00:00:00+00:00,844.75,994.52,1090.2067498779297,0.0,100000.0,57563.88415672908,0.0
2002-07-25 00:00:00+00:00,836.5,989.27,1088.8904998779296,0.0,100000.0,57001.70357751273,0.0
2002-07-26 00:00:00+00:00,852.75,984.22,1087.6842498779297,0.0,100000.0,58109.02896081767,0.0
2002-07-29 00:00:00+00:00,893.5,980.22,1086.6892498779298,0.0,100000.0,60885.8603066439,0.0
2002-07-30 00:00:00+00:00,905.5,976.675,1085.7229998779296,0.0,100000.0,61703.57751277678,0.0
2002-07-31 00:00:00+00:00,908.0,973.135,1084.8829998779297,0.0,100000.0,61873.93526405446,0.0
2002-08-01 00:00:00+00:00,883.75,968.88,1083.9329998779297,0.0,100000.0,60221.46507666094,0.0
2002-08-02 00:00:00+00:00,864.0,964.51,1082.8904998779296,0.0,100000.0,58875.63884156725,0.0
2002-08-05 00:00:00+00:00,833.75,959.475,1081.5917498779297,0.0,100000.0,56814.310051107284,0.0
2002-08-06 00:00:00+00:00,861.75,955.18,1080.4592498779298,0.0,100000.0,58722.316865417335,0.0
2002-08-07 00:00:00+00:00,876.25,951.34,1079.4154998779297,0.0,100000.0,59710.3918228279,0.0
2002-08-08 00:00:00+00:00,905.5,948.14,1078.4279998779298,0.0,100000.0,61703.5775127768,0.0
2002-08-09 00:00:00+00:00,907.75,945.015,1077.4567498779297,0.0,100000.0,61856.89948892672,0.0
2002-08-12 00:00:00+00:00,902.25,942.29,1076.6029998779297,0.0,100000.0,61482.11243611582,0.0
2002-08-13 00:00:00+00:00,885.5,939.16,1075.7342498779296,0.0,100000.0,60340.715502555344,0.0
2002-08-14 00:00:00+00:00,918.0,936.51,1075.0429998779298,0.0,100000.0,62555.36626916523,0.0
2002-08-15 00:00:00+00:00,930.0,934.52,1074.2829998779298,0.0,100000.0,63373.083475298095,0.0
2002-08-16 00:00:00+00:00,927.5,932.505,1073.4729998779296,0.0,100000.0,63202.72572402041,0.0
2002-08-19 00:00:00+00:00,948.75,930.835,1072.6979998779298,0.0,100000.0,64650.76660988072,0.0
2002-08-20 00:00:00+00:00,939.75,929.35,1071.7917498779298,0.0,100000.0,64037.47870528106,0.0
2002-08-21 00:00:00+00:00,952.0,927.98,1070.9567498779297,0.0,100000.0,64872.2316865417,0.0
2002-08-22 00:00:00+00:00,961.0,926.99,1070.1442498779297,0.0,100000.0,65485.51959114136,0.0
2002-08-23 00:00:00+00:00,940.75,925.625,1069.2304998779298,0.0,100000.0,64105.621805792136,0.0
2002-08-26 00:00:00+00:00,947.75,923.875,1068.3829998779297,0.0,100000.0,64582.62350936964,0.0
2002-08-27 00:00:00+00:00,936.25,921.705,1067.3554998779298,0.0,100000.0,63798.9778534923,0.0
2002-08-28 00:00:00+00:00,916.5,919.645,1066.2204998779298,0.0,100000.0,62453.1516183986,0.0
2002-08-29 00:00:00+00:00,916.5,917.845,1065.0767498779296,0.0,100000.0,62453.1516183986,0.0
2002-08-30 00:00:00+00:00,912.25,916.13,1063.9379998779298,0.0,100000.0,62163.543441226546,0.0
2002-09-02 00:00:00+00:00,908.5,914.365,1062.7104998779296,0.0,100000.0,61908.006814310014,0.0
2002-09-03 00:00:00+00:00,877.75,912.43,1061.3779998779296,0.0,100000.0,59812.60647359451,0.0
2002-09-04 00:00:00+00:00,890.5,910.745,1060.1454998779298,0.0,100000.0,60681.43100511069,0.0
2002-09-05 00:00:00+00:00,883.25,908.575,1058.7979998779297,0.0,100000.0,60187.39352640541,0.0
2002-09-06 00:00:00+00:00,894.75,906.71,1057.4967498779297,0.0,100000.0,60971.03918228275,0.0
2002-09-09 00:00:00+00:00,900.75,905.345,1056.2479998779297,0.0,100000.0,61379.89778534919,0.0
2002-09-10 00:00:00+00:00,911.25,904.615,1055.1579998779298,0.0,100000.0,62095.40034071547,0.0
2002-09-11 00:00:00+00:00,905.75,903.67,1053.9642498779297,0.0,100000.0,61720.613287904554,0.0
2002-09-12 00:00:00+00:00,889.5,902.41,1052.7354998779297,0.0,100000.0,60613.28790459962,0.0
2002-09-13 00:00:00+00:00,891.5,900.42,1051.5454998779296,0.0,100000.0,60749.57410562176,0.0
2002-09-16 00:00:00+00:00,892.5,898.705,1050.2692498779297,0.0,100000.0,60817.71720613284,0.0
2002-09-17 00:00:00+00:00,872.25,897.055,1048.7854998779296,0.0,100000.0,59437.8194207836,0.0
2002-09-18 00:00:00+00:00,863.75,895.955,1047.2617498779298,0.0,100000.0,58858.60306643947,0.0
2002-09-19 00:00:00+00:00,841.75,894.25,1045.6679998779298,0.0,100000.0,57359.45485519586,0.0
2002-09-20 00:00:00+00:00,847.0,892.855,1044.2092498779298,0.0,100000.0,57717.20613287899,0.0
2002-09-23 00:00:00+00:00,833.75,891.12,1042.6967498779297,0.0,100000.0,56814.31005110728,0.0
2002-09-24 00:00:00+00:00,820.75,889.47,1041.1117498779297,0.0,100000.0,55928.44974446332,0.0
2002-09-25 00:00:00+00:00,841.25,888.205,1039.7392498779298,0.0,100000.0,57325.383304940326,0.0
2002-09-26 00:00:00+00:00,854.5,887.785,1038.3817498779297,0.0,100000.0,58228.27938671204,0.0
2002-09-27 00:00:00+00:00,825.25,887.4,1036.8279998779296,0.0,100000.0,56235.09369676315,0.0
2002-09-30 00:00:00+00:00,815.0,887.32,1035.1854998779297,0.0,100000.0,55536.626916524656,0.0
2002-10-01 00:00:00+00:00,854.5,888.485,1033.6992498779298,0.0,100000.0,58228.27938671204,0.0
2002-10-02 00:00:00+00:00,830.75,888.205,1032.1579998779298,0.0,100000.0,56609.88074957406,0.0
2002-10-03 00:00:00+00:00,820.0,887.875,1030.5092498779297,0.0,100000.0,55877.34241908002,0.0
2002-10-04 00:00:00+00:00,806.0,886.94,1028.8054998779296,0.0,100000.0,54923.339011924996,0.0
2002-10-07 00:00:00+00:00,788.5,884.84,1026.9829998779296,0.0,100000.0,53730.834752981216,0.0
2002-10-08 00:00:00+00:00,800.5,882.74,1025.1879998779298,0.0,100000.0,54548.5519591141,0.0
2002-10-09 00:00:00+00:00,778.25,880.145,1023.2829998779297,0.0,100000.0,53032.36797274272,0.0
2002-10-10 00:00:00+00:00,803.0,878.53,1021.5517498779296,0.0,100000.0,54718.90971039178,0.0
2002-10-11 00:00:00+00:00,838.25,878.015,1019.9729998779297,0.0,100000.0,57120.95400340712,0.0
2002-10-14 00:00:00+00:00,842.25,878.185,1018.3504998779297,0.0,100000.0,57393.52640545142,0.0
2002-10-15 00:00:00+00:00,883.75,878.625,1016.8929998779297,0.0,100000.0,60221.46507666096,0.0
2002-10-16 00:00:00+00:00,862.75,878.355,1015.3729998779297,0.0,100000.0,58790.45996592842,0.0
2002-10-17 00:00:00+00:00,878.75,877.82,1013.9492498779297,0.0,100000.0,59880.7495741056,0.0
2002-10-18 00:00:00+00:00,883.25,877.33,1012.5929998779297,0.0,100000.0,60187.39352640543,0.0
2002-10-21 00:00:00+00:00,898.75,877.26,1011.2892498779297,0.0,100000.0,61243.61158432706,0.0
2002-10-22 00:00:00+00:00,891.5,877.38,1010.0079998779297,0.0,100000.0,60749.57410562178,0.0
2002-10-23 00:00:00+00:00,898.25,876.985,1008.7967498779296,0.0,100000.0,61209.54003407153,0.0
2002-10-24 00:00:00+00:00,880.5,875.995,1007.4567498779297,0.0,100000.0,59999.99999999998,0.0
2002-10-25 00:00:00+00:00,898.75,875.42,1006.3217498779297,0.0,100000.0,61243.61158432706,0.0
2002-10-28 00:00:00+00:00,891.75,874.28,1005.1079998779297,0.0,100000.0,60766.609880749544,0.0
2002-10-29 00:00:00+00:00,881.5,873.115,1003.8704998779297,0.0,100000.0,60068.14310051104,0.0
2002-10-30 00:00:00+00:00,889.75,871.87,1002.7129998779296,0.0,100000.0,60630.32367972739,0.0
2002-10-31 00:00:00+00:00,885.5,870.36,1001.4954998779297,0.0,100000.0,60340.71550255533,0.0
2002-11-01 00:00:00+00:00,898.5,869.515,1000.3217498779297,0.0,100000.0,61226.57580919928,0.0
2002-11-04 00:00:00+00:00,907.5,868.71,999.1929998779297,0.0,100000.0,61839.863713798935,0.0
2002-11-05 00:00:00+00:00,914.0,868.265,998.0854998779297,0.0,100000.0,62282.79386712091,0.0
2002-11-06 00:00:00+00:00,925.75,868.45,997.2117498779297,0.0,100000.0,63083.47529812601,0.0
2002-11-07 00:00:00+00:00,902.75,868.175,996.1492498779297,0.0,100000.0,61516.18398637133,0.0
2002-11-08 00:00:00+00:00,891.5,867.76,994.9542498779297,0.0,100000.0,60749.57410562176,0.0
2002-11-11 00:00:00+00:00,877.75,867.145,993.7267498779297,0.0,100000.0,59812.60647359451,0.0
2002-11-12 00:00:00+00:00,884.75,867.285,992.6729998779297,0.0,100000.0,60289.60817717203,0.0
2002-11-13 00:00:00+00:00,885.75,867.19,991.6567498779297,0.0,100000.0,60357.7512776831,0.0
2002-11-14 00:00:00+00:00,902.5,867.575,990.7529998779297,0.0,100000.0,61499.148211243584,0.0
2002-11-15 00:00:00+00:00,909.0,867.86,989.9129998779297,0.0,100000.0,61942.078364565554,0.0
2002-11-18 00:00:00+00:00,900.0,867.845,988.9367498779297,0.0,100000.0,61328.7904599659,0.0
2002-11-19 00:00:00+00:00,898.0,867.58,987.8767498779297,0.0,100000.0,61192.50425894375,0.0
2002-11-20 00:00:00+00:00,918.75,867.84,986.9329998779297,0.0,100000.0,62606.473594548515,0.0
2002-11-21 00:00:00+00:00,935.5,868.76,986.0167498779297,0.0,100000.0,63747.870528108986,0.0
2002-11-22 00:00:00+00:00,928.75,869.505,985.0767498779297,0.0,100000.0,63287.90459965924,0.0
2002-11-25 00:00:00+00:00,929.75,870.25,984.2017498779297,0.0,100000.0,63356.047700170304,0.0
2002-11-26 00:00:00+00:00,911.5,871.035,983.2354998779297,0.0,100000.0,62112.436115843215,0.0
2002-11-27 00:00:00+00:00,937.75,872.515,982.5054998779297,0.0,100000.0,63901.192504258885,0.0
2002-11-28 00:00:00+00:00,939.5,874.47,981.6979998779296,0.0,100000.0,64020.442930153265,0.0
2002-11-29 00:00:00+00:00,936.0,876.25,980.9829998779297,0.0,100000.0,63781.942078364504,0.0
2002-12-02 00:00:00+00:00,935.25,878.28,980.2004998779297,0.0,100000.0,63730.8347529812,0.0
2002-12-03 00:00:00+00:00,923.75,880.34,979.2704998779296,0.0,100000.0,62947.18909710386,0.0
2002-12-04 00:00:00+00:00,919.0,881.895,978.3254998779297,0.0,100000.0,62623.50936967626,0.0
2002-12-05 00:00:00+00:00,908.5,882.975,977.3092498779297,0.0,100000.0,61908.00681431,0.0
2002-12-06 00:00:00+00:00,913.75,884.745,976.3429998779297,0.0,100000.0,62265.75809199314,0.0
2002-12-09 00:00:00+00:00,889.5,886.235,975.1267498779297,0.0,100000.0,60613.28790459961,0.0
2002-12-10 00:00:00+00:00,902.0,887.185,973.8754998779297,0.0,100000.0,61465.07666098803,0.0
2002-12-11 00:00:00+00:00,902.25,888.615,972.6417498779297,0.0,100000.0,61482.1124361158,0.0
2002-12-12 00:00:00+00:00,902.0,890.255,971.3379998779296,0.0,100000.0,61465.07666098803,0.0
2002-12-13 00:00:00+00:00,887.5,891.885,969.9767498779297,0.0,100000.0,60477.00170357746,0.0
2002-12-16 00:00:00+00:00,910.25,894.32,968.7079998779296,0.0,100000.0,62027.25724020438,0.0
2002-12-17 00:00:00+00:00,902.75,896.365,967.3892498779297,0.0,100000.0,61516.18398637133,0.0
2002-12-18 00:00:00+00:00,892.25,898.645,966.0142498779297,0.0,100000.0,60800.68143100507,0.0
2002-12-19 00:00:00+00:00,886.0,900.305,964.6717498779296,0.0,100000.0,60374.787052810854,0.0
2002-12-20 00:00:00+00:00,891.1099853515625,901.3621997070312,963.3485498046875,0.0,100000.0,60722.99729823248,0.0
2002-12-23 00:00:00+00:00,897.0,902.4571997070312,962.0405499267578,0.0,100000.0,61124.36115843266,0.0
2002-12-24 00:00:00+00:00,891.5,902.6121997070312,960.6617999267578,0.0,100000.0,60749.57410562176,0.0
2002-12-26 00:00:00+00:00,890.75,903.1721997070313,959.2442999267578,0.0,100000.0,60698.46678023846,0.0
2002-12-27 00:00:00+00:00,871.75,903.0321997070313,957.8417999267579,0.0,100000.0,59403.74787052807,0.0
2002-12-30 00:00:00+00:00,877.5,902.9171997070313,956.4655499267578,0.0,100000.0,59795.57069846674,0.0
2002-12-31 00:00:00+00:00,879.0,902.5221997070313,955.1117999267578,0.0,100000.0,59897.785349233345,0.0
2003-01-02 00:00:00+00:00,907.5,902.8421997070312,953.9717999267579,0.0,100000.0,61839.86371379893,0.0
2003-01-03 00:00:00+00:00,910.0,903.0771997070312,952.8092999267578,0.0,100000.0,62010.22146507661,0.0
2003-01-06 00:00:00+00:00,926.5,903.9971997070312,951.7167999267579,0.0,100000.0,63134.58262350932,0.0
2003-01-07 00:00:00+00:00,923.75,904.4971997070312,950.6117999267578,0.0,100000.0,62947.18909710386,0.0
2003-01-08 00:00:00+00:00,910.0,904.8621997070312,949.4392999267578,0.0,100000.0,62010.22146507661,0.0
2003-01-09 00:00:00+00:00,924.75,905.7271997070312,948.3705499267578,0.0,100000.0,63015.33219761494,0.0
2003-01-10 00:00:00+00:00,926.5,906.4621997070312,947.3517999267578,0.0,100000.0,63134.58262350932,0.0
2003-01-13 00:00:00+00:00,926.5,907.2821997070313,946.3542999267578,0.0,100000.0,63134.58262350932,0.0
2003-01-14 00:00:00+00:00,929.25,907.8971997070313,945.3730499267579,0.0,100000.0,63321.97614991476,0.0
2003-01-15 00:00:00+00:00,921.0,908.1671997070313,944.3380499267578,0.0,100000.0,62759.79557069841,0.0
2003-01-16 00:00:00+00:00,916.5,908.2171997070312,943.3180499267578,0.0,100000.0,62453.15161839857,0.0
2003-01-17 00:00:00+00:00,903.0,907.7621997070313,942.1717999267578,0.0,100000.0,61533.21976149908,0.0
2003-01-20 00:00:00+00:00,903.75,907.7821997070313,941.1705499267578,0.0,100000.0,61584.32708688238,0.0
2003-01-21 00:00:00+00:00,888.5,907.7221997070312,940.0530499267578,0.0,100000.0,60545.144804088515,0.0
2003-01-22 00:00:00+00:00,877.5,907.7171997070312,938.9192999267578,0.0,100000.0,59795.570698466705,0.0
2003-01-23 00:00:00+00:00,883.0,907.6821997070313,937.6855499267579,0.0,100000.0,60170.35775127762,0.0
2003-01-24 00:00:00+00:00,860.25,907.1721997070313,936.3467999267579,0.0,100000.0,58620.1022146507,0.0
2003-01-27 00:00:00+00:00,847.25,906.0671997070312,934.9680499267578,0.0,100000.0,57734.241908006756,0.0
2003-01-28 00:00:00+00:00,854.5,904.9771997070312,933.6080499267578,0.0,100000.0,58228.279386712034,0.0
2003-01-29 00:00:00+00:00,860.75,904.1921997070312,932.3692999267578,0.0,100000.0,58654.173764906234,0.0
2003-01-30 00:00:00+00:00,840.0,903.0321997070313,931.0555499267579,0.0,100000.0,57240.20442930147,0.0
2003-01-31 00:00:00+00:00,854.75,901.7521997070312,929.8705499267578,0.0,100000.0,58245.3151618398,0.0
2003-02-03 00:00:00+00:00,858.5,900.2121997070312,928.7005499267578,0.0,100000.0,58500.85178875633,0.0
2003-02-04 00:00:00+00:00,849.25,898.6221997070312,927.5905499267578,0.0,100000.0,57870.5281090289,0.0
2003-02-05 00:00:00+00:00,844.5,896.9171997070313,926.4880499267579,0.0,100000.0,57546.8483816013,0.0
2003-02-06 00:00:00+00:00,840.5,895.4971997070312,925.3105499267579,0.0,100000.0,57274.27597955701,0.0
2003-02-07 00:00:00+00:00,830.5,893.3521997070312,924.0217999267578,0.0,100000.0,56592.84497444628,0.0
2003-02-10 00:00:00+00:00,836.0,891.2821997070313,922.7780499267578,0.0,100000.0,56967.63202725719,0.0
2003-02-11 00:00:00+00:00,829.75,889.1571997070313,921.5617999267578,0.0,100000.0,56541.73764906298,0.0
2003-02-12 00:00:00+00:00,816.75,886.7871997070313,920.3867999267578,0.0,100000.0,55655.87734241904,0.0
2003-02-13 00:00:00+00:00,819.0,884.6921997070312,919.2442999267578,0.0,100000.0,55809.19931856895,0.0
2003-02-14 00:00:00+00:00,837.0,883.0521997070313,917.9992999267578,0.0,100000.0,57035.77512776826,0.0
2003-02-17 00:00:00+00:00,841.25,881.7071997070312,916.8342999267578,0.0,100000.0,57325.383304940326,0.0
2003-02-18 00:00:00+00:00,851.5,880.4621997070312,915.8217999267578,0.0,100000.0,58023.85008517882,0.0
2003-02-19 00:00:00+00:00,846.75,879.6071997070312,914.6780499267578,0.0,100000.0,57700.17035775122,0.0
2003-02-20 00:00:00+00:00,838.75,878.3421997070312,913.3805499267578,0.0,100000.0,57155.02555366264,0.0
2003-02-21 00:00:00+00:00,847.25,877.2421997070312,912.1455499267578,0.0,100000.0,57734.241908006756,0.0
2003-02-24 00:00:00+00:00,832.5,875.8521997070312,910.8130499267578,0.0,100000.0,56729.13117546843,0.0
2003-02-25 00:00:00+00:00,839.75,874.8971997070313,909.4855499267578,0.0,100000.0,57223.168654173714,0.0
2003-02-26 00:00:00+00:00,827.75,873.2471997070312,908.1567999267578,0.0,100000.0,56405.45144804085,0.0
2003-02-27 00:00:00+00:00,838.25,871.9571997070312,906.9342999267578,0.0,100000.0,57120.95400340711,0.0
2003-02-28 00:00:00+00:00,841.0,870.9321997070313,905.7142999267578,0.0,100000.0,57308.34752981256,0.0
2003-03-03 00:00:00+00:00,835.5,869.9221997070313,904.4092999267579,0.0,100000.0,56933.560477001665,0.0
2003-03-04 00:00:00+00:00,822.25,868.545,903.1080499267578,0.0,100000.0,56030.66439522994,0.0
2003-03-05 00:00:00+00:00,829.5,867.195,901.8280499267578,0.0,100000.0,56524.70187393522,0.0
2003-03-06 00:00:00+00:00,821.75,865.8,900.5542999267578,0.0,100000.0,55996.5928449744,0.0
2003-03-07 00:00:00+00:00,828.5,864.555,899.3555499267578,0.0,100000.0,56456.558773424134,0.0
2003-03-10 00:00:00+00:00,807.75,863.275,898.0667999267578,0.0,100000.0,55042.58943781937,0.0
2003-03-11 00:00:00+00:00,800.25,861.73,896.7480499267579,0.0,100000.0,54531.516183986314,0.0
2003-03-12 00:00:00+00:00,805.75,860.265,895.5842999267578,0.0,100000.0,54906.30323679722,0.0
2003-03-13 00:00:00+00:00,833.25,858.78,894.5405499267578,0.0,100000.0,56780.23850085173,0.0
2003-03-14 00:00:00+00:00,834.25,857.265,893.4592999267578,0.0,100000.0,56848.381601362795,0.0
2003-03-17 00:00:00+00:00,862.0,855.975,892.6217999267578,0.0,100000.0,58739.352640545076,0.0
2003-03-18 00:00:00+00:00,867.25,854.845,891.8167999267578,0.0,100000.0,59097.1039182282,0.0
2003-03-19 00:00:00+00:00,873.5,854.115,891.0230499267578,0.0,100000.0,59522.998296422404,0.0
2003-03-20 00:00:00+00:00,875.75,853.135,890.3317999267579,0.0,100000.0,59676.32027257232,0.0
2003-03-21 00:00:00+00:00,887.1599731445312,852.3481994628906,889.6650997924804,0.0,100000.0,60453.831219388754,0.0
2003-03-24 00:00:00+00:00,863.5,851.0881994628907,888.9300997924805,0.0,100000.0,58841.56729131167,0.0
2003-03-25 00:00:00+00:00,872.25,849.9481994628907,888.2463497924805,0.0,100000.0,59437.81942078357,0.0
2003-03-26 00:00:00+00:00,868.0,848.8881994628906,887.4100997924804,0.0,100000.0,59148.211243611506,0.0
2003-03-27 00:00:00+00:00,867.5,847.9081994628906,886.5238497924805,0.0,100000.0,59114.13969335597,0.0
2003-03-28 00:00:00+00:00,863.0,847.1081994628906,885.7413497924805,0.0,100000.0,58807.49574105615,0.0
2003-03-31 00:00:00+00:00,847.0,845.9731994628906,884.9438497924805,0.0,100000.0,57717.206132878986,0.0
2003-04-01 00:00:00+00:00,856.75,845.3381994628907,884.2375997924805,0.0,100000.0,58381.60136286195,0.0
2003-04-02 00:00:00+00:00,877.25,845.3331994628907,883.6400997924804,0.0,100000.0,59778.53492333894,0.0
2003-04-03 00:00:00+00:00,873.25,845.1381994628906,883.1338497924804,0.0,100000.0,59505.962521294656,0.0
2003-04-04 00:00:00+00:00,878.5,845.5031994628906,882.6525997924805,0.0,100000.0,59863.71379897778,0.0
2003-04-07 00:00:00+00:00,877.0,846.0981994628906,882.0788497924805,0.0,100000.0,59761.49914821117,0.0
2003-04-08 00:00:00+00:00,878.25,846.5731994628907,881.5300997924804,0.0,100000.0,59846.67802385002,0.0
2003-04-09 00:00:00+00:00,866.75,846.6931994628907,881.0188497924805,0.0,100000.0,59063.03236797268,0.0
2003-04-10 00:00:00+00:00,871.75,847.3281994628907,880.6388497924804,0.0,100000.0,59403.747870528045,0.0
2003-04-11 00:00:00+00:00,868.25,847.5981994628906,880.2150997924805,0.0,100000.0,59165.24701873929,0.0
2003-04-14 00:00:00+00:00,886.0,848.1481994628906,879.8825997924805,0.0,100000.0,60374.78705281084,0.0
2003-04-15 00:00:00+00:00,893.75,849.0381994628906,879.3963497924805,0.0,100000.0,60902.896081771665,0.0
2003-04-16 00:00:00+00:00,878.75,849.7231994628906,878.8988497924805,0.0,100000.0,59880.74957410556,0.0
2003-04-17 00:00:00+00:00,891.25,850.7381994628906,878.5813497924805,0.0,100000.0,60732.53833049398,0.0
2003-04-21 00:00:00+00:00,893.0,851.9881994628906,878.4525997924804,0.0,100000.0,60851.788756388356,0.0
2003-04-22 00:00:00+00:00,909.5,853.4581994628907,878.3650997924805,0.0,100000.0,61976.149914821064,0.0
2003-04-23 00:00:00+00:00,917.5,855.2131994628907,878.3688497924804,0.0,100000.0,62521.29471890966,0.0
2003-04-24 00:00:00+00:00,909.75,857.0731994628907,878.3150997924805,0.0,100000.0,61993.18568994885,0.0
2003-04-25 00:00:00+00:00,898.5,858.6631994628906,878.2913497924804,0.0,100000.0,61226.57580919928,0.0
2003-04-28 00:00:00+00:00,913.5,860.1931994628907,878.3363497924805,0.0,100000.0,62248.72231686538,0.0
2003-04-29 00:00:00+00:00,916.0,861.6881994628907,878.5388497924805,0.0,100000.0,62419.08006814306,0.0
2003-04-30 00:00:00+00:00,916.0,862.9781994628906,878.8963497924805,0.0,100000.0,62419.08006814306,0.0
2003-05-01 00:00:00+00:00,915.0,864.3431994628907,879.3763497924805,0.0,100000.0,62350.936967631984,0.0
2003-05-02 00:00:00+00:00,927.5,866.1181994628906,880.0325997924805,0.0,100000.0,63202.72572402039,0.0
2003-05-05 00:00:00+00:00,926.25,867.6981994628907,880.4400997924805,0.0,100000.0,63117.54684838156,0.0
2003-05-06 00:00:00+00:00,934.75,869.7431994628906,880.9313497924804,0.0,100000.0,63696.76320272567,0.0
2003-05-07 00:00:00+00:00,929.5,871.5381994628906,881.3150997924805,0.0,100000.0,63339.011925042534,0.0
2003-05-08 00:00:00+00:00,920.5,873.3931994628906,881.4500997924805,0.0,100000.0,62725.724020442874,0.0
2003-05-09 00:00:00+00:00,932.25,875.2731994628906,881.5838497924805,0.0,100000.0,63526.40545144799,0.0
2003-05-12 00:00:00+00:00,944.25,877.3381994628907,881.7650997924804,0.0,100000.0,64344.12265758087,0.0
2003-05-13 00:00:00+00:00,942.75,879.4831994628906,882.0600997924805,0.0,100000.0,64241.908006814265,0.0
2003-05-14 00:00:00+00:00,940.25,881.8431994628907,882.4413497924804,0.0,100000.0,64071.55025553658,0.0
2003-05-15 00:00:00+00:00,946.25,884.1781994628906,883.0038497924804,0.0,100000.0,64480.40885860301,0.0
2003-05-16 00:00:00+00:00,944.25,886.6281994628906,883.4163497924804,1.0,99788.63936591809,64344.12265758086,-0.0021136063408191408
2003-05-19 00:00:00+00:00,922.5,888.5081994628906,883.6475997924805,1.0,97490.0924702774,62862.01022146502,-0.02509907529722588
2003-05-20 00:00:00+00:00,919.25,890.7381994628906,883.7163497924805,1.0,97146.6314398943,62640.545144804026,-0.028533685601056957
2003-05-21 00:00:00+00:00,922.0,893.1731994628906,883.7875997924805,1.0,97437.25231175692,62827.938671209486,-0.025627476882430833
2003-05-22 00:00:00+00:00,930.75,895.6731994628906,883.9300997924805,1.0,98361.95508586527,63424.19080068138,-0.016380449141347397
2003-05-23 00:00:00+00:00,932.25,897.6531994628906,884.1638497924805,1.0,98520.47556142669,63526.40545144799,-0.014795244385733097
2003-05-26 00:00:00+00:00,934.5,899.6581994628906,884.2463497924805,1.0,98758.25627476884,63679.7274275979,-0.012417437252311592
2003-05-27 00:00:00+00:00,949.5,901.4081994628906,884.3438497924805,1.0,100343.4610303831,64701.873935264,0.0
2003-05-28 00:00:00+00:00,952.0,903.1031994628906,884.4663497924805,1.0,100607.66182298548,64872.23168654168,0.0
2003-05-29 00:00:00+00:00,949.25,904.6181994628906,884.4688497924805,1.0,100317.04095112286,64684.83816013623,-0.0028886554621848637
2003-05-30 00:00:00+00:00,963.25,906.3681994628906,884.5863497924805,1.0,101796.56538969619,65638.84156729127,0.0
2003-06-02 00:00:00+00:00,968.25,907.99,884.6675997924805,1.0,102324.96697490095,65979.55706984663,0.0
2003-06-03 00:00:00+00:00,972.25,910.165,884.7238497924805,1.0,102747.68824306475,66252.12947189092,0.0
2003-06-04 00:00:00+00:00,986.25,912.445,884.9513497924804,1.0,104227.21268163806,67206.13287904594,0.0
2003-06-05 00:00:00+00:00,990.75,914.9,885.1663497924804,1.0,104702.77410832234,67512.77683134578,0.0
2003-06-06 00:00:00+00:00,987.75,917.305,885.4238497924805,1.0,104385.73315719947,67308.34752981256,-0.003028009084027339
2003-06-09 00:00:00+00:00,977.0,919.585,885.7263497924805,1.0,103249.66974900925,66575.80919931852,-0.01387837496845834
2003-06-10 00:00:00+00:00,986.75,922.38,886.0775997924804,1.0,104280.05284015853,67240.20442930149,-0.004037345445369711
2003-06-11 00:00:00+00:00,997.25,925.19,886.5025997924805,1.0,105389.69616908854,67955.70698466778,0.0
2003-06-12 00:00:00+00:00,1000.5,927.655,886.9625997924804,1.0,105733.1571994716,68177.17206132876,0.0
2003-06-13 00:00:00+00:00,989.75,929.985,887.5225997924805,1.0,104597.0937912814,67444.63373083473,-0.010744627686156805
2003-06-16 00:00:00+00:00,1010.5,932.625,888.1225997924805,1.0,106789.96036988113,68858.6030664395,0.0
2003-06-17 00:00:00+00:00,1010.75,935.3,888.7600997924804,1.0,106816.38044914136,68875.63884156727,0.0
2003-06-18 00:00:00+00:00,1009.5,937.925,889.3338497924805,1.0,106684.28005284019,68790.45996592843,-0.001236705416769568
2003-06-19 00:00:00+00:00,995.25,940.495,889.8063497924804,1.0,105178.33553500664,67819.42078364565,-0.015335147167944374
2003-06-20 00:00:00+00:00,1001.5599975585938,943.0911999511719,890.2578997802734,1.0,105845.17807752645,68249.40358150552,-0.009092260639531169
2003-06-23 00:00:00+00:00,981.0,945.3461999511719,890.6341497802734,1.0,103672.39101717307,66848.38160136285,-0.029433588919119402
2003-06-24 00:00:00+00:00,981.5,947.2561999511719,891.0941497802735,1.0,103725.23117569354,66882.45315161838,-0.02893890675241162
2003-06-25 00:00:00+00:00,972.0,948.8211999511718,891.4966497802734,1.0,102721.26816380452,66235.09369676319,-0.03833786791986138
2003-06-26 00:00:00+00:00,983.5,950.9161999511718,891.9516497802734,1.0,103936.59180977546,67018.73935264052,-0.026960178085579822
2003-06-27 00:00:00+00:00,973.25,952.5561999511718,892.4566497802734,1.0,102853.36856010572,66320.27257240201,-0.03710116250309148
2003-06-30 00:00:00+00:00,973.25,954.1611999511719,893.0041497802735,1.0,102853.36856010572,66320.27257240201,-0.03710116250309148
2003-07-01 00:00:00+00:00,981.25,955.5961999511719,893.7016497802734,1.0,103698.81109643333,66865.4173764906,-0.02918624783576529
2003-07-02 00:00:00+00:00,993.0,957.1061999511719,894.4316497802735,1.0,104940.55482166451,67666.09880749571,-0.01756121691812984
2003-07-03 00:00:00+00:00,982.5,958.5611999511718,895.1753997802734,1.0,103830.91149273454,66950.59625212944,-0.027949542418995388
2003-07-07 00:00:00+00:00,1002.5,960.6411999511719,896.0841497802735,1.0,105944.51783355356,68313.45826235092,-0.008162255750679748
2003-07-08 00:00:00+00:00,1007.5,962.5211999511719,896.9153997802734,1.0,106472.91941875832,68654.17376490627,-0.00321543408360081
2003-07-09 00:00:00+00:00,1001.0,964.2211999511719,897.6478997802734,1.0,105785.99735799212,68211.24361158429,-0.00964630225080354
2003-07-10 00:00:00+00:00,988.75,965.6761999511718,898.4653997802734,1.0,104491.41347424047,67376.49063032365,-0.021766015335146882
2003-07-11 00:00:00+00:00,997.25,967.3211999511718,899.3766497802734,1.0,105389.69616908854,67955.70698466776,-0.01335641850111291
2003-07-14 00:00:00+00:00,1002.75,968.8261999511719,900.1178997802734,1.0,105970.93791281378,68330.49403747867,-0.007914914667325967
2003-07-15 00:00:00+00:00,1001.0,970.3211999511718,900.9691497802735,1.0,105785.99735799212,68211.24361158429,-0.00964630225080354
2003-07-16 00:00:00+00:00,995.0,971.5261999511719,901.8441497802735,1.0,105151.9154557464,67802.38500851786,-0.015582488251298265
2003-07-17 00:00:00+00:00,980.75,972.5511999511718,902.7178997802735,1.0,103645.97093791286,66831.34582623506,-0.02968093000247307
2003-07-18 00:00:00+00:00,990.5,973.9511999511719,903.7278997802734,1.0,104676.35402906213,67495.74105621802,-0.02003462775166931
2003-07-21 00:00:00+00:00,978.0,974.8661999511719,904.6153997802735,1.0,103355.35006605023,66643.9522998296,-0.032401681919366654
2003-07-22 00:00:00+00:00,986.75,975.7161999511719,905.6578997802734,1.0,104280.05284015856,67240.20442930149,-0.023744744001978457
2003-07-23 00:00:00+00:00,987.5,976.6111999511719,906.5803997802734,1.0,104359.31307793927,67291.3117546848,-0.023002720751916672
2003-07-24 00:00:00+00:00,980.25,977.4111999511719,907.2903997802734,1.0,103593.13077939238,66797.27427597951,-0.030175612169181076
2003-07-25 00:00:00+00:00,996.75,978.4211999511718,908.0628997802735,1.0,105336.85601056808,67921.63543441222,-0.013851100667820582
2003-07-28 00:00:00+00:00,994.0,979.4161999511718,908.6141497802735,1.0,105046.23513870545,67734.24190800676,-0.016571852584714164
2003-07-29 00:00:00+00:00,989.0,980.7461999511719,909.2453997802735,1.0,104517.8335535007,67393.5264054514,-0.02151867425179288
2003-07-30 00:00:00+00:00,986.5,982.0911999511719,909.7841497802734,1.0,104253.63276089831,67223.16865417371,-0.02399208508533257
2003-07-31 00:00:00+00:00,989.25,983.4361999511718,910.3141497802734,1.0,104544.25363276094,67410.56218057917,-0.02127133316843899
2003-08-01 00:00:00+00:00,979.5,984.4111999511719,910.7178997802735,1.0,103513.87054161167,66746.1669505962,-0.03091763541924286
2003-08-04 00:00:00+00:00,980.25,985.3711999511719,911.1616497802735,1.0,103593.13077939238,66797.27427597951,-0.030175612169181076
2003-08-05 00:00:00+00:00,959.5,985.8711999511719,911.4678997802735,1.0,101400.26420079265,65383.30494037474,-0.05070492208755839
2003-08-06 00:00:00+00:00,965.0,986.1811999511718,911.8903997802735,1.0,101981.50594451786,65758.09199318565,-0.04526341825377178
2003-08-07 00:00:00+00:00,974.5,986.6311999511719,912.2691497802734,1.0,102985.4689564069,66405.45144804083,-0.03586445708632191
2003-08-08 00:00:00+00:00,978.0,987.2061999511719,912.7003997802734,1.0,103355.35006605022,66643.95229982957,-0.032401681919366765
2003-08-11 00:00:00+00:00,981.25,987.5661999511718,913.1991497802734,1.0,103698.8110964333,66865.41737649057,-0.02918624783576551
2003-08-12 00:00:00+00:00,990.0,988.0011999511719,913.7003997802734,1.0,104623.51387054163,67461.66950596245,-0.020529309918377425
2003-08-13 00:00:00+00:00,984.75,988.2511999511719,914.1966497802734,1.0,104068.69220607664,67103.91822827932,-0.025723472668810254
2003-08-14 00:00:00+00:00,987.75,988.2811999511719,914.6428997802734,1.0,104385.7331571995,67308.34752981256,-0.02275537966856278
2003-08-15 00:00:00+00:00,990.5,988.2761999511719,915.0578997802735,1.0,104676.35402906213,67495.741056218,-0.02003462775166931
2003-08-18 00:00:00+00:00,998.75,988.4961999511719,915.4816497802734,1.0,105548.21664464995,68057.92163543435,-0.01187237200098934
2003-08-19 00:00:00+00:00,1003.0,989.0161999511719,915.8678997802734,1.0,105997.35799207397,68347.5298126064,-0.007667573583972409
2003-08-20 00:00:00+00:00,999.0,989.2611999511719,916.3491497802735,1.0,105574.63672391017,68074.95741056211,-0.01162503091763556
2003-08-21 00:00:00+00:00,1002.0,989.3561999511719,916.9016497802735,1.0,105891.67767503303,68279.38671209534,-0.008656937917388197
2003-08-22 00:00:00+00:00,992.5,989.1961999511718,917.4753997802734,1.0,104887.714663144,67632.02725724014,-0.018055899084838067
2003-08-25 00:00:00+00:00,993.75,989.2761999511719,918.0203997802735,1.0,105019.81505944517,67717.20613287899,-0.0168191936680685
2003-08-26 00:00:00+00:00,995.5,988.9761999511719,918.5691497802734,1.0,105204.75561426683,67836.45655877335,-0.015087806084590927
2003-08-27 00:00:00+00:00,995.75,988.6761999511718,919.0353997802735,1.0,105231.17569352707,67853.49233390111,-0.014840465001236924
2003-08-28 00:00:00+00:00,1001.25,988.5111999511719,919.4966497802734,1.0,105812.41743725231,68228.27938671203,-0.009398961167450093
2003-08-29 00:00:00+00:00,1007.75,988.7611999511719,920.0353997802735,1.0,106499.33949801848,68671.209540034,-0.0029680930002475847
2003-09-01 00:00:00+00:00,1012.0,988.97,920.6053997802734,1.0,106948.48084544252,68960.81771720607,0.0
2003-09-02 00:00:00+00:00,1022.0,989.79,921.1216497802734,1.0,108005.28401585203,69642.2487223168,0.0
2003-09-03 00:00:00+00:00,1027.0,990.7,921.5791497802734,1.0,108533.6856010568,69982.96422487216,0.0
2003-09-04 00:00:00+00:00,1028.25,991.825,922.0766497802734,1.0,108665.78599735799,70068.14310051102,0.0
2003-09-05 00:00:00+00:00,1022.25,992.6,922.5391497802734,1.0,108031.70409511229,69659.28449744459,-0.005835156819839482
2003-09-08 00:00:00+00:00,1030.5,993.745,923.1341497802734,1.0,108903.56671070014,70221.46507666094,0.0
2003-09-09 00:00:00+00:00,1024.0,994.76,923.5653997802734,1.0,108216.64464993395,69778.53492333896,-0.006307617661329479
2003-09-10 00:00:00+00:00,1013.5,995.405,923.9353997802734,1.0,107107.00132100398,69063.0323679727,-0.0164968461911692
2003-09-11 00:00:00+00:00,1016.75,995.88,924.3391497802735,1.0,107450.46235138706,69284.49744463369,-0.013343037360504573
2003-09-12 00:00:00+00:00,1018.0,996.59,924.7528997802734,1.0,107582.56274768827,69369.67632027253,-0.012130033964094955
2003-09-15 00:00:00+00:00,1014.5,996.83,925.2066497802734,1.0,107212.68163804493,69131.17546848378,-0.01552644347404164
2003-09-16 00:00:00+00:00,1029.5,997.27,925.7591497802734,1.0,108797.8863936592,70153.32197614988,-0.0009704027171275609
2003-09-17 00:00:00+00:00,1027.25,997.795,926.3528997802734,1.0,108560.10568031706,69999.99999999996,-0.0031538088306645173
2003-09-18 00:00:00+00:00,1039.25,998.805,926.9803997802734,1.0,109828.26948480848,70817.71720613283,0.0
2003-09-19 00:00:00+00:00,1039.5999755859375,999.6519995117187,927.7308996582032,1.0,109865.25501568694,70841.5656276618,0.0
2003-09-22 00:00:00+00:00,1021.25,1000.0219995117187,928.3271496582031,1.0,107926.02377807135,69591.14139693353,-0.017650996553357112
2003-09-23 00:00:00+00:00,1025.5,1000.5119995117187,928.9433996582031,1.0,108375.16512549539,69880.74957410559,-0.013562885645500788
2003-09-24 00:00:00+00:00,1007.25,1000.7569995117187,929.4696496582031,1.0,106446.49933949804,68637.1379897785,-0.03111771483806014
2003-09-25 00:00:00+00:00,997.75,1001.0969995117188,930.0208996582031,1.0,105442.536327609,67989.7785349233,-0.04025584510267999
2003-09-26 00:00:00+00:00,994.5,1001.1769995117188,930.4421496582031,1.0,105099.0752972259,67768.31345826232,-0.043382047561629
2003-09-29 00:00:00+00:00,1004.25,1001.7019995117188,930.9496496582032,1.0,106129.45838837518,68432.70868824529,-0.034003440184782296
2003-09-30 00:00:00+00:00,994.0,1001.8469995117188,931.4583996582031,1.0,105046.23513870544,67734.24190800678,-0.04386300178608271
2003-10-01 00:00:00+00:00,1016.5,1002.4269995117188,932.1108996582032,1.0,107424.04227212683,69267.46166950592,-0.022220061685667147
2003-10-02 00:00:00+00:00,1019.5,1003.2119995117188,932.7528497314453,1.0,107741.08322324969,69471.89097103915,-0.01933433633894499
2003-10-03 00:00:00+00:00,1028.5,1003.8469995117188,933.4103497314453,1.0,108692.20607661824,70085.17887563881,-0.010677160298778743
2003-10-06 00:00:00+00:00,1033.5,1004.6369995117187,934.1203497314453,1.0,109220.607661823,70425.89437819416,-0.005867618054241963
2003-10-07 00:00:00+00:00,1037.25,1005.6019995117188,934.8528497314453,1.0,109616.90885072657,70681.4310051107,-0.0022604613708393506
2003-10-08 00:00:00+00:00,1035.0,1006.5719995117188,935.6690997314453,1.0,109379.12813738444,70528.10902896078,-0.004424755380880829
2003-10-09 00:00:00+00:00,1038.5,1007.5569995117188,936.4740997314453,1.0,109749.00924702777,70766.60988074954,-0.0010580758097049614
2003-10-10 00:00:00+00:00,1040.5,1008.7769995117187,937.2815997314453,1.0,109960.36988110968,70902.89608177169,0.0
2003-10-13 00:00:00+00:00,1044.5,1010.0619995117188,937.9665997314453,1.0,110383.09114927349,71175.46848381599,0.0
2003-10-14 00:00:00+00:00,1047.5,1011.8219995117188,938.6540997314453,1.0,110700.13210039635,71379.89778534921,0.0
2003-10-15 00:00:00+00:00,1044.5,1013.4119995117187,939.2440997314453,1.0,110383.09114927349,71175.46848381599,-0.0028639618138426304
2003-10-16 00:00:00+00:00,1049.25,1014.9069995117187,939.8715997314453,1.0,110885.07265521801,71499.14821124358,0.0
2003-10-17 00:00:00+00:00,1037.75,1016.1019995117188,940.5103497314453,1.0,109669.74900924707,70715.50255536624,-0.010960209673576471
2003-10-20 00:00:00+00:00,1045.25,1017.3819995117187,941.1128497314453,1.0,110462.35138705421,71226.5758091993,-0.0038122468429830914
2003-10-21 00:00:00+00:00,1043.5,1018.4519995117188,941.6978497314453,1.0,110277.41083223255,71107.32538330492,-0.00548010483678818
2003-10-22 00:00:00+00:00,1030.5,1019.3669995117187,942.2178497314453,1.0,108903.56671070018,70221.46507666096,-0.01786990707648317
2003-10-23 00:00:00+00:00,1028.5,1020.1819995117188,942.7140997314453,1.0,108692.20607661827,70085.17887563881,-0.019776030497974828
2003-10-24 00:00:00+00:00,1030.0,1020.9719995117188,943.2590997314453,1.0,108850.72655217971,70187.39352640543,-0.018346437931856086
2003-10-27 00:00:00+00:00,1030.75,1021.6119995117188,943.8303497314453,1.0,108929.98678996041,70238.50085178873,-0.017631641648796825
2003-10-28 00:00:00+00:00,1044.75,1022.4469995117188,944.5390997314453,1.0,110409.51122853372,71192.50425894375,-0.0042887776983560055
2003-10-29 00:00:00+00:00,1046.25,1023.3919995117187,945.2515997314454,1.0,110568.03170409518,71294.71890971037,-0.002859185132237152
2003-10-30 00:00:00+00:00,1048.5,1024.3219995117188,946.0515997314453,1.0,110805.81241743732,71448.0408858603,-0.0007147962830591492
2003-10-31 00:00:00+00:00,1049.5,1025.4619995117187,946.9115997314453,1.0,110911.49273447826,71516.18398637137,0.0
2003-11-03 00:00:00+00:00,1054.25,1026.6719995117187,947.7678497314453,1.0,111413.47424042279,71839.86371379899,0.0
2003-11-04 00:00:00+00:00,1052.25,1027.8069995117187,948.7278497314453,1.0,111202.11360634089,71703.57751277684,-0.001897083234526864
2003-11-05 00:00:00+00:00,1053.5,1028.9619995117187,949.7590997314453,1.0,111334.21400264207,71788.75638841567,-0.0007114062129476295
2003-11-06 00:00:00+00:00,1058.5,1030.1069995117186,950.7790997314453,1.0,111862.61558784683,72129.47189097104,0.0
2003-11-07 00:00:00+00:00,1050.5,1030.9619995117187,951.7278497314453,1.0,111017.17305151922,71584.32708688245,-0.0075578649031649014
2003-11-10 00:00:00+00:00,1046.25,1031.6469995117188,952.7590997314453,1.0,110568.03170409518,71294.71890971038,-0.011572980632971186
2003-11-11 00:00:00+00:00,1045.75,1032.1219995117187,953.7140997314453,1.0,110515.1915455747,71260.64735945486,-0.012045347189419076
2003-11-12 00:00:00+00:00,1057.0,1032.7219995117186,954.7065997314453,1.0,111704.0951122854,72027.25724020443,-0.0014170996693434468
2003-11-13 00:00:00+00:00,1058.0,1033.3169995117187,955.7503497314453,1.0,111809.77542932636,72095.40034071551,-0.0004723665564477786
2003-11-14 00:00:00+00:00,1049.0,1033.8519995117188,956.7728497314453,1.0,110858.65257595779,71482.11243611586,-0.008974964572508237
2003-11-17 00:00:00+00:00,1043.5,1034.1119995117188,957.7878497314454,1.0,110277.41083223256,71107.32538330494,-0.014170996693434024
2003-11-18 00:00:00+00:00,1032.75,1034.2869995117187,958.7990997314453,1.0,109141.34742404234,70374.7870528109,-0.024326877657061874
2003-11-19 00:00:00+00:00,1041.0,1034.8369995117187,959.8240997314454,1.0,110013.21003963018,70936.96763202726,-0.01653282947567314
2003-11-20 00:00:00+00:00,1032.0,1035.1419995117187,960.8353497314453,1.0,109062.08718626162,70323.6797274276,-0.025035427491733597
2003-11-21 00:00:00+00:00,1036.25,1035.5069995117187,961.9328497314453,1.0,109511.22853368567,70613.28790459967,-0.021020311761927202
2003-11-24 00:00:00+00:00,1049.5,1036.2069995117188,963.0853497314453,1.0,110911.49273447826,71516.18398637138,-0.008502598016060459
2003-11-25 00:00:00+00:00,1053.25,1036.6819995117187,964.1665997314453,1.0,111307.79392338182,71771.72061328791,-0.004959848842702064
2003-11-26 00:00:00+00:00,1056.75,1037.2719995117188,965.2440997314453,1.0,111677.67503302515,72010.22146507667,-0.0016532829475673916
2003-11-27 00:00:00+00:00,1059.0,1037.6669995117188,966.2815997314453,1.0,111915.4557463673,72163.54344122659,0.0
2003-11-28 00:00:00+00:00,1057.75,1038.03,967.3365997314453,1.0,111783.35535006612,72078.36456558773,-0.0011803588290839606
2003-12-01 00:00:00+00:00,1069.0,1038.985,968.4878497314453,1.0,112972.2589167768,72844.9744463373,0.0
2003-12-02 00:00:00+00:00,1067.0,1039.815,969.5865997314453,1.0,112760.89828269489,72708.68824531516,-0.00187090739008422
2003-12-03 00:00:00+00:00,1065.0,1040.97,970.7490997314453,1.0,112549.537648613,72572.40204429302,-0.003741814780168329
2003-12-04 00:00:00+00:00,1069.5,1042.405,971.8978497314453,1.0,113025.09907529727,72879.04599659285,0.0
2003-12-05 00:00:00+00:00,1062.25,1043.76,973.0703497314453,1.0,112258.91677675037,72385.00851788757,-0.0067788686302010515
2003-12-08 00:00:00+00:00,1069.0,1045.055,974.2240997314453,1.0,112972.2589167768,72844.97444633732,-0.0004675081813930726
2003-12-09 00:00:00+00:00,1060.5,1046.385,975.3215997314453,1.0,112073.97622192872,72265.7580919932,-0.008415147265077083
2003-12-10 00:00:00+00:00,1060.75,1047.27,976.4478497314453,1.0,112100.39630118896,72282.79386712096,-0.008181393174380491
2003-12-11 00:00:00+00:00,1072.25,1048.325,977.6978497314453,1.0,113315.7199471599,73066.4395229983,0.0
2003-12-12 00:00:00+00:00,1074.25,1049.24,978.9215997314453,1.0,113527.08058124181,73202.72572402046,0.0
2003-12-15 00:00:00+00:00,1068.75,1049.945,980.1565997314453,1.0,112945.83883751658,72827.93867120956,-0.005119851058878244
2003-12-16 00:00:00+00:00,1075.0,1050.7,981.3890997314453,1.0,113606.34081902252,73253.83304940377,0.0
2003-12-17 00:00:00+00:00,1077.5,1051.55,982.7378497314453,1.0,113870.54161162491,73424.19080068145,0.0
2003-12-18 00:00:00+00:00,1090.75,1052.595,984.1903497314453,1.0,115270.80581241751,74327.08688245315,0.0
2003-12-19 00:00:00+00:00,1091.6099853515625,1053.6171997070312,985.6196496582031,1.0,115361.6893370212,74385.68895070272,0.0
2003-12-22 00:00:00+00:00,1092.75,1054.5821997070314,986.9171496582031,1.0,115482.1664464994,74463.37308347531,0.0
2003-12-23 00:00:00+00:00,1093.5,1055.5021997070312,988.2133996582031,1.0,115561.42668428012,74514.48040885861,0.0
2003-12-24 00:00:00+00:00,1093.0,1056.4721997070312,989.3683996582031,1.0,115508.58652575963,74480.40885860307,-0.00045724737082775135
2003-12-26 00:00:00+00:00,1093.5,1057.3571997070312,990.4996496582031,1.0,115561.42668428013,74514.48040885861,0.0
2003-12-29 00:00:00+00:00,1107.75,1058.7571997070313,991.6708996582031,1.0,117067.3712021137,75485.5195911414,0.0
2003-12-30 00:00:00+00:00,1107.75,1060.0071997070313,992.8308996582032,1.0,117067.3712021137,75485.5195911414,0.0
2003-12-31 00:00:00+00:00,1110.5,1061.3471997070312,993.9475997924804,1.0,117357.99207397632,75672.91311754686,0.0
2004-01-02 00:00:00+00:00,1109.0,1062.9171997070312,995.1750997924805,1.0,117199.47159841491,75570.69846678025,-0.0013507429085996003
2004-01-05 00:00:00+00:00,1120.0,1064.7471997070313,996.4138497924805,1.0,118361.95508586538,76320.27257240206,0.0
2004-01-06 00:00:00+00:00,1122.0,1066.5871997070312,997.6838497924805,1.0,118573.31571994726,76456.55877342421,0.0
2004-01-07 00:00:00+00:00,1125.5,1068.4821997070312,998.9738497924805,1.0,118943.1968295906,76695.05962521298,0.0
2004-01-08 00:00:00+00:00,1129.5,1070.1771997070311,1000.3063497924804,1.0,119365.9180977544,76967.63202725728,0.0
2004-01-09 00:00:00+00:00,1120.0,1071.6521997070313,1001.6713497924804,1.0,118361.95508586538,76320.27257240209,-0.008410801239486343
2004-01-12 00:00:00+00:00,1128.25,1073.2471997070313,1003.0288497924805,1.0,119233.81770145323,76882.45315161844,-0.0011066843736164955
2004-01-13 00:00:00+00:00,1121.25,1074.6821997070313,1004.2488497924804,1.0,118494.05548216659,76405.45144804093,-0.007304116865869625
2004-01-14 00:00:00+00:00,1131.25,1076.2221997070312,1005.5388497924805,1.0,119550.85865257609,77086.88245315164,0.0
2004-01-15 00:00:00+00:00,1133.25,1077.8421997070313,1006.8125997924805,1.0,119762.219286658,77223.1686541738,0.0
2004-01-16 00:00:00+00:00,1138.0,1079.5321997070312,1008.1175997924805,1.0,120264.20079260251,77546.84838160139,0.0
2004-01-19 00:00:00+00:00,1136.25,1081.0871997070312,1009.4075997924805,1.0,120079.26023778087,77427.59795570702,-0.0015377855887520608
2004-01-20 00:00:00+00:00,1137.5,1082.8271997070312,1010.7613497924805,1.0,120211.36063408204,77512.77683134585,-0.0004393673110719698
2004-01-21 00:00:00+00:00,1146.0,1084.8221997070314,1012.1325997924805,1.0,121109.64332893015,78091.99318569,0.0
2004-01-22 00:00:00+00:00,1144.0,1086.7871997070313,1013.5113497924805,1.0,120898.28269484825,77955.70698466785,-0.0017452006980802626
2004-01-23 00:00:00+00:00,1140.25,1088.4521997070312,1014.7825997924805,1.0,120501.98150594468,77700.17035775133,-0.005017452006980783
2004-01-26 00:00:00+00:00,1154.25,1090.3771997070312,1016.0850997924805,1.0,121981.505944518,78654.17376490636,0.0
2004-01-27 00:00:00+00:00,1142.5,1092.2471997070313,1017.4038497924805,1.0,120739.76221928681,77853.49233390125,-0.01017977041368856
2004-01-28 00:00:00+00:00,1129.25,1093.9621997070312,1018.5938497924805,1.0,119339.49801849421,76950.59625212952,-0.021659085986571402
2004-01-29 00:00:00+00:00,1130.25,1095.9121997070313,1019.7800997924804,1.0,119445.17833553517,77018.73935264058,-0.02079272254710851
2004-01-30 00:00:00+00:00,1130.0,1097.6921997070312,1020.8825997924805,1.0,119418.75825627493,77001.70357751282,-0.021009313406974206
2004-02-02 00:00:00+00:00,1134.5,1099.7421997070312,1021.9675997924804,1.0,119894.3196829592,77308.34752981264,-0.01711067792939136
2004-02-03 00:00:00+00:00,1133.0,1101.6771997070311,1023.0838497924805,1.0,119735.79920739778,77206.13287904604,-0.018410223088585642
2004-02-04 00:00:00+00:00,1124.0,1103.1671997070312,1024.2113497924804,1.0,118784.67635402923,76592.84497444639,-0.026207494043751223
2004-02-05 00:00:00+00:00,1126.5,1104.6321997070313,1025.2763497924805,1.0,119048.8771466316,76763.20272572406,-0.02404158544509427
2004-02-06 00:00:00+00:00,1139.0,1106.2771997070313,1026.3913497924805,1.0,120369.88110964348,77614.99148211247,-0.013212042451808625
2004-02-09 00:00:00+00:00,1140.0,1107.8971997070312,1027.5113497924804,1.0,120475.56142668443,77683.13458262353,-0.012345679012345734
2004-02-10 00:00:00+00:00,1143.25,1109.6071997070312,1028.6525997924805,1.0,120819.02245706752,77904.59965928452,-0.009529997834091475
2004-02-11 00:00:00+00:00,1155.25,1111.3321997070314,1029.7913497924806,1.0,122087.18626155895,78722.3168654174,0.0
2004-02-12 00:00:00+00:00,1151.0,1113.0121997070312,1030.9150997924805,1.0,121638.04491413491,78432.70868824533,-0.003678857390175261
2004-02-13 00:00:00+00:00,1145.75,1114.6271997070312,1031.9700997924804,1.0,121083.22324966991,78074.9574105622,-0.00822332828392125
2004-02-16 00:00:00+00:00,1148.0,1116.1971997070314,1033.0625997924806,1.0,121321.00396301204,78228.27938671212,-0.006275697900887334
2004-02-17 00:00:00+00:00,1156.5,1118.0821997070314,1034.2425997924804,1.0,122219.28665786012,78807.49574105625,0.0
2004-02-18 00:00:00+00:00,1151.25,1119.7271997070313,1035.3375997924804,1.0,121664.46499339514,78449.7444633731,-0.004539559014267058
2004-02-19 00:00:00+00:00,1147.25,1121.4621997070312,1036.3525997924805,1.0,121241.74372523134,78177.17206132882,-0.007998270644184902
2004-02-20 00:00:00+00:00,1143.75,1123.1221997070313,1037.3575997924804,1.0,120871.862615588,77938.67120954006,-0.011024643320363126
2004-02-23 00:00:00+00:00,1140.25,1124.4821997070312,1038.3575997924804,1.0,120501.98150594467,77700.1703577513,-0.014051015996541238
2004-02-24 00:00:00+00:00,1138.5,1125.7671997070313,1039.3188497924805,1.0,120317.040951123,77580.91993185692,-0.015564202334630406
2004-02-25 00:00:00+00:00,1143.0,1127.2521997070312,1040.3125997924806,1.0,120792.60237780727,77887.56388415674,-0.011673151750972832
2004-02-26 00:00:00+00:00,1143.25,1128.6171997070312,1041.4163497924806,1.0,120819.0224570675,77904.5996592845,-0.011456982274102967
2004-02-27 00:00:00+00:00,1144.5,1129.9571997070314,1042.5425997924804,1.0,120951.12285336871,77989.77853492335,-0.01037613488975353
2004-03-01 00:00:00+00:00,1155.5,1131.2521997070312,1043.7100997924804,1.0,122113.60634081918,78739.35264054516,-0.0008646779074793498
2004-03-02 00:00:00+00:00,1149.0,1132.4,1044.8013497924806,1.0,121426.68428005298,78296.42248722319,-0.006485084306096067
2004-03-03 00:00:00+00:00,1150.75,1133.56,1045.8938497924805,1.0,121611.62483487466,78415.67291311757,-0.0049718979680069
2004-03-04 00:00:00+00:00,1154.25,1134.775,1046.9925997924804,1.0,121981.50594451798,78654.17376490631,-0.0019455252918287869
2004-03-05 00:00:00+00:00,1157.75,1136.07,1048.0338497924804,1.0,122351.38705416131,78892.67461669508,0.0
2004-03-08 00:00:00+00:00,1144.0,1137.08,1048.9938497924804,1.0,120898.28269484821,77955.70698466782,-0.011876484560570222
2004-03-09 00:00:00+00:00,1139.5,1137.715,1049.9450997924805,1.0,120422.72126816394,77649.06303236798,-0.01576333405312047
2004-03-10 00:00:00+00:00,1120.25,1137.965,1050.7300997924804,1.0,118388.37516512562,76337.30834752982,-0.032390412437918625
2004-03-11 00:00:00+00:00,1105.5,1137.865,1051.4163497924806,1.0,116829.5904887716,75332.1976149915,-0.04513064133016631
2004-03-12 00:00:00+00:00,1119.25,1138.07,1052.1513497924805,1.0,118282.69484808466,76269.16524701874,-0.03325415676959642
2004-03-15 00:00:00+00:00,1106.25,1137.795,1052.7513497924804,1.0,116908.85072655231,75383.3049403748,-0.04448283308140799
2004-03-16 00:00:00+00:00,1111.5,1137.585,1053.3550997924804,1.0,117463.67239101729,75741.05621805793,-0.039948175340099534
2004-03-17 00:00:00+00:00,1123.75,1137.55,1054.0350997924804,1.0,118758.25627476895,76575.80919931857,-0.029367307277046173
2004-03-18 00:00:00+00:00,1124.25,1137.445,1054.7713497924806,1.0,118811.09643328944,76609.8807495741,-0.02893543511120722
2004-03-19 00:00:00+00:00,1120.1800537109375,1137.4486010742187,1055.4385000610353,1.0,118380.98321912167,76332.54199052387,-0.032450828148618105
2004-03-22 00:00:00+00:00,1093.25,1136.7486010742186,1055.918500061035,1.0,115535.00660501994,74497.44463373085,-0.05571150939321978
2004-03-23 00:00:00+00:00,1091.25,1136.1486010742187,1056.3722500610352,1.0,115323.64597093803,74361.15843270869,-0.057438998056575485
2004-03-24 00:00:00+00:00,1091.5,1135.3536010742187,1056.8810000610351,1.0,115350.06605019826,74378.19420783647,-0.05722306197365601
2004-03-25 00:00:00+00:00,1106.0,1134.8086010742188,1057.358500061035,1.0,116882.43064729207,75366.26916524704,-0.04469876916432747
2004-03-26 00:00:00+00:00,1106.0,1134.1686010742187,1057.8347500610353,1.0,116882.43064729207,75366.26916524704,-0.04469876916432747
2004-03-29 00:00:00+00:00,1121.75,1133.8786010742188,1058.3960000610352,1.0,118546.89564068706,76439.52299829645,-0.031094795940401765
2004-03-30 00:00:00+00:00,1126.0,1133.6486010742187,1059.0497500610352,1.0,118996.0369881111,76729.1311754685,-0.027423882530770993
2004-03-31 00:00:00+00:00,1125.0,1133.2286010742187,1059.666950073242,1.0,118890.35667107016,76660.98807495742,-0.02828762686244879
2004-04-01 00:00:00+00:00,1133.5,1133.0186010742189,1060.4294500732422,1.0,119788.63936591824,77240.20442930155,-0.020945800043187357
2004-04-02 00:00:00+00:00,1142.0,1133.0536010742187,1061.2319500732422,1.0,120686.92206076632,77819.42078364566,-0.013603973223925814
2004-04-05 00:00:00+00:00,1148.25,1132.9336010742188,1062.1132000732423,1.0,121347.42404227228,78245.31516183988,-0.00820557115093934
2004-04-06 00:00:00+00:00,1144.75,1132.9786010742187,1062.9194500732422,1.0,120977.54293262894,78006.81431005112,-0.01122867631181168
2004-04-07 00:00:00+00:00,1142.25,1133.2386010742186,1063.7644500732422,1.0,120713.34214002658,77836.45655877344,-0.013388037141006226
2004-04-08 00:00:00+00:00,1139.5,1133.4236010742188,1064.5957000732421,1.0,120422.72126816395,77649.06303236798,-0.01576333405312036
2004-04-12 00:00:00+00:00,1144.0,1133.7036010742188,1065.4094500732422,1.0,120898.28269484825,77955.70698466782,-0.011876484560569889
2004-04-13 00:00:00+00:00,1128.25,1133.5786010742188,1066.0857000732422,1.0,119233.81770145327,76882.4531516184,-0.02548045778449559
2004-04-14 00:00:00+00:00,1129.75,1133.5136010742187,1066.821950073242,1.0,119392.3381770147,76984.66780238503,-0.024184841286978953
2004-04-15 00:00:00+00:00,1125.0,1133.5336010742187,1067.4344500732423,1.0,118890.35667107017,76660.98807495742,-0.028287626862448678
2004-04-16 00:00:00+00:00,1134.0,1133.6836010742188,1068.0669500732422,1.0,119841.47952443874,77274.27597955709,-0.02051392787734818
2004-04-19 00:00:00+00:00,1133.75,1133.5786010742188,1068.7307000732421,1.0,119815.0594451785,77257.24020442931,-0.020729863960267658
2004-04-20 00:00:00+00:00,1114.5,1133.0686010742188,1069.3594500732422,1.0,117780.71334214018,75945.48551959115,-0.03735694234506581
2004-04-21 00:00:00+00:00,1122.5,1132.6536010742188,1069.9857000732422,1.0,118626.15587846776,76490.63032367972,-0.030446987691643446
2004-04-22 00:00:00+00:00,1136.75,1132.2836010742187,1070.655700073242,1.0,120132.10039630134,77461.66950596252,-0.01813863096523427
2004-04-23 00:00:00+00:00,1139.5,1132.0536010742187,1071.3482000732422,1.0,120422.72126816395,77649.06303236798,-0.01576333405312036
2004-04-26 00:00:00+00:00,1138.0,1131.8986010742187,1072.0632000732421,1.0,120264.20079260251,77546.84838160138,-0.01705895055063711
2004-04-27 00:00:00+00:00,1138.0,1131.6986010742187,1072.8494500732422,1.0,120264.20079260251,77546.84838160138,-0.01705895055063711
2004-04-28 00:00:00+00:00,1123.5,1131.0386010742188,1073.5144500732422,1.0,118731.83619550872,76558.7734241908,-0.02958324335996554
2004-04-29 00:00:00+00:00,1114.0,1130.2936010742187,1074.1944500732423,1.0,117727.87318361968,75911.41396933561,-0.03778881451090488
2004-04-30 00:00:00+00:00,1106.0,1129.4686010742187,1074.790700073242,1.0,116882.43064729207,75366.26916524702,-0.04469876916432747
2004-05-03 00:00:00+00:00,1116.0,1128.9136010742188,1075.4332000732422,1.0,117939.23381770158,76047.70017035776,-0.036061325847549286
2004-05-04 00:00:00+00:00,1115.5,1128.4186010742187,1076.1094500732422,1.0,117886.39365918109,76013.62862010223,-0.03649319801338824
2004-05-05 00:00:00+00:00,1122.0,1128.0886010742188,1076.7357000732422,1.0,118573.31571994726,76456.5587734242,-0.03087885985748251
2004-05-06 00:00:00+00:00,1113.0,1127.4886010742186,1077.3307000732423,1.0,117622.19286657871,75843.27086882455,-0.038652558842582896
2004-05-07 00:00:00+00:00,1095.5,1126.5336010742187,1077.8632000732423,1.0,115772.78731836207,74650.76660988075,-0.053768084646944714
2004-05-10 00:00:00+00:00,1083.5,1125.3136010742187,1078.3482000732422,1.0,114504.62351387065,73833.0494037479,-0.0641330166270786
2004-05-11 00:00:00+00:00,1092.25,1124.0486010742188,1078.8632000732423,1.0,115429.326287979,74429.30153321978,-0.05657525372489747
2004-05-12 00:00:00+00:00,1098.75,1123.0436010742187,1079.4594500732421,1.0,116116.24834874517,74872.23168654175,-0.05096091556899174
2004-05-13 00:00:00+00:00,1093.75,1121.9036010742188,1080.0269500732422,1.0,115587.84676354041,74531.51618398639,-0.05527963722738094
2004-05-14 00:00:00+00:00,1094.75,1120.7136010742188,1080.7032000732422,1.0,115693.52708058136,74599.65928449745,-0.05441589289570303
2004-05-17 00:00:00+00:00,1085.5,1119.2686010742189,1081.3057000732422,1.0,114715.98414795256,73969.33560477002,-0.062405527963722895
2004-05-18 00:00:00+00:00,1090.25,1118.1936010742188,1081.884450073242,1.0,115217.96565389707,74293.01533219762,-0.05830274238825328
2004-05-19 00:00:00+00:00,1086.75,1117.1386010742187,1082.4282000732421,1.0,114848.08454425375,74054.51448040886,-0.06132584754912562
2004-05-20 00:00:00+00:00,1090.5,1116.5436010742187,1082.9744500732422,1.0,115244.3857331573,74310.05110732539,-0.05808680630533403
2004-05-21 00:00:00+00:00,1092.5,1116.2836010742187,1083.4869500732423,1.0,115455.7463672392,74446.33730834753,-0.056359317641978324
2004-05-24 00:00:00+00:00,1096.5,1115.8286010742188,1084.0457000732422,1.0,115878.46763540301,74718.90971039182,-0.05290434031526703
2004-05-25 00:00:00+00:00,1112.5,1115.9536010742188,1084.6694500732422,1.0,117569.35270805824,75809.199318569,-0.03908443100842174
2004-05-26 00:00:00+00:00,1116.0,1116.0436010742187,1085.2969500732422,1.0,117939.23381770158,76047.70017035776,-0.036061325847549286
2004-05-27 00:00:00+00:00,1122.75,1116.0236010742187,1085.916950073242,1.0,118652.575957728,76507.6660988075,-0.03023105160872397
2004-05-28 00:00:00+00:00,1120.25,1115.9436010742188,1086.5032000732422,1.0,118388.37516512562,76337.30834752982,-0.032390412437918625
2004-05-31 00:00:00+00:00,1121.5,1115.97,1087.1157000732421,1.0,118520.47556142679,76422.48722316866,-0.031310732023321464
2004-06-01 00:00:00+00:00,1121.25,1116.53,1087.7119500732422,1.0,118494.05548216656,76405.4514480409,-0.03152666810624083
2004-06-02 00:00:00+00:00,1125.5,1117.215,1088.3769500732421,1.0,118943.1968295906,76695.05962521295,-0.02785575469661017
2004-06-03 00:00:00+00:00,1115.0,1117.685,1088.9832000732422,1.0,117833.55350066061,75979.55706984668,-0.036925070179227304
2004-06-04 00:00:00+00:00,1123.25,1118.03,1089.6219500732423,1.0,118705.41611624845,76541.73764906304,-0.029799179442885237
2004-06-07 00:00:00+00:00,1140.25,1118.715,1090.3444500732421,1.0,120501.98150594463,77700.17035775128,-0.015115525804362262
2004-06-08 00:00:00+00:00,1142.0,1119.12,1091.0482000732422,1.0,120686.92206076627,77819.42078364565,-0.013603973223926258
2004-06-09 00:00:00+00:00,1131.5,1119.23,1091.666950073242,1.0,119577.27873183628,77103.91822827938,-0.022673288706543393
2004-06-10 00:00:00+00:00,1136.5,1119.46,1092.2894500732423,1.0,120105.68031704106,77444.63373083476,-0.01835456704815408
2004-06-11 00:00:00+00:00,1136.5,1119.52,1092.8619500732423,1.0,120105.68031704106,77444.63373083476,-0.01835456704815408
2004-06-14 00:00:00+00:00,1125.5,1119.19,1093.354450073242,1.0,118943.1968295906,76695.05962521296,-0.02785575469661017
2004-06-15 00:00:00+00:00,1134.0,1118.905,1093.8832000732423,1.0,119841.47952443869,77274.27597955709,-0.020513927877348515
2004-06-16 00:00:00+00:00,1133.0,1118.67,1094.436950073242,1.0,119735.79920739774,77206.13287904601,-0.02137767220902642
2004-06-17 00:00:00+00:00,1131.75,1118.46,1094.9432000732422,1.0,119603.69881109656,77120.95400340717,-0.022457352623623583
2004-06-18 00:00:00+00:00,1129.5999755859375,1118.2619995117188,1095.471199951172,1.0,119376.48354937264,76974.44467365845,-0.024314424024239112
2004-06-21 00:00:00+00:00,1129.25,1117.9669995117188,1096.0499499511718,1.0,119339.49801849417,76950.59625212949,-0.02461671345281824
2004-06-22 00:00:00+00:00,1135.0,1118.1019995117188,1096.641199951172,1.0,119947.15984147963,77342.41908006815,-0.01965018354567083
2004-06-23 00:00:00+00:00,1144.0,1118.3869995117188,1097.2711999511719,1.0,120898.2826948482,77955.70698466782,-0.011876484560570333
2004-06-24 00:00:00+00:00,1141.25,1118.7119995117187,1097.9049499511718,1.0,120607.66182298557,77768.31345826236,-0.014251781472684466
2004-06-25 00:00:00+00:00,1135.25,1118.7369995117188,1098.4336999511718,1.0,119973.57992073985,77359.45485519592,-0.019434247462751464
2004-06-28 00:00:00+00:00,1131.75,1118.6969995117188,1098.9561999511718,1.0,119603.69881109652,77120.95400340715,-0.022457352623623916
2004-06-29 00:00:00+00:00,1135.75,1119.1219995117187,1099.4386999511719,1.0,120026.42007926032,77393.52640545146,-0.01900237529691262
2004-06-30 00:00:00+00:00,1140.5,1119.4819995117186,1099.9432000732422,1.0,120528.40158520483,77717.20613287904,-0.014899589721443007
2004-07-01 00:00:00+00:00,1126.25,1119.2719995117188,1100.468200073242,1.0,119022.45706737129,76746.16695059625,-0.02720794644785196
2004-07-02 00:00:00+00:00,1125.75,1118.9969995117187,1100.9694500732421,1.0,118969.61690885082,76712.09540034072,-0.027639818613690803
2004-07-05 00:00:00+00:00,1124.25,1118.7219995117186,1101.5544500732422,1.0,118811.0964332894,76609.8807495741,-0.028935435111207553
2004-07-06 00:00:00+00:00,1115.0,1118.2619995117188,1102.1407000732422,1.0,117833.55350066061,75979.55706984668,-0.036925070179227304
2004-07-07 00:00:00+00:00,1118.0,1118.1519995117187,1102.7582000732423,1.0,118150.59445178346,76183.98637137991,-0.034333837184193805
2004-07-08 00:00:00+00:00,1110.75,1118.0869995117187,1103.290700073242,1.0,117384.41215323657,75689.94889267463,-0.040595983588857965
2004-07-09 00:00:00+00:00,1112.75,1118.2219995117186,1103.884450073242,1.0,117595.77278731845,75826.23509369677,-0.038868494925502484
2004-07-12 00:00:00+00:00,1113.5,1118.1719995117187,1104.3694500732422,1.0,117675.03302509917,75877.34241908007,-0.038220686676744164
2004-07-13 00:00:00+00:00,1114.25,1118.1469995117188,1104.843200073242,1.0,117754.29326287987,75928.44974446337,-0.037572878427985845
2004-07-14 00:00:00+00:00,1111.25,1117.9319995117187,1105.2569500732423,1.0,117437.25231175701,75724.02044293017,-0.040164111423019344
2004-07-15 00:00:00+00:00,1103.5,1117.7419995117189,1105.6069500732422,1.0,116618.22985468963,75195.91141396936,-0.04685812999352257
2004-07-16 00:00:00+00:00,1102.75,1117.8869995117188,1105.9344500732423,1.0,116538.96961690893,75144.80408858605,-0.047505938242280776
2004-07-19 00:00:00+00:00,1098.75,1118.1919995117187,1106.2532000732422,1.0,116116.24834874512,74872.23168654175,-0.05096091556899207
2004-07-20 00:00:00+00:00,1112.0,1118.5869995117187,1106.6207000732422,1.0,117516.51254953773,75775.12776831348,-0.039516303174260914
2004-07-21 00:00:00+00:00,1090.5,1118.4219995117187,1106.8707000732422,1.0,115244.38573315728,74310.0511073254,-0.05808680630533414
2004-07-22 00:00:00+00:00,1093.75,1118.4219995117187,1107.1169500732422,1.0,115587.84676354036,74531.51618398639,-0.05527963722738127
2004-07-23 00:00:00+00:00,1085.5,1118.2369995117188,1107.3069500732422,1.0,114715.98414795252,73969.33560477004,-0.06240552796372323
2004-07-26 00:00:00+00:00,1083.0,1118.1869995117188,1107.499450073242,1.0,114451.78335535014,73798.97785349235,-0.06456488879291788
2004-07-27 00:00:00+00:00,1092.5,1118.2319995117186,1107.7157000732423,1.0,115455.74636723916,74446.33730834756,-0.05635931764197866
2004-07-28 00:00:00+00:00,1095.5,1118.4069995117188,1108.0044500732422,1.0,115772.787318362,74650.76660988077,-0.05376808464694538
2004-07-29 00:00:00+00:00,1100.25,1118.6019995117188,1108.2794500732423,1.0,116274.76882430653,74974.44633730837,-0.049665299071475544
2004-07-30 00:00:00+00:00,1101.0,1118.7719995117188,1108.5669500732422,1.0,116354.02906208725,75025.55366269167,-0.049017490822717114
2004-08-02 00:00:00+00:00,1105.5,1118.9519995117187,1108.9419500732422,1.0,116829.59048877153,75332.19761499151,-0.045130641330166976
2004-08-03 00:00:00+00:00,1097.25,1118.6469995117188,1109.2857000732422,1.0,115957.72787318369,74770.01703577516,-0.05225653206650893
2004-08-04 00:00:00+00:00,1097.0,1118.2669995117187,1109.6207000732422,1.0,115931.30779392345,74752.98126064739,-0.05247246814942841
2004-08-05 00:00:00+00:00,1078.5,1117.3819995117187,1109.8594500732422,1.0,113976.22192866584,73492.33390119253,-0.06845173828546824
2004-08-06 00:00:00+00:00,1063.5,1116.2469995117187,1109.9532000732422,1.0,112391.01717305156,72470.18739352643,-0.08140790326063563
2004-08-09 00:00:00+00:00,1064.25,1115.1019995117188,1110.0432000732421,1.0,112470.27741083229,72521.29471890975,-0.08076009501187709
2004-08-10 00:00:00+00:00,1076.25,1114.2019995117187,1110.1819500732422,1.0,113738.4412153237,73339.01192504262,-0.07039516303174331
2004-08-11 00:00:00+00:00,1075.75,1113.2069995117188,1110.3132000732421,1.0,113685.60105680324,73304.94037478708,-0.07082703519758216
2004-08-12 00:00:00+00:00,1063.75,1112.1819995117187,1110.3607000732422,1.0,112417.4372523118,72487.2231686542,-0.08119196717771615
2004-08-13 00:00:00+00:00,1066.25,1111.0419995117188,1110.4307000732422,1.0,112681.63804491417,72657.58091993189,-0.07903260634852172
2004-08-16 00:00:00+00:00,1077.5,1109.7869995117187,1110.5507000732423,1.0,113870.54161162487,73424.19080068145,-0.06931548261714626
2004-08-17 00:00:00+00:00,1083.0,1108.6069995117186,1110.6732000732422,0.0,113870.54161162487,73798.97785349235,-0.06931548261714626
2004-08-18 00:00:00+00:00,1094.5,1107.8669995117189,1110.8932000732423,0.0,113870.54161162487,74582.62350936969,-0.06931548261714626
2004-08-19 00:00:00+00:00,1091.25,1106.9619995117187,1111.1182000732422,0.0,113870.54161162487,74361.1584327087,-0.06931548261714626
2004-08-20 00:00:00+00:00,1098.75,1106.2069995117188,1111.3832000732423,0.0,113870.54161162487,74872.23168654175,-0.06931548261714626
2004-08-23 00:00:00+00:00,1096.25,1105.6219995117187,1111.5794500732422,0.0,113870.54161162487,74701.87393526407,-0.06931548261714626
2004-08-24 00:00:00+00:00,1097.5,1104.8919995117187,1111.7769500732422,0.0,113870.54161162487,74787.05281090291,-0.06931548261714626
2004-08-25 00:00:00+00:00,1103.75,1104.3069995117187,1112.0507000732423,0.0,113870.54161162487,75212.94718909712,-0.06931548261714626
2004-08-26 00:00:00+00:00,1104.5,1103.7619995117188,1112.3557000732421,0.0,113870.54161162487,75264.05451448042,-0.06931548261714626
2004-08-27 00:00:00+00:00,1108.25,1103.335,1112.7332000732422,0.0,113870.54161162487,75519.59114139694,-0.06931548261714626
2004-08-30 00:00:00+00:00,1099.0,1102.73,1113.0232000732422,0.0,113870.54161162487,74889.26746166951,-0.06931548261714626
2004-08-31 00:00:00+00:00,1104.0,1102.11,1113.3832000732423,0.0,113870.54161162487,75229.9829642249,-0.06931548261714626
2004-09-01 00:00:00+00:00,1106.75,1101.365,1113.7357000732422,0.0,113870.54161162487,75417.37649063035,-0.06931548261714626
2004-09-02 00:00:00+00:00,1119.5,1100.93,1114.0857000732422,0.0,113870.54161162487,76286.20102214653,-0.06931548261714626
2004-09-03 00:00:00+00:00,1114.5,1100.515,1114.3919500732422,0.0,113870.54161162487,75945.48551959117,-0.06931548261714626
2004-09-06 00:00:00+00:00,1118.25,1100.245,1114.6994500732421,0.0,113870.54161162487,76201.02214650769,-0.06931548261714626
2004-09-07 00:00:00+00:00,1122.25,1099.975,1115.0157000732422,0.0,113870.54161162487,76473.59454855198,-0.06931548261714626
2004-09-08 00:00:00+00:00,1118.75,1099.54,1115.3207000732423,0.0,113870.54161162487,76235.09369676323,-0.06931548261714626
2004-09-09 00:00:00+00:00,1117.5,1099.365,1115.5632000732421,0.0,113870.54161162487,76149.91482112437,-0.06931548261714626
2004-09-10 00:00:00+00:00,1123.25,1099.315,1115.8444500732421,0.0,113870.54161162487,76541.73764906304,-0.06931548261714626
2004-09-13 00:00:00+00:00,1127.75,1099.385,1116.1582000732421,0.0,113870.54161162487,76848.38160136288,-0.06931548261714626
2004-09-14 00:00:00+00:00,1129.5,1099.675,1116.458200073242,0.0,113870.54161162487,76967.63202725725,-0.06931548261714626
2004-09-15 00:00:00+00:00,1120.25,1099.72,1116.7482000732423,0.0,113870.54161162487,76337.30834752982,-0.06931548261714626
2004-09-16 00:00:00+00:00,1124.0,1099.985,1117.0232000732422,0.0,113870.54161162487,76592.84497444634,-0.06931548261714626
2004-09-17 00:00:00+00:00,1127.02001953125,1100.270400390625,1117.3558001708984,0.0,113870.54161162487,76798.63846890972,-0.06931548261714626
2004-09-20 00:00:00+00:00,1122.25,1100.445400390625,1117.6633001708985,0.0,113870.54161162487,76473.59454855198,-0.06931548261714626
2004-09-21 00:00:00+00:00,1127.25,1100.705400390625,1117.9383001708984,0.0,113870.54161162487,76814.31005110734,-0.06931548261714626
2004-09-22 00:00:00+00:00,1113.0,1100.740400390625,1118.1320501708985,0.0,113870.54161162487,75843.27086882455,-0.06931548261714626
2004-09-23 00:00:00+00:00,1107.25,1100.815400390625,1118.3245501708984,0.0,113870.54161162487,75451.44804088587,-0.06931548261714626
2004-09-24 00:00:00+00:00,1111.5,1100.990400390625,1118.5070501708985,0.0,113870.54161162487,75741.05621805793,-0.06931548261714626
2004-09-27 00:00:00+00:00,1105.25,1101.120400390625,1118.6458001708984,0.0,113870.54161162487,75315.16183986374,-0.06931548261714626
2004-09-28 00:00:00+00:00,1109.75,1101.075400390625,1118.7408001708984,0.0,113870.54161162487,75621.80579216356,-0.06931548261714626
2004-09-29 00:00:00+00:00,1115.25,1101.570400390625,1118.8590002441406,0.0,113870.54161162487,75996.59284497447,-0.06931548261714626
2004-09-30 00:00:00+00:00,1115.0,1101.995400390625,1118.9702502441405,0.0,113870.54161162487,75979.55706984669,-0.06931548261714626
2004-10-01 00:00:00+00:00,1133.25,1102.950400390625,1119.1690002441405,0.0,113870.54161162487,77223.16865417377,-0.06931548261714626
2004-10-04 00:00:00+00:00,1135.5,1104.000400390625,1119.3815002441406,0.0,113870.54161162487,77376.4906303237,-0.06931548261714626
2004-10-05 00:00:00+00:00,1136.5,1104.880400390625,1119.5965002441405,0.0,113870.54161162487,77444.63373083477,-0.06931548261714626
2004-10-06 00:00:00+00:00,1142.75,1105.825400390625,1119.7715002441407,0.0,113870.54161162487,77870.528109029,-0.06931548261714626
2004-10-07 00:00:00+00:00,1131.5,1106.450400390625,1119.8902502441406,0.0,113870.54161162487,77103.9182282794,-0.06931548261714626
2004-10-08 00:00:00+00:00,1122.0,1106.870400390625,1119.9477502441407,0.0,113870.54161162487,76456.55877342421,-0.06931548261714626
2004-10-11 00:00:00+00:00,1126.0,1107.280400390625,1120.0327502441405,0.0,113870.54161162487,76729.13117546853,-0.06931548261714626
2004-10-12 00:00:00+00:00,1122.5,1107.785400390625,1120.0452502441406,0.0,113870.54161162487,76490.63032367977,-0.06931548261714626
2004-10-13 00:00:00+00:00,1112.25,1108.090400390625,1119.9965002441406,0.0,113870.54161162487,75792.16354344127,-0.06931548261714626
2004-10-14 00:00:00+00:00,1103.0,1108.580400390625,1119.8840002441407,0.0,113870.54161162487,75161.83986371385,-0.06931548261714626
2004-10-15 00:00:00+00:00,1108.25,1109.475400390625,1119.7777502441406,0.0,113870.54161162487,75519.59114139697,-0.06931548261714626
2004-10-18 00:00:00+00:00,1113.0,1110.450400390625,1119.7427502441406,0.0,113870.54161162487,75843.27086882459,-0.06931548261714626
2004-10-19 00:00:00+00:00,1103.5,1110.995400390625,1119.6190002441406,0.0,113870.54161162487,75195.9114139694,-0.06931548261714626
2004-10-20 00:00:00+00:00,1101.75,1111.515400390625,1119.5215002441407,0.0,113870.54161162487,75076.66098807502,-0.06931548261714626
2004-10-21 00:00:00+00:00,1107.75,1112.395400390625,1119.4040002441407,0.0,113870.54161162487,75485.51959114145,-0.06931548261714626
2004-10-22 00:00:00+00:00,1096.0,1112.990400390625,1119.2177502441407,0.0,113870.54161162487,74684.83816013634,-0.06931548261714626
2004-10-25 00:00:00+00:00,1095.25,1113.345400390625,1119.0040002441406,0.0,113870.54161162487,74633.73083475303,-0.06931548261714626
2004-10-26 00:00:00+00:00,1111.5,1113.915400390625,1118.8802502441406,0.0,113870.54161162487,75741.05621805797,-0.06931548261714626
2004-10-27 00:00:00+00:00,1124.75,1114.520400390625,1118.8165002441406,0.0,113870.54161162487,76643.95229982969,-0.06931548261714626
2004-10-28 00:00:00+00:00,1127.5,1115.245400390625,1118.7240002441406,0.0,113870.54161162487,76831.34582623515,-0.06931548261714626
2004-10-29 00:00:00+00:00,1130.25,1115.875400390625,1118.6552502441407,0.0,113870.54161162487,77018.7393526406,-0.06931548261714626
2004-11-01 00:00:00+00:00,1130.75,1116.565400390625,1118.6077502441406,0.0,113870.54161162487,77052.81090289613,-0.06931548261714626
2004-11-02 00:00:00+00:00,1130.5,1117.225400390625,1118.4890002441407,0.0,113870.54161162487,77035.77512776836,-0.06931548261714626
2004-11-03 00:00:00+00:00,1145.0,1118.050400390625,1118.5015002441405,0.0,113870.54161162487,78023.85008517893,-0.06931548261714626
2004-11-04 00:00:00+00:00,1160.5,1119.170400390625,1118.6577502441405,0.0,113870.54161162487,79080.06814310055,-0.06931548261714626
2004-11-05 00:00:00+00:00,1167.75,1120.360400390625,1118.8452502441405,1.0,114581.92586555358,79574.10562180584,-0.06350121053526281
2004-11-08 00:00:00+00:00,1166.5,1121.710400390625,1119.0277502441406,1.0,114459.27340797965,79488.926746167,-0.064503671239036
2004-11-09 00:00:00+00:00,1164.25,1122.915400390625,1119.1765002441407,1.0,114238.49898434659,79335.60477001706,-0.06630810050582747
2004-11-10 00:00:00+00:00,1164.75,1124.075400390625,1119.3352502441405,1.0,114287.55996737616,79369.67632027261,-0.06590711622431822
2004-11-11 00:00:00+00:00,1173.75,1125.160400390625,1119.5840002441407,1.0,115170.65766190835,79982.96422487227,-0.058689399157152766
2004-11-12 00:00:00+00:00,1182.75,1126.525400390625,1119.8652502441407,1.0,116053.75535644055,80596.25212947192,-0.0514716820899872
2004-11-15 00:00:00+00:00,1186.0,1127.880400390625,1120.1002502441406,1.0,116372.65174613273,80817.7172061329,-0.048865284260177444
2004-11-16 00:00:00+00:00,1177.5,1128.985400390625,1120.2877502441406,1.0,115538.6150346301,80238.50085178879,-0.055682017045833754
2004-11-17 00:00:00+00:00,1184.25,1130.295400390625,1120.4927502441406,1.0,116200.93830552927,80698.46678023854,-0.05026872924545944
2004-11-18 00:00:00+00:00,1185.0,1131.645400390625,1120.6415002441406,1.0,116274.5297800736,80749.57410562184,-0.04966725282319573
2004-11-19 00:00:00+00:00,1172.25,1132.625400390625,1120.7477502441407,1.0,115023.47471281965,79880.74957410566,-0.059892352001680416
2004-11-22 00:00:00+00:00,1178.0,1133.630400390625,1120.9090002441405,1.0,115587.67601765967,80272.57240204434,-0.0552810327643245
2004-11-23 00:00:00+00:00,1179.25,1134.625400390625,1121.0652502441405,1.0,115710.32847523359,80357.75127768319,-0.05427857206055153
2004-11-24 00:00:00+00:00,1182.0,1135.860400390625,1121.1927502441406,1.0,115980.16388189622,80545.14480408865,-0.052073158512250806
2004-11-25 00:00:00+00:00,1186.25,1137.105400390625,1121.3677502441406,1.0,116397.18223764755,80834.75298126071,-0.04866479211942254
2004-11-26 00:00:00+00:00,1180.75,1138.18,1121.5352502441406,1.0,115857.5114243223,80459.96592844979,-0.05307561921602377
2004-11-29 00:00:00+00:00,1176.0,1139.255,1121.6965002441407,1.0,115391.43208554141,80136.2862010222,-0.05688496989036129
2004-11-30 00:00:00+00:00,1174.0,1140.19,1121.8652502441407,1.0,115195.18815342315,80000.00000000006,-0.05848890701639797
2004-12-01 00:00:00+00:00,1189.75,1141.725,1122.1215002441406,1.0,116740.60911885454,81073.25383304947,-0.04585790214885799
2004-12-02 00:00:00+00:00,1190.5,1143.39,1122.3590002441406,1.0,116814.20059339888,81124.36115843277,-0.04525642572659416
2004-12-03 00:00:00+00:00,1189.25,1144.945,1122.5890002441406,1.0,116691.54813582497,81039.18228279393,-0.04625888643036724
2004-12-06 00:00:00+00:00,1189.25,1146.625,1122.8127502441407,1.0,116691.54813582497,81039.18228279393,-0.04625888643036724
2004-12-07 00:00:00+00:00,1177.75,1147.985,1122.9240002441406,1.0,115563.14552614493,80255.53662691658,-0.05548152490507874
2004-12-08 00:00:00+00:00,1184.0,1149.36,1123.0990002441406,1.0,116176.4078140145,80681.43100511078,-0.0504692213862139
2004-12-09 00:00:00+00:00,1188.5,1150.83,1123.2877502441406,1.0,116617.95666128061,80988.0749574106,-0.046860362852631066
2004-12-10 00:00:00+00:00,1189.75,1151.96,1123.4652502441406,1.0,116740.60911885451,81073.25383304944,-0.04585790214885821
2004-12-13 00:00:00+00:00,1200.25,1153.255,1123.6777502441407,1.0,117770.8897624754,81788.75638841571,-0.03743723223716511
2004-12-14 00:00:00+00:00,1204.0,1154.605,1123.9777502441407,1.0,118138.84713519715,82044.29301533224,-0.034429850125846095
2004-12-15 00:00:00+00:00,1204.75,1155.845,1124.3040002441405,1.0,118212.43860974151,82095.40034071555,-0.03382837370358227
2004-12-16 00:00:00+00:00,1204.25,1157.3,1124.7240002441406,1.0,118163.37762671194,82061.32879046001,-0.034229357985091524
2004-12-17 00:00:00+00:00,1190.449951171875,1158.6689990234374,1125.14875,1.0,116809.28970398428,81120.95067610739,-0.04529656331336651
2004-12-20 00:00:00+00:00,1198.75,1160.1239990234376,1125.54625,1.0,117623.70681338671,81686.54173764912,-0.038640185081692535
2004-12-21 00:00:00+00:00,1208.0,1161.8339990234374,1126.055,1.0,118531.33499943369,82316.86541737654,-0.03122197587377251
2004-12-22 00:00:00+00:00,1211.0,1163.8089990234375,1126.5525,1.0,118825.70089761108,82521.29471890976,-0.028816070184717324
2004-12-23 00:00:00+00:00,1211.75,1165.9839990234375,1126.9925,1.0,118899.29237215544,82572.40204429306,-0.0282145937624535
2004-12-27 00:00:00+00:00,1208.5,1167.9889990234376,1127.41375,1.0,118580.39598246326,82350.93696763208,-0.030820991592263258
2004-12-28 00:00:00+00:00,1215.5,1170.0389990234376,1127.8903497314452,1.0,119267.24974487719,82827.93867120959,-0.025207211651134487
2004-12-29 00:00:00+00:00,1217.0,1172.3089990234375,1128.5090997314453,1.0,119414.4326939659,82930.1533219762,-0.02400425880660695
2004-12-30 00:00:00+00:00,1214.75,1174.5689990234375,1129.1265997314454,1.0,119193.65827033283,82776.83134582629,-0.025808688073398423
2004-12-31 00:00:00+00:00,1213.75,1176.6889990234374,1129.7378497314453,1.0,119095.5363042737,82708.6882453152,-0.026610656636416707
2005-01-03 00:00:00+00:00,1206.25,1178.8939990234376,1130.2390997314453,1.0,118359.6215588302,82197.61499148216,-0.03262542085905473
2005-01-04 00:00:00+00:00,1191.0,1180.8089990234375,1130.6640997314453,1.0,116863.26157642838,81158.43270868828,-0.044855441445085575
2005-01-05 00:00:00+00:00,1183.25,1182.2439990234375,1130.9715997314454,1.0,116102.81633947011,80630.32367972747,-0.05107069780847806
2005-01-06 00:00:00+00:00,1188.25,1183.5139990234375,1131.2828497314454,1.0,116593.42616976578,80971.03918228284,-0.04706085499338608
2005-01-07 00:00:00+00:00,1186.25,1184.6889990234374,1131.5890997314452,1.0,116397.1822376475,80834.7529812607,-0.04866479211942287
2005-01-10 00:00:00+00:00,1191.75,1185.9189990234374,1131.8803497314452,1.0,116936.85305097274,81209.5400340716,-0.04425396502282164
2005-01-11 00:00:00+00:00,1184.0,1186.9839990234375,1132.0903497314453,1.0,116176.40781401446,80681.43100511079,-0.050469221386214236
2005-01-12 00:00:00+00:00,1187.5,1188.1239990234376,1132.2865997314452,1.0,116519.83469522142,80919.93185689955,-0.047662331415649906
2005-01-13 00:00:00+00:00,1178.0,1188.7839990234374,1132.4528497314452,1.0,115587.67601765964,80272.57240204434,-0.05528103276432472
2005-01-14 00:00:00+00:00,1183.75,1189.2489990234376,1132.6603497314454,1.0,116151.87732249967,80664.39522998303,-0.05066971352696892
2005-01-18 00:00:00+00:00,1195.75,1189.8089990234375,1132.9415997314454,1.0,117329.34091520928,81482.1124361159,-0.041046090770748056
2005-01-19 00:00:00+00:00,1183.5,1190.1489990234375,1133.1390997314454,1.0,116127.34683098488,80647.35945485526,-0.05087020566772349
2005-01-20 00:00:00+00:00,1176.5,1190.3939990234376,1133.3803497314452,1.0,115440.49306857096,80170.35775127776,-0.05648398560885226
2005-01-21 00:00:00+00:00,1168.5,1190.4689990234374,1133.5740997314454,1.0,114655.5173400979,79625.21294718917,-0.06289973411299932
2005-01-24 00:00:00+00:00,1166.25,1190.3189990234375,1133.7803497314453,1.0,114434.74291646485,79471.89097103926,-0.06470416337979068
2005-01-25 00:00:00+00:00,1169.75,1190.0589990234375,1133.9590997314453,1.0,114778.16979767181,79710.39182282801,-0.06189727340922635
2005-01-26 00:00:00+00:00,1173.25,1189.8039990234374,1134.1565997314453,1.0,115121.5966788788,79948.89267461677,-0.0590903834386618
2005-01-27 00:00:00+00:00,1174.75,1189.7489990234376,1134.4578497314453,1.0,115268.7796279675,80051.10732538337,-0.05788743059413426
2005-01-28 00:00:00+00:00,1174.75,1189.5589990234375,1134.7190997314453,1.0,115268.7796279675,80051.10732538337,-0.05788743059413426
2005-01-31 00:00:00+00:00,1181.75,1189.4939990234375,1134.9440997314452,1.0,115955.63339038142,80528.10902896088,-0.05227365065300549
2005-02-01 00:00:00+00:00,1189.25,1189.8339990234374,1135.1928497314452,1.0,116691.54813582492,81039.18228279393,-0.046258886430367574
2005-02-02 00:00:00+00:00,1193.25,1190.1389990234375,1135.4690997314453,1.0,117084.03600006146,81311.75468483822,-0.04305101217829399
2005-02-03 00:00:00+00:00,1189.5,1190.3439990234374,1135.7265997314453,1.0,116716.07862733971,81056.21805792171,-0.04605839428961289
2005-02-04 00:00:00+00:00,1202.0,1190.7439990234375,1136.1190997314452,1.0,117942.60320307888,81908.00681431011,-0.036033787251883
2005-02-07 00:00:00+00:00,1200.75,1191.0339990234374,1136.5528497314453,1.0,117819.95074550495,81822.82793867127,-0.037036247955656076
2005-02-08 00:00:00+00:00,1202.25,1191.4639990234375,1137.0340997314454,1.0,117967.13369459366,81925.04258943789,-0.035833295111128316
2005-02-09 00:00:00+00:00,1193.0,1191.8039990234374,1137.4190997314454,1.0,117059.50550854667,81294.71890971046,-0.04325150431904856
2005-02-10 00:00:00+00:00,1196.5,1192.2539990234375,1137.8240997314454,1.0,117402.93238975365,81533.21976149922,-0.04044461434848412
2005-02-11 00:00:00+00:00,1207.0,1192.5989990234375,1138.2490997314453,1.0,118433.21303337457,82248.7223168655,-0.0320239444367908
2005-02-14 00:00:00+00:00,1206.25,1192.9139990234376,1138.7153497314453,1.0,118359.62155883021,82197.61499148219,-0.03262542085905462
2005-02-15 00:00:00+00:00,1210.75,1193.3439990234374,1139.2915997314453,1.0,118801.1704060963,82504.25894378201,-0.029016562325472006
2005-02-16 00:00:00+00:00,1210.5,1193.7689990234376,1139.9265997314453,1.0,118776.63991458152,82487.22316865425,-0.029217054466226466
2005-02-17 00:00:00+00:00,1201.0,1194.2339990234375,1140.4703497314454,1.0,117844.48123701973,81839.86371379906,-0.036835755814901505
2005-02-18 00:00:00+00:00,1202.25,1194.5989990234375,1140.9878497314453,1.0,117967.13369459363,81925.04258943789,-0.03583329511112854
2005-02-22 00:00:00+00:00,1184.75,1194.5239990234375,1141.4428497314452,1.0,116249.99928855879,80732.5383304941,-0.04986774496395063
2005-02-23 00:00:00+00:00,1192.75,1194.5839990234374,1141.9328497314452,1.0,117034.97501703186,81277.6831345827,-0.043451996459803466
2005-02-24 00:00:00+00:00,1200.75,1194.5939990234374,1142.5090997314453,1.0,117819.95074550493,81822.82793867127,-0.03703624795565619
2005-02-25 00:00:00+00:00,1212.0,1194.7539990234375,1143.1178497314454,1.0,118923.8228636702,82589.43781942085,-0.02801410162169915
2005-02-28 00:00:00+00:00,1204.0,1194.7389990234376,1143.7040997314452,1.0,118138.84713519714,82044.29301533227,-0.034429850125846206
2005-03-01 00:00:00+00:00,1210.0,1194.8539990234376,1144.3015997314453,1.0,118727.57893155192,82453.15161839871,-0.029618038747735942
2005-03-02 00:00:00+00:00,1209.5,1195.235,1144.8865997314454,1.0,118678.51794852235,82419.08006814319,-0.030019023029245195
2005-03-03 00:00:00+00:00,1210.0,1195.46,1145.4540997314452,1.0,118727.57893155192,82453.15161839873,-0.029618038747735942
2005-03-04 00:00:00+00:00,1224.25,1195.785,1146.0128497314454,1.0,120125.8169478946,83424.19080068154,-0.018189986724723717
2005-03-07 00:00:00+00:00,1225.25,1196.07,1146.5590997314453,1.0,120223.93891395371,83492.3339011926,-0.017388018161705432
2005-03-08 00:00:00+00:00,1220.5,1196.245,1147.0478497314452,1.0,119757.85957517281,83168.65417376498,-0.02119736883604284
2005-03-09 00:00:00+00:00,1207.0,1196.215,1147.4815997314454,1.0,118433.2130333745,82248.7223168655,-0.03202394443679135
2005-03-10 00:00:00+00:00,1209.5,1196.095,1147.9215997314452,1.0,118678.51794852235,82419.08006814319,-0.030019023029245195
2005-03-11 00:00:00+00:00,1201.0,1195.775,1148.3203497314453,1.0,117844.48123701972,81839.86371379906,-0.036835755814901616
2005-03-14 00:00:00+00:00,1207.75,1195.635,1148.7315997314454,1.0,118506.80450791889,82299.8296422488,-0.031422468014527194
2005-03-15 00:00:00+00:00,1198.5,1195.33,1149.1490997314454,1.0,117599.17632187188,81669.50596252138,-0.03884067722244755
2005-03-16 00:00:00+00:00,1187.75,1194.96,1149.4715997314454,1.0,116544.3651867362,80936.96763202733,-0.047461839274895334
2005-03-17 00:00:00+00:00,1190.0,1194.94,1149.7203497314454,1.0,116765.13961036927,81090.28960817725,-0.04565741000810375
2005-03-18 00:00:00+00:00,1190.699951171875,1195.0889990234375,1149.9638494873047,1.0,116833.82019549904,81137.98645123516,-0.04509607117261216
2005-03-21 00:00:00+00:00,1186.25,1195.0489990234375,1150.2375994873046,1.0,116397.18223764752,80834.75298126072,-0.04866479211942276
2005-03-22 00:00:00+00:00,1174.25,1194.8089990234375,1150.4263494873046,1.0,115219.71864493792,80017.03577512785,-0.05828841487564351
2005-03-23 00:00:00+00:00,1174.5,1194.4639990234375,1150.6163494873047,1.0,115244.24913645271,80034.07155025561,-0.05808792273488883
2005-03-24 00:00:00+00:00,1175.5,1194.2939990234374,1150.8663494873047,1.0,115342.37110251184,80102.21465076668,-0.057285954171870546
2005-03-28 00:00:00+00:00,1177.5,1194.0939990234374,1151.0838494873046,1.0,115538.6150346301,80238.50085178883,-0.055682017045833754
2005-03-29 00:00:00+00:00,1170.0,1193.9339990234375,1151.2688494873046,1.0,114802.7002891866,79727.42759795579,-0.06169678126847178
2005-03-30 00:00:00+00:00,1185.5,1193.9689990234374,1151.5375994873048,1.0,116323.59076310317,80783.64565587741,-0.049266268541686586
2005-03-31 00:00:00+00:00,1184.0,1193.7339990234375,1151.809599609375,1.0,116176.40781401446,80681.4310051108,-0.050469221386214236
2005-04-01 00:00:00+00:00,1177.75,1193.6189990234375,1152.052099609375,1.0,115563.14552614486,80255.5366269166,-0.055481524905079405
2005-04-04 00:00:00+00:00,1179.75,1193.6839990234375,1152.275849609375,1.0,115759.38945826312,80391.82282793874,-0.05387758777904261
2005-04-05 00:00:00+00:00,1185.25,1194.0189990234376,1152.482099609375,1.0,116299.06027158836,80766.60988074965,-0.04946676068244138
2005-04-06 00:00:00+00:00,1189.25,1194.4789990234376,1152.722099609375,1.0,116691.5481358249,81039.18228279395,-0.046258886430367796
2005-04-07 00:00:00+00:00,1195.25,1194.9889990234376,1153.022099609375,1.0,117280.27993217969,81448.04088586038,-0.04144707505225742
2005-04-08 00:00:00+00:00,1183.5,1195.1939990234375,1153.280849609375,1.0,116127.34683098487,80647.35945485526,-0.0508702056677236
2005-04-11 00:00:00+00:00,1183.75,1195.3739990234376,1153.520849609375,1.0,116151.87732249965,80664.39522998303,-0.05066971352696903
2005-04-12 00:00:00+00:00,1190.0,1195.6789990234374,1153.768349609375,1.0,116765.13961036922,81090.28960817723,-0.04565741000810419
2005-04-13 00:00:00+00:00,1176.0,1195.5639990234374,1154.017099609375,1.0,115391.43208554137,80136.28620102222,-0.056884969890361625
2005-04-14 00:00:00+00:00,1160.5,1194.9889990234376,1154.190849609375,1.0,113870.5416116248,79080.06814310058,-0.06931548261714682
2005-04-15 00:00:00+00:00,1143.5,1193.9939990234375,1154.287099609375,1.0,112202.46818861952,77921.63543441232,-0.08294894818845966
2005-04-18 00:00:00+00:00,1146.75,1193.1389990234375,1154.445849609375,1.0,112521.36457831172,78143.10051107332,-0.08034255035864968
2005-04-19 00:00:00+00:00,1155.75,1192.2139990234375,1154.634599609375,1.0,113404.46227284393,78756.38841567299,-0.073124833291484
2005-04-20 00:00:00+00:00,1139.75,1190.9939990234375,1154.779599609375,1.0,111834.5108158978,77666.09880749581,-0.08595633029977834
2005-04-21 00:00:00+00:00,1161.5,1190.1789990234374,1155.023349609375,1.0,113968.66357768395,79148.21124361166,-0.0685135140541282
2005-04-22 00:00:00+00:00,1157.25,1189.4639990234375,1155.242099609375,1.0,113551.64522193265,78858.60306643961,-0.07192188044695635
2005-04-25 00:00:00+00:00,1164.0,1188.8139990234374,1155.490849609375,1.0,114213.9684928318,79318.56899488936,-0.06650859264658204
2005-04-26 00:00:00+00:00,1153.75,1187.7489990234376,1155.703349609375,1.0,113208.2183407257,78620.10221465086,-0.07472877041752057
2005-04-27 00:00:00+00:00,1157.25,1186.7689990234376,1155.972099609375,1.0,113551.64522193266,78858.60306643961,-0.07192188044695624
2005-04-28 00:00:00+00:00,1143.0,1185.4139990234376,1156.173349609375,1.0,112153.40720558999,77887.56388415681,-0.08334993246996847
2005-04-29 00:00:00+00:00,1158.5,1184.3739990234376,1156.472099609375,1.0,113674.29767950656,78943.78194207847,-0.07091941974318328
2005-05-02 00:00:00+00:00,1163.5,1183.6239990234376,1156.729599609375,1.0,114164.90750980221,79284.49744463383,-0.06690957692809141
2005-05-03 00:00:00+00:00,1166.0,1182.8989990234375,1157.107099609375,1.0,114410.21242495005,79454.85519591151,-0.06490465552054547
2005-05-04 00:00:00+00:00,1175.25,1182.7089990234374,1157.514599609375,1.0,115317.84061099704,80085.17887563894,-0.05748644631262523
2005-05-05 00:00:00+00:00,1175.0,1182.3539990234376,1157.962099609375,1.0,115293.31011948225,80068.14310051117,-0.05768693845337991
2005-05-06 00:00:00+00:00,1171.25,1181.7639990234375,1158.403349609375,1.0,114925.3527467605,79812.60647359466,-0.06069432056469881
2005-05-09 00:00:00+00:00,1178.25,1181.0889990234375,1158.832099609375,1.0,115612.20650917446,80289.60817717217,-0.05508054062356993
2005-05-10 00:00:00+00:00,1166.25,1180.3339990234374,1159.185849609375,1.0,114434.74291646485,79471.89097103928,-0.06470416337979068
2005-05-11 00:00:00+00:00,1172.5,1179.5839990234374,1159.547099609375,1.0,115048.00520433445,79897.7853492335,-0.05969185986092562
2005-05-12 00:00:00+00:00,1159.25,1178.5789990234375,1159.838349609375,1.0,113747.88915405092,78994.88926746178,-0.07031794332091945
2005-05-13 00:00:00+00:00,1156.75,1177.5139990234375,1160.094599609375,1.0,113502.58423890307,78824.5315161841,-0.07232286472846561
2005-05-16 00:00:00+00:00,1167.0,1176.3689990234375,1160.443349609375,1.0,114508.33439100921,79522.9982964226,-0.06410268695752686
2005-05-17 00:00:00+00:00,1175.25,1175.3689990234375,1160.834599609375,1.0,115317.84061099705,80085.17887563896,-0.05748644631262512
2005-05-18 00:00:00+00:00,1186.75,1174.6939990234375,1161.375849609375,1.0,116446.24322067712,80868.82453151631,-0.048263807837913286
2005-05-19 00:00:00+00:00,1191.25,1174.3789990234375,1162.014599609375,1.0,116887.79206794321,81175.46848381613,-0.04465494930433056
2005-05-20 00:00:00+00:00,1190.25,1173.9939990234375,1162.644599609375,1.0,116789.67010188408,81107.32538330507,-0.045456917867348956
2005-05-23 00:00:00+00:00,1196.25,1173.8989990234375,1163.244599609375,1.0,117378.40189823887,81516.1839863715,-0.04064510648923869
2005-05-24 00:00:00+00:00,1193.75,1173.6189990234375,1163.834599609375,1.0,117133.09698309102,81345.82623509382,-0.04265002789678485
2005-05-25 00:00:00+00:00,1192.5,1173.4989990234376,1164.478349609375,1.0,117010.4445255171,81260.64735945499,-0.043652488600557815
2005-05-26 00:00:00+00:00,1198.0,1173.7039990234375,1165.137099609375,1.0,117550.11533884233,81635.43441226588,-0.03924166150395669
2005-05-27 00:00:00+00:00,1200.25,1173.9089990234374,1165.750849609375,1.0,117770.88976247536,81788.7563884158,-0.03743723223716544
2005-05-31 00:00:00+00:00,1192.25,1173.94,1166.297099609375,1.0,116985.91403400229,81243.6115843272,-0.04385298074131272
2005-06-01 00:00:00+00:00,1201.25,1174.24,1166.830849609375,1.0,117869.0117285345,81856.89948892687,-0.036635263674146934
2005-06-02 00:00:00+00:00,1205.25,1174.86,1167.400849609375,1.0,118261.49959277106,82129.47189097117,-0.03342738942207324
2005-06-03 00:00:00+00:00,1198.5,1175.34,1167.899599609375,1.0,117599.17632187191,81669.50596252142,-0.03884067722244733
2005-06-06 00:00:00+00:00,1198.0,1175.79,1168.408349609375,1.0,117550.11533884234,81635.43441226588,-0.03924166150395658
2005-06-07 00:00:00+00:00,1199.0,1176.22,1168.915849609375,1.0,117648.23730490149,81703.57751277696,-0.038439692940938075
2005-06-08 00:00:00+00:00,1196.0,1176.74,1169.377099609375,1.0,117353.87140672408,81499.14821124374,-0.040845598629993374
2005-06-09 00:00:00+00:00,1201.0,1177.05,1169.859599609375,1.0,117844.48123701976,81839.8637137991,-0.03683575581490117
2005-06-10 00:00:00+00:00,1199.0,1177.35,1170.313349609375,1.0,117648.23730490149,81703.57751277694,-0.038439692940938075
2005-06-13 00:00:00+00:00,1202.5,1177.845,1170.830849609375,1.0,117991.66418610845,81942.07836456569,-0.035632802970373745
2005-06-14 00:00:00+00:00,1205.0,1178.35,1171.335849609375,1.0,118236.96910125627,82112.43611584337,-0.03362788156282781
2005-06-15 00:00:00+00:00,1206.5,1178.775,1171.834599609375,1.0,118384.15205034499,82214.65076661,-0.03242492871830016
2005-06-16 00:00:00+00:00,1210.5,1179.2,1172.289599609375,1.0,118776.63991458152,82487.22316865428,-0.029217054466226466
2005-06-17 00:00:00+00:00,1222.6800537109375,1179.7486010742186,1172.8304998779297,1.0,119971.77073140455,83317.20979290897,-0.0194490342941791
2005-06-20 00:00:00+00:00,1220.0,1180.4786010742187,1173.3392498779297,1.0,119708.79859214327,83134.58262350947,-0.02159835311755187
2005-06-21 00:00:00+00:00,1221.0,1181.2236010742188,1173.8329998779298,1.0,119806.92055820242,83202.72572402054,-0.020796384554533365
2005-06-22 00:00:00+00:00,1221.0,1181.8436010742187,1174.3442498779298,1.0,119806.92055820242,83202.72572402054,-0.020796384554533365
2005-06-23 00:00:00+00:00,1204.0,1182.4036010742188,1174.7767498779297,1.0,118138.84713519714,82044.29301533231,-0.034429850125846206
2005-06-24 00:00:00+00:00,1195.75,1183.1086010742188,1175.1392498779296,1.0,117329.34091520928,81482.11243611595,-0.041046090770748056
2005-06-27 00:00:00+00:00,1196.25,1184.1636010742188,1175.4817498779296,1.0,117378.40189823885,81516.18398637148,-0.0406451064892388
2005-06-28 00:00:00+00:00,1206.75,1185.3636010742186,1175.8679998779296,1.0,118408.68254185974,82231.68654173774,-0.0322244365775457
2005-06-29 00:00:00+00:00,1203.0,1186.3086010742188,1176.2817498779298,1.0,118040.725169138,81976.14991482123,-0.03523181868886471
2005-06-30 00:00:00+00:00,1195.5,1187.4236010742188,1176.6392498779296,1.0,117304.8104236945,81465.07666098818,-0.04124658291150274
2005-07-01 00:00:00+00:00,1200.0,1188.1936010742188,1177.0041497802733,1.0,117746.3592709606,81771.72061328801,-0.03763772437791979
2005-07-05 00:00:00+00:00,1209.0,1189.2286010742187,1177.4378997802735,1.0,118629.4569654928,82385.00851788768,-0.030420007310754227
2005-07-06 00:00:00+00:00,1198.5,1189.9186010742187,1177.7941497802735,1.0,117599.17632187188,81669.5059625214,-0.03884067722244755
2005-07-07 00:00:00+00:00,1202.75,1190.8986010742187,1178.2428997802735,1.0,118016.1946776232,81959.11413969347,-0.035432310829619285
2005-07-08 00:00:00+00:00,1216.5,1192.0836010742187,1178.7891497802734,1.0,119365.3717109363,82896.08177172072,-0.024405243088116313
2005-07-11 00:00:00+00:00,1223.5,1193.6936010742188,1179.3491497802734,1.0,120052.22547335023,83373.08347529823,-0.01879146314698754
2005-07-12 00:00:00+00:00,1225.5,1195.0336010742187,1179.9503997802735,1.0,120248.4694054685,83509.36967632038,-0.01718752602095075
2005-07-13 00:00:00+00:00,1228.0,1196.3236010742187,1180.5416497802735,1.0,120493.77432061634,83679.72742759806,-0.015182604613404704
2005-07-14 00:00:00+00:00,1231.75,1197.6386010742187,1181.1241497802735,1.0,120861.73169333811,83935.26405451458,-0.012175222502085581
2005-07-15 00:00:00+00:00,1231.25,1198.7586010742189,1181.7053997802734,1.0,120812.67071030855,83901.19250425906,-0.012576206783594723
2005-07-18 00:00:00+00:00,1226.5,1199.7886010742188,1182.1716497802734,1.0,120346.59137152765,83577.51277683147,-0.01638555745793213
2005-07-19 00:00:00+00:00,1233.25,1201.0286010742188,1182.6603997802733,1.0,121008.9146424268,84037.47870528122,-0.010972269657558043
2005-07-20 00:00:00+00:00,1236.5,1202.1936010742188,1183.1603997802733,1.0,121327.81103211899,84258.94378194219,-0.008365871827748173
2005-07-21 00:00:00+00:00,1230.0,1203.4686010742187,1183.5966497802735,1.0,120690.0182527346,83816.0136286202,-0.013578667487367913
2005-07-22 00:00:00+00:00,1237.0,1204.7586010742189,1184.1241497802735,1.0,121376.87201514853,84293.01533219771,-0.007964887546239252
2005-07-25 00:00:00+00:00,1234.0,1206.2536010742188,1184.6841497802734,1.0,121082.50611697114,84088.58603066449,-0.010370793235294329
2005-07-26 00:00:00+00:00,1235.0,1207.8186010742188,1185.2291497802735,1.0,121180.62808303026,84156.72913117555,-0.009568824672276044
2005-07-27 00:00:00+00:00,1239.75,1209.2736010742187,1185.8153997802735,1.0,121646.70742181114,84480.40885860316,-0.005759473997938747
2005-07-28 00:00:00+00:00,1247.0,1210.7086010742187,1186.4891497802735,1.0,122358.09167573985,84974.44633730843,0.0
2005-07-29 00:00:00+00:00,1236.75,1211.7086010742187,1187.1578997802735,1.0,121352.34152363375,84275.97955706994,-0.008219727345629368
2005-08-01 00:00:00+00:00,1237.5,1212.6336010742189,1187.8041497802735,1.0,121425.9329981781,84327.08688245324,-0.007618283881314913
2005-08-02 00:00:00+00:00,1245.0,1213.7286010742187,1188.4641497802734,1.0,122161.8477436216,84838.16013628629,-0.001603849238171473
2005-08-03 00:00:00+00:00,1247.75,1214.7586010742189,1189.1853997802734,1.0,122431.68315028421,85025.55366269173,0.0
2005-08-04 00:00:00+00:00,1238.0,1215.6436010742189,1189.8666497802735,1.0,121474.99398120765,84361.15843270876,-0.007814065317571672
2005-08-05 00:00:00+00:00,1229.75,1216.3886010742187,1190.4766497802734,1.0,120665.48776121979,83798.97785349241,-0.014425966740132301
2005-08-08 00:00:00+00:00,1227.25,1216.9736010742188,1191.1328997802734,1.0,120420.18284607197,83628.62010221473,-0.016429573231817263
2005-08-09 00:00:00+00:00,1234.25,1217.6536010742188,1191.8278997802734,1.0,121107.0366084859,84105.62180579222,-0.010819475055099281
2005-08-10 00:00:00+00:00,1233.75,1218.4836010742188,1192.4391497802735,1.0,121057.97562545633,84071.5502555367,-0.011220196353436296
2005-08-11 00:00:00+00:00,1238.5,1219.2286010742187,1193.0078997802734,1.0,121524.05496423722,84395.22998296429,-0.007413344019234658
2005-08-12 00:00:00+00:00,1231.0,1219.7436010742188,1193.5253997802733,1.0,120788.14021879372,83884.15672913124,-0.013424163494289765
2005-08-15 00:00:00+00:00,1237.5,1220.5236010742187,1194.0616497802735,1.0,121425.93299817808,84327.08688245322,-0.008214786615908798
2005-08-16 00:00:00+00:00,1221.5,1220.9936010742188,1194.5153997802734,1.0,119855.98154123194,83236.79727427605,-0.02103786816269293
2005-08-17 00:00:00+00:00,1221.5,1221.4436010742188,1194.9703997802735,1.0,119855.98154123194,83236.79727427605,-0.02103786816269293
2005-08-18 00:00:00+00:00,1221.0,1221.9436010742188,1195.3503997802734,1.0,119806.92055820237,83202.7257240205,-0.021438589461029944
2005-08-19 00:00:00+00:00,1223.75,1222.3986010742187,1195.6666497802735,1.0,120076.755964865,83390.11925042597,-0.019234622320176253
2005-08-22 00:00:00+00:00,1224.0,1222.8986010742187,1195.9478997802735,1.0,120101.28645637979,83407.15502555373,-0.019034261671007746
2005-08-23 00:00:00+00:00,1221.5,1223.2786010742188,1196.2228997802733,1.0,119855.98154123196,83236.79727427605,-0.021037868162692708
2005-08-24 00:00:00+00:00,1210.0,1223.3786010742188,1196.4516497802733,1.0,118727.57893155192,82453.15161839871,-0.03025445802444393
2005-08-25 00:00:00+00:00,1213.5,1223.5186010742189,1196.6953997802734,1.0,119071.00581275889,82691.65247018746,-0.02744940893608494
2005-08-26 00:00:00+00:00,1206.0,1223.4286010742187,1196.8566497802735,1.0,118335.09106731538,82180.57921635441,-0.033460228411139936
2005-08-29 00:00:00+00:00,1214.5,1223.265,1197.0153997802734,1.0,119169.12777881803,82759.79557069854,-0.0266479663394108
2005-08-30 00:00:00+00:00,1208.5,1223.035,1197.1278997802735,1.0,118580.39598246322,82350.9369676321,-0.031456621919454975
2005-08-31 00:00:00+00:00,1221.5,1223.045,1197.3478997802733,1.0,119855.98154123194,83236.79727427605,-0.02103786816269293
2005-09-01 00:00:00+00:00,1221.75,1223.06,1197.5353997802733,1.0,119880.51203274674,83253.83304940382,-0.0208375075135242
2005-09-02 00:00:00+00:00,1219.75,1223.375,1197.7091497802735,1.0,119684.26810062848,83117.54684838168,-0.02244039270687226
2005-09-06 00:00:00+00:00,1234.25,1224.145,1198.0191497802734,1.0,121107.03660848591,84105.62180579224,-0.01081947505509906
2005-09-07 00:00:00+00:00,1235.5,1224.93,1198.3066497802733,1.0,121229.68906605981,84190.80068143108,-0.009817671809256745
2005-09-08 00:00:00+00:00,1232.0,1225.435,1198.5703997802734,1.0,120886.26218485285,83952.29982964232,-0.012622720897615736
2005-09-09 00:00:00+00:00,1242.0,1226.215,1198.8703997802734,1.0,121867.4818454442,84633.73083475306,-0.004608294930875556
2005-09-12 00:00:00+00:00,1240.25,1227.11,1199.1403997802734,1.0,121695.76840484071,84514.48040885868,-0.006010819475055107
2005-09-13 00:00:00+00:00,1232.5,1227.76,1199.3991497802735,1.0,120935.32316788242,83986.37137989786,-0.012221999599278721
2005-09-14 00:00:00+00:00,1228.5,1228.15,1199.6616497802734,1.0,120542.83530364589,83713.79897785357,-0.015427769985974726
2005-09-15 00:00:00+00:00,1227.25,1228.725,1199.9278997802735,1.0,120420.18284607198,83628.62010221473,-0.01642957323181715
2005-09-16 00:00:00+00:00,1232.7900390625,1229.32580078125,1200.143099975586,1.0,120963.78237092888,84006.13554088594,-0.011989549939891764
2005-09-19 00:00:00+00:00,1238.0,1229.75580078125,1200.380599975586,1.0,121474.99398120766,84361.15843270878,-0.007814065317571561
2005-09-20 00:00:00+00:00,1227.5,1229.83580078125,1200.571849975586,1.0,120444.71333758677,83645.6558773425,-0.016229212582648644
2005-09-21 00:00:00+00:00,1216.0,1229.64580078125,1200.705599975586,1.0,119316.31072790673,82862.01022146516,-0.025445802444399757
2005-09-22 00:00:00+00:00,1219.75,1229.48080078125,1200.915599975586,1.0,119684.26810062848,83117.54684838168,-0.02244039270687226
2005-09-23 00:00:00+00:00,1220.5,1229.25580078125,1201.098099975586,1.0,119757.85957517281,83168.65417376497,-0.021839310759366848
2005-09-26 00:00:00+00:00,1221.5,1229.06080078125,1201.2630999755859,1.0,119855.98154123196,83236.79727427605,-0.021037868162692708
2005-09-27 00:00:00+00:00,1221.75,1228.96580078125,1201.423099975586,1.0,119880.51203274676,83253.83304940382,-0.02083750751352409
2005-09-28 00:00:00+00:00,1222.75,1228.75580078125,1201.535599975586,1.0,119978.63399880589,83321.97614991489,-0.02003606491685017
2005-09-29 00:00:00+00:00,1231.75,1228.66080078125,1201.674349975586,1.0,120861.73169333806,83935.26405451454,-0.012823081546784243
2005-09-30 00:00:00+00:00,1234.25,1228.74580078125,1201.821849975586,1.0,121107.0366084859,84105.62180579222,-0.010819475055099281
2005-10-03 00:00:00+00:00,1231.75,1228.64080078125,1201.9593499755858,1.0,120861.73169333806,83935.26405451454,-0.012823081546784243
2005-10-04 00:00:00+00:00,1216.75,1228.29580078125,1202.0908502197265,1.0,119389.90220245106,82913.11754684844,-0.024844720496894457
2005-10-05 00:00:00+00:00,1200.75,1227.61080078125,1202.1008502197265,1.0,117819.95074550493,81822.82793867127,-0.03766780204367859
2005-10-06 00:00:00+00:00,1197.0,1226.75580078125,1202.0458502197266,1.0,117451.99337278318,81567.29131175474,-0.04067321178120609
2005-10-07 00:00:00+00:00,1200.0,1225.81580078125,1201.9908502197266,1.0,117746.35927096057,81771.72061328795,-0.03826888399118411
2005-10-10 00:00:00+00:00,1190.0,1224.88080078125,1201.8821002197265,1.0,116765.13961036925,81090.28960817722,-0.04628330995792407
2005-10-11 00:00:00+00:00,1188.5,1223.90080078125,1201.7821002197265,1.0,116617.95666128054,80988.07495741062,-0.04748547385293522
2005-10-12 00:00:00+00:00,1178.5,1222.57080078125,1201.5971002197266,1.0,115636.73700068919,80306.64395229988,-0.05549989981967551
2005-10-13 00:00:00+00:00,1178.0,1221.17580078125,1201.4021002197267,1.0,115587.67601765963,80272.57240204434,-0.05590062111801242
2005-10-14 00:00:00+00:00,1190.0,1220.21580078125,1201.2783502197265,1.0,116765.13961036925,81090.28960817723,-0.04628330995792407
2005-10-17 00:00:00+00:00,1194.25,1219.50580078125,1201.1808502197266,1.0,117182.15796612058,81379.8977853493,-0.042877178922059556
2005-10-18 00:00:00+00:00,1181.5,1218.59080078125,1201.0571002197266,1.0,115931.10289886661,80511.07325383312,-0.053095572029653315
2005-10-19 00:00:00+00:00,1200.5,1217.91580078125,1201.1046002197265,1.0,117795.42025399017,81805.79216354352,-0.037868162692846874
2005-10-20 00:00:00+00:00,1179.5,1216.83080078125,1201.0858502197266,1.0,115734.85896674836,80374.78705281098,-0.05469845722300115
2005-10-21 00:00:00+00:00,1183.75,1215.73580078125,1201.0633502197265,1.0,116151.87732249967,80664.39522998304,-0.05129232618713664
2005-10-24 00:00:00+00:00,1202.5,1215.16580078125,1201.1446002197265,1.0,117991.66418610842,81942.07836456566,-0.03626527749949893
2005-10-25 00:00:00+00:00,1199.0,1214.39580078125,1201.1808502197266,1.0,117648.23730490146,81703.57751277692,-0.03907032658785803
2005-10-26 00:00:00+00:00,1196.0,1213.88580078125,1201.2408502197266,1.0,117353.87140672407,81499.1482112437,-0.041474654377879894
2005-10-27 00:00:00+00:00,1182.5,1213.10580078125,1201.2158502197265,1.0,116029.22486492575,80579.2163543442,-0.052294129432979175
2005-10-28 00:00:00+00:00,1199.75,1212.68080078125,1201.3246002197266,1.0,117721.82877944579,81754.6848381602,-0.03846924464035262
2005-10-31 00:00:00+00:00,1209.75,1212.40080078125,1201.4546002197267,1.0,118703.04844003714,82436.11584327093,-0.030454818673612438
2005-11-01 00:00:00+00:00,1206.25,1212.04580078125,1201.5071002197265,1.0,118359.62155883017,82197.61499148219,-0.03325986776197143
2005-11-02 00:00:00+00:00,1218.0,1211.97580078125,1201.6796002197266,1.0,119512.554660025,82998.2964224873,-0.02384291725105181
2005-11-03 00:00:00+00:00,1223.75,1212.25080078125,1201.9158502197265,1.0,120076.755964865,83390.11925042597,-0.019234622320176253
2005-11-04 00:00:00+00:00,1222.0,1212.42080078125,1202.1833502197267,1.0,119905.04252426153,83270.86882453159,-0.020637146864355693
2005-11-07 00:00:00+00:00,1222.75,1212.75580078125,1202.4658502197265,1.0,119978.63399880589,83321.97614991489,-0.02003606491685017
2005-11-08 00:00:00+00:00,1222.75,1212.92080078125,1202.7308502197266,1.0,119978.63399880589,83321.97614991489,-0.02003606491685017
2005-11-09 00:00:00+00:00,1223.75,1213.22580078125,1202.9833502197266,1.0,120076.75596486502,83390.11925042597,-0.019234622320176142
2005-11-10 00:00:00+00:00,1233.75,1213.47080078125,1203.2783502197265,1.0,121057.97562545637,84071.5502555367,-0.011220196353435963
2005-11-11 00:00:00+00:00,1238.0,1213.79580078125,1203.5946002197265,1.0,121474.99398120769,84361.15843270876,-0.00781406531757134
2005-11-14 00:00:00+00:00,1237.25,1214.14580078125,1203.8721002197265,1.0,121401.40250666333,84310.05110732546,-0.008415147265076861
2005-11-15 00:00:00+00:00,1232.5,1214.11080078125,1204.0883502197266,1.0,120935.32316788245,83986.37137989786,-0.012221999599278388
2005-11-16 00:00:00+00:00,1234.75,1214.09580078125,1204.2958502197266,1.0,121156.09759151551,84139.69335604778,-0.010418753756761823
2005-11-17 00:00:00+00:00,1245.25,1214.36080078125,1204.5746002197266,1.0,122186.37823513644,84855.19591141406,-0.0020036064916845175
2005-11-18 00:00:00+00:00,1250.25,1214.52580078125,1204.8158502197266,1.0,122676.9880654321,85195.91141396943,0.0
2005-11-21 00:00:00+00:00,1257.0,1214.86080078125,1205.0971002197266,1.0,123339.31133633124,85655.87734241917,0.0
2005-11-22 00:00:00+00:00,1262.0,1215.45080078125,1205.3958502197265,1.0,123829.92116662693,85996.59284497454,0.0
2005-11-23 00:00:00+00:00,1268.5,1216.25080078125,1205.7733502197266,1.0,124467.71394601131,86439.52299829652,0.0
2005-11-24 00:00:00+00:00,1267.5,1217.05580078125,1206.1283502197266,1.0,124369.59197995217,86371.37989778545,-0.0007883326763895582
2005-11-25 00:00:00+00:00,1270.0,1217.8,1206.4433502197267,1.0,124614.89689509998,86541.73764906313,0.0
2005-11-28 00:00:00+00:00,1261.0,1218.26,1206.7171002197265,1.0,123731.79920056778,85928.44974446348,-0.007086614173228312
2005-11-29 00:00:00+00:00,1259.25,1218.895,1206.9596002197266,1.0,123560.08575996429,85809.1993185691,-0.008464566929133888
2005-11-30 00:00:00+00:00,1251.0,1219.595,1207.1621002197267,1.0,122750.57953997643,85247.01873935274,-0.014960629921259905
2005-12-01 00:00:00+00:00,1264.5,1220.49,1207.4796002197265,1.0,124075.22608177473,86166.95059625222,-0.004330708661417493
2005-12-02 00:00:00+00:00,1266.0,1221.4,1207.7983502197267,1.0,124222.40903086343,86269.16524701884,-0.0031496062992126816
2005-12-05 00:00:00+00:00,1263.5,1222.24,1208.1921002197266,1.0,123977.10411571561,86098.80749574116,-0.005118110236220441
2005-12-06 00:00:00+00:00,1265.5,1223.115,1208.5558502197266,1.0,124173.34804783386,86235.0936967633,-0.0035433070866143224
2005-12-07 00:00:00+00:00,1258.0,1223.82,1208.8421002197265,1.0,123437.43330239036,85724.02044293025,-0.009448818897637934
2005-12-08 00:00:00+00:00,1256.75,1224.32,1209.0658502197266,1.0,123314.78084481646,85638.84156729141,-0.010433070866141758
2005-12-09 00:00:00+00:00,1259.25,1224.82,1209.3421002197265,1.0,123560.0857599643,85809.1993185691,-0.008464566929133777
2005-12-12 00:00:00+00:00,1261.0,1225.405,1209.5971002197266,1.0,123731.79920056778,85928.44974446346,-0.007086614173228312
2005-12-13 00:00:00+00:00,1269.0,1226.45,1209.8946002197265,1.0,124516.77492904085,86473.59454855205,-0.0007874015748031704
2005-12-14 00:00:00+00:00,1273.75,1227.91,1210.2133502197266,1.0,124982.85426782172,86797.27427597964,0.0
2005-12-15 00:00:00+00:00,1269.5,1229.36,1210.4396002197266,1.0,124565.8359120704,86507.66609880757,-0.0033366045142296796
2005-12-16 00:00:00+00:00,1274.8399658203125,1230.8567993164063,1210.6875500488281,1.0,125089.80385704803,86871.54792642682,0.0
2005-12-19 00:00:00+00:00,1267.5,1232.4067993164062,1210.922550048828,1.0,124369.59197995212,86371.37989778545,-0.0057575586090050646
2005-12-20 00:00:00+00:00,1268.0,1233.9967993164062,1211.227550048828,1.0,124418.65296298167,86405.45144804097,-0.00536535251772674
2005-12-21 00:00:00+00:00,1270.0,1235.8267993164063,1211.5300500488281,1.0,124614.89689509993,86541.73764906313,-0.003796528152612888
2005-12-22 00:00:00+00:00,1275.5,1237.7767993164061,1211.902550048828,1.0,125154.56770842515,86916.52470187402,0.0
2005-12-23 00:00:00+00:00,1276.5,1239.5067993164062,1212.246300048828,1.0,125252.68967448427,86984.66780238508,0.0
2005-12-27 00:00:00+00:00,1264.0,1240.9017993164061,1212.5738000488282,1.0,124026.16509874508,86132.87904599667,-0.009792401096748948
2005-12-28 00:00:00+00:00,1265.25,1242.5767993164063,1212.9613000488282,1.0,124148.81755631902,86218.05792163551,-0.008813160987073965
2005-12-29 00:00:00+00:00,1260.0,1243.7667993164061,1213.3113000488281,1.0,123633.67723450855,85860.30664395237,-0.01292596944770863
2005-12-30 00:00:00+00:00,1254.75,1245.2717993164063,1213.6315502929688,1.0,123118.5369126981,85502.55536626923,-0.017038777908343183
2006-01-03 00:00:00+00:00,1274.75,1247.0917993164062,1214.0740502929686,1.0,125080.97623388079,86865.4173764907,-0.0013709361535447773
2006-01-04 00:00:00+00:00,1280.5,1248.6517993164061,1214.6053002929686,1.0,125645.1775387208,87257.24020442937,0.0
2006-01-05 00:00:00+00:00,1281.25,1250.2967993164064,1215.1390502929687,1.0,125718.76901326513,87308.34752981267,0.0
2006-01-06 00:00:00+00:00,1291.75,1252.2117993164063,1215.7203002929687,1.0,126749.04965688603,88023.85008517893,0.0
2006-01-09 00:00:00+00:00,1295.0,1254.4617993164063,1216.3078002929688,1.0,127067.9460465782,88245.31516183993,0.0
2006-01-10 00:00:00+00:00,1296.0,1256.3867993164063,1216.9378002929689,1.0,127166.06801263735,88313.45826235099,0.0
2006-01-11 00:00:00+00:00,1299.75,1258.1867993164062,1217.5090502929688,1.0,127534.02538535911,88568.99488926753,0.0
2006-01-12 00:00:00+00:00,1293.5,1259.9317993164063,1218.0565502929687,1.0,126920.76309748951,88143.10051107331,-0.00480861704173885
2006-01-13 00:00:00+00:00,1292.75,1261.4267993164062,1218.6315502929688,1.0,126847.17162294517,88091.99318569001,-0.005385651086747489
2006-01-16 00:00:00+00:00,1294.75,1262.8467993164063,1219.2065502929688,1.0,127043.41555506342,88228.27938671215,-0.0038468936333913017
2006-01-17 00:00:00+00:00,1289.5,1264.1967993164062,1219.7278002929688,1.0,126528.27523325296,87870.52810902902,-0.007886131948451891
2006-01-18 00:00:00+00:00,1283.75,1265.4167993164062,1220.2003002929687,1.0,125964.07392841294,87478.70528109036,-0.01231005962685161
2006-01-19 00:00:00+00:00,1288.25,1266.7267993164062,1220.6653002929688,1.0,126405.62277567903,87785.34923339018,-0.008847855356799772
2006-01-20 00:00:00+00:00,1264.75,1267.5467993164064,1221.0715502929688,1.0,124099.7565732894,86183.98637137996,-0.026928255433737447
2006-01-23 00:00:00+00:00,1269.25,1268.2567993164062,1221.4990502929688,1.0,124541.30542055551,86490.63032367978,-0.023466051163685497
2006-01-24 00:00:00+00:00,1270.5,1268.9067993164062,1221.9015502929688,1.0,124663.95787812941,86575.80919931862,-0.02250432775533784
2006-01-25 00:00:00+00:00,1271.0,1269.5817993164062,1222.3765502929687,1.0,124713.01886115897,86609.88074957415,-0.02211963839199882
2006-01-26 00:00:00+00:00,1277.75,1270.4867993164062,1222.9628002929687,1.0,125375.34213205814,87069.8466780239,-0.01692633198692084
2006-01-27 00:00:00+00:00,1289.25,1271.5767993164063,1223.6915502929687,1.0,126503.7447417382,87853.49233390125,-0.008078476630121179
2006-01-30 00:00:00+00:00,1288.5,1272.4417993164063,1224.4003002929687,1.0,126430.15326719385,87802.38500851794,-0.00865551067512993
2006-01-31 00:00:00+00:00,1283.5,1273.1067993164063,1225.0390502929688,1.0,125939.54343689817,87461.66950596258,-0.012502404308521009
2006-02-01 00:00:00+00:00,1287.25,1273.7117993164063,1225.7765502929688,1.0,126307.50080961992,87717.2061328791,-0.00961723408347781
2006-02-02 00:00:00+00:00,1272.0,1273.9117993164064,1226.3290502929688,1.0,124811.14082721814,86678.02385008523,-0.021350259665320337
2006-02-03 00:00:00+00:00,1265.5,1273.8517993164062,1226.8703002929688,1.0,124173.34804783376,86235.09369676324,-0.026351221388728807
2006-02-06 00:00:00+00:00,1268.75,1273.8767993164063,1227.3940502929688,1.0,124492.24443752594,86456.55877342423,-0.023850740527024628
2006-02-07 00:00:00+00:00,1257.5,1273.6267993164063,1227.9128002929688,1.0,123388.37231936069,85689.94889267466,-0.032506251202154446
2006-02-08 00:00:00+00:00,1268.25,1273.7717993164063,1228.4678002929688,1.0,124443.1834544964,86422.48722316869,-0.024235429890363536
2006-02-09 00:00:00+00:00,1265.75,1273.9017993164061,1229.0815502929688,1.0,124197.87853934855,86252.129471891,-0.026158876707059187
2006-02-10 00:00:00+00:00,1268.25,1274.2467993164062,1229.6303002929687,1.0,124443.18345449636,86422.48722316869,-0.024235429890363758
2006-02-13 00:00:00+00:00,1265.75,1274.2717993164063,1230.1415502929688,1.0,124197.87853934852,86252.129471891,-0.02615887670705941
2006-02-14 00:00:00+00:00,1278.25,1274.5167993164061,1230.7028002929687,1.0,125424.40311508768,87103.91822827944,-0.01654164262358193
2006-02-15 00:00:00+00:00,1282.25,1274.8917993164061,1231.2378002929688,1.0,125816.89097932422,87376.49063032372,-0.013464127716869001
2006-02-16 00:00:00+00:00,1291.75,1275.4167993164062,1231.8215502929688,1.0,126749.04965688601,88023.85008517893,-0.006155029813425861
2006-02-17 00:00:00+00:00,1289.0,1276.0367993164064,1232.4103002929687,1.0,126479.21425022339,87836.45655877347,-0.008270821311791021
2006-02-20 00:00:00+00:00,1288.75,1276.6767993164062,1232.9628002929687,1.0,126454.6837587086,87819.42078364569,-0.00846316599346053
2006-02-21 00:00:00+00:00,1285.25,1277.1967993164062,1233.5578002929688,1.0,126111.25687750164,87580.91993185694,-0.01115599153683422
2006-02-22 00:00:00+00:00,1292.25,1277.8217993164062,1234.1565502929689,1.0,126798.1106399156,88057.92163543445,-0.0057703404500866196
2006-02-23 00:00:00+00:00,1290.25,1278.2467993164062,1234.8115502929688,1.0,126601.86670779734,87921.63543441231,-0.007309097903443029
2006-02-24 00:00:00+00:00,1293.0,1278.6317993164062,1235.4928002929687,1.0,126871.70211445996,88109.02896081774,-0.00519330640507798
2006-02-27 00:00:00+00:00,1294.0,1279.1217993164062,1236.1278002929687,1.0,126969.82408051909,88177.17206132882,-0.0044239276783997195
2006-02-28 00:00:00+00:00,1282.5,1279.275,1236.6640502929688,1.0,125841.42147083905,87393.52640545148,-0.013271783035199158
2006-03-01 00:00:00+00:00,1292.0,1279.765,1237.1903002929687,1.0,126773.58014840081,88040.88586030668,-0.00596268513175624
2006-03-02 00:00:00+00:00,1291.5,1280.235,1237.6915502929687,1.0,126724.51916537124,88006.81431005114,-0.00634737449509537
2006-03-03 00:00:00+00:00,1286.5,1280.565,1238.1728002929688,1.0,126233.90933507557,87666.09880749577,-0.010194268128486339
2006-03-06 00:00:00+00:00,1279.5,1280.645,1238.5890502929688,1.0,125547.05557266163,87189.09710391826,-0.01557991921523394
2006-03-07 00:00:00+00:00,1277.5,1280.665,1239.0078002929688,1.0,125350.81164054335,87052.8109028961,-0.01711867666859035
2006-03-08 00:00:00+00:00,1279.5,1280.975,1239.4428002929687,1.0,125547.05557266163,87189.09710391826,-0.01557991921523394
2006-03-09 00:00:00+00:00,1272.0,1281.11,1239.8128002929689,1.0,124811.14082721814,86678.0238500852,-0.021350259665320337
2006-03-10 00:00:00+00:00,1283.0,1281.57,1240.2265502929688,1.0,125890.48245386861,87427.59795570701,-0.01288709367186014
2006-03-13 00:00:00+00:00,1285.5,1282.185,1240.6928002929687,1.0,126135.78736901646,87597.95570698469,-0.010963646855164488
2006-03-14 00:00:00+00:00,1298.5,1282.66,1241.1790502929687,1.0,127411.37292778517,88483.81601362863,-0.000961723408347992
2006-03-15 00:00:00+00:00,1303.75,1283.125,1241.6715502929687,1.0,127926.51324959563,88841.56729131177,0.0
2006-03-16 00:00:00+00:00,1306.25,1283.625,1242.2103002929687,1.0,128171.81816474348,89011.92504258946,0.0
2006-03-17 00:00:00+00:00,1310.1600341796875,1283.9932006835938,1242.7711004638672,1.0,128555.47840581283,89278.36689469764,0.0
2006-03-20 00:00:00+00:00,1315.5,1284.4032006835937,1243.3536004638672,1.0,129079.44635079047,89642.24872231689,0.0
2006-03-21 00:00:00+00:00,1307.5,1284.6332006835937,1243.9111004638671,1.0,128294.4706223174,89097.1039182283,-0.006081337894336736
2006-03-22 00:00:00+00:00,1314.5,1284.9282006835938,1244.4786004638672,1.0,128981.32438473136,89574.10562180582,-0.0007601672367919532
2006-03-23 00:00:00+00:00,1311.75,1285.2932006835938,1245.0423504638673,1.0,128711.48897806874,89386.71209540036,-0.002850627137970241
2006-03-24 00:00:00+00:00,1312.75,1285.6932006835937,1245.5936004638672,1.0,128809.61094412788,89454.85519591144,-0.0020904599011780656
2006-03-27 00:00:00+00:00,1311.0,1286.0182006835937,1246.1236004638672,1.0,128637.8975035244,89335.60477001706,-0.003420752565564289
2006-03-28 00:00:00+00:00,1302.5,1286.2782006835937,1246.6036004638672,1.0,127803.86079202175,88756.38841567293,-0.009882174078297168
2006-03-29 00:00:00+00:00,1310.0,1286.8032006835938,1247.1011004638672,1.0,128539.77553746525,89267.46166950598,-0.004180919802356464
2006-03-30 00:00:00+00:00,1307.5,1287.1882006835938,1247.5252001953124,1.0,128294.47062231743,89097.1039182283,-0.006081337894336514
2006-03-31 00:00:00+00:00,1307.5,1288.0432006835938,1247.9627001953124,1.0,128294.47062231743,89097.1039182283,-0.006081337894336514
2006-04-03 00:00:00+00:00,1305.75,1288.7732006835938,1248.3864501953126,1.0,128122.75718171393,88977.85349233392,-0.007411630558722848
2006-04-04 00:00:00+00:00,1314.75,1289.6582006835938,1248.8552001953126,1.0,129005.85487624614,89591.14139693358,-0.0005701254275939371
2006-04-05 00:00:00+00:00,1319.0,1290.6182006835938,1249.4302001953124,1.0,129422.87323199744,89880.74957410563,0.0
2006-04-06 00:00:00+00:00,1317.5,1291.4132006835937,1250.0389501953125,1.0,129275.69028290873,89778.53492333903,-0.0011372251705837888
2006-04-07 00:00:00+00:00,1304.0,1291.7082006835938,1250.5777001953124,1.0,127951.04374111042,88858.60306643954,-0.011372251705837777
2006-04-10 00:00:00+00:00,1305.5,1292.0482006835937,1251.0714501953125,1.0,128098.2266901991,88960.81771720613,-0.01023502653525421
2006-04-11 00:00:00+00:00,1294.0,1292.2582006835937,1251.5264501953125,1.0,126969.82408051907,88177.17206132879,-0.01895375284306311
2006-04-12 00:00:00+00:00,1295.5,1292.4232006835937,1252.0264501953125,1.0,127117.00702960778,88279.38671209541,-0.01781652767247932
2006-04-13 00:00:00+00:00,1294.25,1292.8682006835938,1252.4977001953125,1.0,126994.35457203386,88194.20783645657,-0.01876421531463246
2006-04-17 00:00:00+00:00,1293.0,1293.4182006835938,1252.9177001953126,1.0,126871.70211445993,88109.02896081771,-0.01971190295678571
2006-04-18 00:00:00+00:00,1313.5,1294.3132006835938,1253.4927001953124,1.0,128883.20241867215,89505.96252129471,-0.004169825625474188
2006-04-19 00:00:00+00:00,1315.25,1295.4682006835938,1254.0552001953124,1.0,129054.91585927561,89625.21294718908,-0.0028430629264599716
2006-04-20 00:00:00+00:00,1317.0,1296.4432006835937,1254.5577001953125,1.0,129226.62929987912,89744.46337308346,-0.0015163002274454218
2006-04-21 00:00:00+00:00,1317.0,1297.4682006835938,1255.0252001953124,1.0,129226.62929987912,89744.46337308346,-0.0015163002274454218
2006-04-24 00:00:00+00:00,1314.5,1298.3932006835937,1255.4702001953126,1.0,128981.32438473128,89574.10562180578,-0.0034116755117516995
2006-04-25 00:00:00+00:00,1309.5,1299.2682006835937,1255.8777001953124,1.0,128490.71455443562,89233.39011925041,-0.007202426080364255
2006-04-26 00:00:00+00:00,1309.0,1299.8832006835937,1256.2639501953124,1.0,128441.65357140604,89199.31856899487,-0.007581501137225555
2006-04-27 00:00:00+00:00,1315.0,1300.5382006835937,1256.6827001953125,1.0,129030.38536776084,89608.1771720613,-0.0030326004548905106
2006-04-28 00:00:00+00:00,1316.0,1301.0232006835938,1257.1302001953125,1.0,129128.50733381996,89676.32027257237,-0.0022744503411681327
2006-05-01 00:00:00+00:00,1308.25,1301.4082006835938,1257.5052001953125,1.0,128368.06209686167,89148.21124361156,-0.008150113722517616
2006-05-02 00:00:00+00:00,1318.0,1301.9932006835938,1257.9127001953125,1.0,129324.75126593823,89812.60647359451,-0.000758150113723044
2006-05-03 00:00:00+00:00,1312.25,1302.5332006835938,1258.3239501953126,1.0,128760.54996109821,89420.78364565584,-0.005117513267627549
2006-05-04 00:00:00+00:00,1317.0,1303.0282006835937,1258.7239501953125,1.0,129226.62929987907,89744.46337308343,-0.0015163002274457549
2006-05-05 00:00:00+00:00,1329.0,1303.8032006835938,1259.1989501953126,1.0,130404.09289258867,90562.1805792163,0.0
2006-05-08 00:00:00+00:00,1327.25,1304.4882006835937,1259.6602001953124,1.0,130232.37945198518,90442.93015332193,-0.0013167795334838583
2006-05-09 00:00:00+00:00,1329.25,1305.1932006835937,1260.1077001953124,1.0,130428.62338410344,90579.21635434407,0.0
2006-05-10 00:00:00+00:00,1327.75,1306.0982006835939,1260.5114501953126,1.0,130281.44043501472,90477.00170357747,-0.0011284558961821567
2006-05-11 00:00:00+00:00,1311.75,1306.4932006835938,1260.8864501953126,1.0,128711.48897806859,89386.71209540029,-0.013165318788790792
2006-05-12 00:00:00+00:00,1294.25,1306.5482006835937,1261.1702001953124,1.0,126994.35457203374,88194.20783645651,-0.026330637577581473
2006-05-15 00:00:00+00:00,1297.25,1306.7632006835938,1261.4314501953124,1.0,127288.72047021116,88398.63713798973,-0.02407372578521727
2006-05-16 00:00:00+00:00,1295.0,1307.0732006835938,1261.6677001953126,1.0,127067.94604657812,88245.31516183983,-0.025766409629490283
2006-05-17 00:00:00+00:00,1269.0,1306.9032006835937,1261.8227001953126,1.0,124516.77492904064,86473.59454855192,-0.04532631182997937
2006-05-18 00:00:00+00:00,1263.0,1306.5732006835938,1261.9889501953126,1.0,123928.04313268582,86064.73594548547,-0.049840135414707665
2006-05-19 00:00:00+00:00,1270.75,1306.5482006835937,1262.2064501953125,1.0,124688.4883696441,86592.8449744463,-0.04400977995110045
2006-05-22 00:00:00+00:00,1262.0,1306.1282006835938,1262.3452001953126,1.0,123829.92116662668,85996.59284497441,-0.05059243934549573
2006-05-23 00:00:00+00:00,1252.5,1305.4682006835938,1262.4389501953126,1.0,122897.7624890649,85349.2333901192,-0.057739326687982206
2006-05-24 00:00:00+00:00,1261.0,1304.7182006835938,1262.5514501953126,1.0,123731.79920056753,85928.44974446332,-0.05134474327628391
2006-05-25 00:00:00+00:00,1276.0,1304.1632006835937,1262.7764501953125,1.0,125203.62869145453,86950.59625212941,-0.04006018431446334
2006-05-26 00:00:00+00:00,1282.75,1303.6932006835937,1263.0027001953124,1.0,125865.95196235369,87410.56218057916,-0.03498213278164408
2006-05-29 00:00:00+00:00,1280.0,1303.09,1263.2952001953124,1.0,125596.11655569107,87223.1686541737,-0.037050968591311184
2006-05-30 00:00:00+00:00,1260.0,1301.98,1263.4877001953125,1.0,123633.6772345084,85860.30664395224,-0.05209704720707187
2006-05-31 00:00:00+00:00,1272.0,1301.27,1263.7427001953124,1.0,124811.140827218,86678.02385008511,-0.0430694000376155
2006-06-01 00:00:00+00:00,1285.75,1300.695,1264.0527001953126,1.0,126160.3178605311,87614.99148211237,-0.03272522098927988
2006-06-02 00:00:00+00:00,1288.25,1300.225,1264.3739501953125,1.0,126405.62277567894,87785.34923339006,-0.030844461162309655
2006-06-05 00:00:00+00:00,1269.5,1299.36,1264.6139501953126,1.0,124565.8359120702,86507.66609880744,-0.04495015986458539
2006-06-06 00:00:00+00:00,1265.75,1298.455,1264.8927001953125,1.0,124197.87853934844,86252.12947189092,-0.04777129960504056
2006-06-07 00:00:00+00:00,1256.0,1297.525,1265.1052001953126,1.0,123241.18937027191,85587.73424190795,-0.05510626293022369
2006-06-08 00:00:00+00:00,1255.5,1296.435,1265.3527001953125,1.0,123192.12838724234,85553.66269165243,-0.05548241489561778
2006-06-09 00:00:00+00:00,1251.0,1295.305,1265.5352001953124,1.0,122750.57953997623,85247.01873935258,-0.05886778258416403
2006-06-12 00:00:00+00:00,1236.5,1293.885,1265.6752001953125,1.0,121327.8110321188,84258.94378194203,-0.06977618958059051
2006-06-13 00:00:00+00:00,1222.0,1292.21,1265.6777001953126,1.0,119905.04252426137,83270.86882453147,-0.08068459657701699
2006-06-14 00:00:00+00:00,1230.75,1290.53,1265.7227001953124,1.0,120763.6097272788,83867.12095400337,-0.07410193718262159
2006-06-15 00:00:00+00:00,1257.0,1289.29,1265.9089501953124,1.0,123339.31133633105,85655.87734241904,-0.054353958999435625
2006-06-16 00:00:00+00:00,1252.0899658203125,1287.9817993164063,1265.9981500244141,1.0,122857.52912920256,85321.29238979978,-0.05804779701311813
2006-06-19 00:00:00+00:00,1248.5,1286.8717993164062,1266.063150024414,1.0,122505.27462482841,85076.66098807492,-0.06074854241113403
2006-06-20 00:00:00+00:00,1252.5,1285.8117993164062,1266.1656500244142,1.0,122897.76248906495,85349.23339011922,-0.05773932668798187
2006-06-21 00:00:00+00:00,1261.75,1285.1667993164062,1266.264400024414,1.0,123805.39067511194,85979.55706984665,-0.0507805153281925
2006-06-22 00:00:00+00:00,1256.0,1284.3767993164063,1266.3431500244142,1.0,123241.18937027192,85587.73424190798,-0.05510626293022358
2006-06-23 00:00:00+00:00,1255.5,1283.6017993164062,1266.458150024414,1.0,123192.12838724237,85553.66269165244,-0.05548241489561756
2006-06-26 00:00:00+00:00,1260.25,1282.9467993164062,1266.616900024414,1.0,123658.20772602323,85877.34241908004,-0.051908971224374545
2006-06-27 00:00:00+00:00,1249.75,1281.6717993164064,1266.729400024414,1.0,122627.92708240233,85161.83986371377,-0.059808162497648976
2006-06-28 00:00:00+00:00,1257.75,1280.5217993164063,1266.8541998291016,1.0,123412.9028108754,85706.98466780236,-0.05378973105134466
2006-06-29 00:00:00+00:00,1282.5,1279.8317993164062,1267.0766998291015,1.0,125841.42147083896,87393.52640545141,-0.03517020876434063
2006-06-30 00:00:00+00:00,1279.5,1279.0817993164062,1267.3366998291015,1.0,125547.05557266154,87189.09710391819,-0.03742712055670494
2006-07-03 00:00:00+00:00,1288.25,1278.5567993164063,1267.6979498291016,1.0,126405.62277567897,87785.34923339008,-0.030844461162309433
2006-07-04 00:00:00+00:00,1287.75,1278.1217993164062,1268.0379498291015,1.0,126356.5617926494,87751.27768313454,-0.031220613127703523
2006-07-05 00:00:00+00:00,1279.75,1277.5367993164064,1268.3341998291016,1.0,125571.58606417633,87206.13287904597,-0.03723904457400784
2006-07-06 00:00:00+00:00,1282.75,1276.8917993164061,1268.6404498291015,1.0,125865.95196235375,87410.56218057919,-0.03498213278164364
2006-07-07 00:00:00+00:00,1275.0,1276.0717993164062,1268.9066998291016,1.0,125105.50672539546,86882.45315161836,-0.040812488245250855
2006-07-10 00:00:00+00:00,1277.0,1275.4467993164062,1269.1779498291016,1.0,125301.75065751372,87018.7393526405,-0.03930788038367483
2006-07-11 00:00:00+00:00,1282.25,1274.7317993164063,1269.4304498291015,1.0,125816.89097932418,87376.49063032365,-0.035358284747037616
2006-07-12 00:00:00+00:00,1268.25,1273.8517993164062,1269.6004498291015,1.0,124443.18345449629,86422.48722316862,-0.04589053977807034
2006-07-13 00:00:00+00:00,1247.5,1272.4617993164063,1269.6791998291017,1.0,122407.15265876926,85008.51788756385,-0.0615008463419221
2006-07-14 00:00:00+00:00,1242.25,1270.7267993164062,1269.8066998291015,1.0,121892.01233695881,84650.76660988071,-0.06545044197855932
2006-07-17 00:00:00+00:00,1240.5,1268.9917993164063,1270.0054498291015,1.0,121720.29889635532,84531.51618398633,-0.06676697385743846
2006-07-18 00:00:00+00:00,1245.75,1267.3217993164062,1270.2491998291016,0.0,121720.29889635532,84889.26746166947,-0.06676697385743846
2006-07-19 00:00:00+00:00,1262.5,1266.0167993164061,1270.5616998291016,0.0,121720.29889635532,86030.66439522993,-0.06676697385743846
2006-07-20 00:00:00+00:00,1254.25,1264.8667993164063,1270.8829498291016,0.0,121720.29889635532,85468.48381601358,-0.06676697385743846
2006-07-21 00:00:00+00:00,1244.75,1263.8767993164063,1271.1641998291016,0.0,121720.29889635532,84821.12436115838,-0.06676697385743846
2006-07-24 00:00:00+00:00,1267.5,1263.2817993164062,1271.6091998291015,0.0,121720.29889635532,86371.3798977853,-0.06676697385743846
2006-07-25 00:00:00+00:00,1271.5,1262.8117993164062,1272.0766998291015,0.0,121720.29889635532,86643.95229982959,-0.06676697385743846
2006-07-26 00:00:00+00:00,1273.25,1262.8967993164063,1272.4929498291015,0.0,121720.29889635532,86763.20272572397,-0.06676697385743846
2006-07-27 00:00:00+00:00,1272.25,1263.0817993164062,1272.8829498291016,0.0,121720.29889635532,86695.05962521289,-0.06676697385743846
2006-07-28 00:00:00+00:00,1284.25,1263.3517993164062,1273.3966998291016,0.0,121720.29889635532,87512.77683134578,-0.06676697385743846
2006-07-31 00:00:00+00:00,1281.75,1263.7467993164062,1273.8029498291016,0.0,121720.29889635532,87342.4190800681,-0.06676697385743846
2006-08-01 00:00:00+00:00,1276.75,1264.2317993164063,1274.2891998291016,0.0,121720.29889635532,87001.70357751273,-0.06676697385743846
2006-08-02 00:00:00+00:00,1284.25,1264.6967993164062,1274.7916998291016,0.0,121720.29889635532,87512.77683134578,-0.06676697385743846
2006-08-03 00:00:00+00:00,1287.25,1264.9217993164064,1275.2154498291015,0.0,121720.29889635532,87717.20613287899,-0.06676697385743846
2006-08-04 00:00:00+00:00,1286.0,1264.9867993164062,1275.6504498291015,0.0,121720.29889635532,87632.02725724016,-0.06676697385743846
2006-08-07 00:00:00+00:00,1282.25,1265.0317993164062,1276.0816998291016,0.0,121720.29889635532,87376.49063032362,-0.06676697385743846
2006-08-08 00:00:00+00:00,1276.75,1265.3667993164063,1276.5529498291016,0.0,121720.29889635532,87001.70357751272,-0.06676697385743846
2006-08-09 00:00:00+00:00,1271.5,1265.3567993164063,1276.9116998291015,0.0,121720.29889635532,86643.95229982957,-0.06676697385743846
2006-08-10 00:00:00+00:00,1275.5,1265.1517993164061,1277.2404498291016,0.0,121720.29889635532,86916.52470187386,-0.06676697385743846
2006-08-11 00:00:00+00:00,1272.25,1264.8317993164062,1277.5704498291016,0.0,121720.29889635532,86695.05962521287,-0.06676697385743846
2006-08-14 00:00:00+00:00,1273.25,1264.9067993164062,1277.8466998291015,0.0,121720.29889635532,86763.20272572394,-0.06676697385743846
2006-08-15 00:00:00+00:00,1287.75,1265.3467993164063,1278.1666998291016,0.0,121720.29889635532,87751.27768313451,-0.06676697385743846
2006-08-16 00:00:00+00:00,1299.0,1266.2067993164062,1278.5516998291016,0.0,121720.29889635532,88517.88756388408,-0.06676697385743846
2006-08-17 00:00:00+00:00,1301.0,1267.1167993164063,1278.9429498291015,0.0,121720.29889635532,88654.17376490621,-0.06676697385743846
2006-08-18 00:00:00+00:00,1307.0,1268.2367993164062,1279.3641998291016,0.0,121720.29889635532,89063.03236797266,-0.06676697385743846
2006-08-21 00:00:00+00:00,1302.25,1269.5517993164062,1279.7566998291015,0.0,121720.29889635532,88739.35264054505,-0.06676697385743846
2006-08-22 00:00:00+00:00,1302.0,1271.1517993164061,1280.0979498291015,0.0,121720.29889635532,88722.31686541728,-0.06676697385743846
2006-08-23 00:00:00+00:00,1297.75,1272.4917993164063,1280.3966998291016,0.0,121720.29889635532,88432.70868824523,-0.06676697385743846
2006-08-24 00:00:00+00:00,1296.0,1273.2717993164063,1280.6904498291015,0.0,121720.29889635532,88313.45826235085,-0.06676697385743846
2006-08-25 00:00:00+00:00,1297.5,1274.18,1281.0154498291015,0.0,121720.29889635532,88415.67291311745,-0.06676697385743846
2006-08-28 00:00:00+00:00,1303.75,1275.285,1281.3604498291015,0.0,121720.29889635532,88841.56729131166,-0.06676697385743846
2006-08-29 00:00:00+00:00,1305.0,1276.335,1281.6591998291015,0.0,121720.29889635532,88926.7461669505,-0.06676697385743846
2006-08-30 00:00:00+00:00,1305.0,1277.2,1281.9329498291015,0.0,121720.29889635532,88926.7461669505,-0.06676697385743846
2006-08-31 00:00:00+00:00,1305.5,1278.19,1282.1754498291016,0.0,121720.29889635532,88960.81771720602,-0.06676697385743846
2006-09-01 00:00:00+00:00,1312.5,1279.33,1282.4279498291016,0.0,121720.29889635532,89437.81942078355,-0.06676697385743846
2006-09-04 00:00:00+00:00,1316.25,1280.45,1282.6666998291016,0.0,121720.29889635532,89693.35604770007,-0.06676697385743846
2006-09-05 00:00:00+00:00,1314.5,1281.745,1282.9016998291015,0.0,121720.29889635532,89574.1056218057,-0.06676697385743846
2006-09-06 00:00:00+00:00,1302.75,1282.645,1283.0654498291015,0.0,121720.29889635532,88773.4241908006,-0.06676697385743846
2006-09-07 00:00:00+00:00,1296.25,1282.92,1283.2416998291017,0.0,121720.29889635532,88330.49403747861,-0.06676697385743846
2006-09-08 00:00:00+00:00,1299.25,1283.315,1283.4416998291015,0.0,121720.29889635532,88534.92333901183,-0.06676697385743846
2006-09-11 00:00:00+00:00,1300.5,1283.56,1283.6891998291017,0.0,121720.29889635532,88620.10221465066,-0.06676697385743846
2006-09-12 00:00:00+00:00,1313.75,1284.08,1283.9354498291016,0.0,121720.29889635532,89522.99829642239,-0.06676697385743846
2006-09-13 00:00:00+00:00,1317.5,1284.835,1284.1929498291015,1.0,122067.74028235825,89778.53492333893,-0.06410313077615604
2006-09-14 00:00:00+00:00,1318.0,1285.54,1284.4654498291015,1.0,122114.06580049198,89812.60647359447,-0.06374795169865166
2006-09-15 00:00:00+00:00,1323.1199951171875,1286.5023999023438,1284.7535498046875,1.0,122588.43865378365,90161.49881548119,-0.06011092141355334
2006-09-18 00:00:00+00:00,1334.25,1287.6473999023438,1285.1347998046874,1.0,123619.64513983796,90919.93185689942,-0.05220463167976175
2006-09-19 00:00:00+00:00,1330.5,1288.6123999023437,1285.5035498046875,1.0,123272.20375383506,90664.3952299829,-0.05486847476104395
2006-09-20 00:00:00+00:00,1336.5,1289.9773999023437,1285.8897998046875,1.0,123828.10997143971,91073.25383304933,-0.05060632583099234
2006-09-21 00:00:00+00:00,1330.25,1291.6323999023436,1286.2360498046876,1.0,123249.04099476819,90647.35945485512,-0.05504606429979608
2006-09-22 00:00:00+00:00,1326.0,1293.3073999023438,1286.5210498046874,1.0,122855.27409063154,90357.75127768306,-0.05806508645858277
2006-09-25 00:00:00+00:00,1335.75,1295.2123999023438,1286.8310498046876,1.0,123758.62169423912,91022.14650766601,-0.051139094447248956
2006-09-26 00:00:00+00:00,1346.75,1297.2323999023438,1287.2172998046874,1.0,124777.78309318102,91771.72061328782,-0.04332515474215415
2006-09-27 00:00:00+00:00,1347.75,1298.9373999023437,1287.581849975586,1.0,124870.43412944845,91839.8637137989,-0.04261479658714562
2006-09-28 00:00:00+00:00,1347.25,1300.7973999023438,1287.9805999755858,1.0,124824.10861131472,91805.79216354336,-0.042969975664649995
2006-09-29 00:00:00+00:00,1345.5,1302.8123999023437,1288.368099975586,1.0,124661.96929784669,91686.54173764898,-0.04421310243591503
2006-10-02 00:00:00+00:00,1340.5,1304.2723999023438,1288.7205999755859,1.0,124198.7141165095,91345.82623509361,-0.04776489321095789
2006-10-03 00:00:00+00:00,1343.25,1305.7073999023437,1289.059349975586,1.0,124453.50446624497,91533.21976149907,-0.04581140828468422
2006-10-04 00:00:00+00:00,1358.25,1307.4073999023437,1289.468099975586,1.0,125843.27001025663,92555.36626916517,-0.035156035959555076
2006-10-05 00:00:00+00:00,1360.75,1309.1773999023437,1289.951849975586,1.0,126074.89760092522,92725.72402044285,-0.033380140572033756
2006-10-06 00:00:00+00:00,1358.75,1310.6673999023437,1290.4193499755859,1.0,125889.59552839035,92589.43781942071,-0.03480085688205081
2006-10-09 00:00:00+00:00,1359.25,1312.2173999023437,1290.915599975586,1.0,125935.92104652405,92623.50936967623,-0.03444567780454666
2006-10-10 00:00:00+00:00,1360.75,1313.8973999023438,1291.445599975586,1.0,126074.89760092522,92725.72402044285,-0.033380140572033756
2006-10-11 00:00:00+00:00,1359.0,1315.3923999023436,1291.8668499755859,1.0,125912.75828745721,92606.47359454847,-0.03462326734329868
2006-10-12 00:00:00+00:00,1370.75,1317.0623999023437,1292.318099975586,1.0,127001.40796359966,93407.15502555358,-0.0262765590219477
2006-10-13 00:00:00+00:00,1373.5,1318.8123999023437,1292.779349975586,1.0,127256.19831333512,93594.54855195903,-0.024323074095674135
2006-10-16 00:00:00+00:00,1376.0,1320.6873999023437,1293.2005999755859,1.0,127487.82590400374,93764.90630323671,-0.022547178708152593
2006-10-17 00:00:00+00:00,1371.75,1322.5873999023438,1293.5843499755858,1.0,127094.0589998671,93475.29812606465,-0.02556620086693906
2006-10-18 00:00:00+00:00,1372.5,1324.6073999023438,1293.966849975586,1.0,127163.54727706767,93526.40545144794,-0.025033432250682774
2006-10-19 00:00:00+00:00,1374.25,1326.5823999023437,1294.339349975586,1.0,127325.68659053571,93645.65587734233,-0.02379030547941763
2006-10-20 00:00:00+00:00,1375.0,1328.6373999023438,1294.746849975586,1.0,127395.17486773628,93696.76320272562,-0.023257536863161232
2006-10-23 00:00:00+00:00,1380.75,1330.7873999023439,1295.186849975586,1.0,127927.9183262741,94088.5860306643,-0.01917297747186164
2006-10-24 00:00:00+00:00,1384.75,1332.7273999023437,1295.6368499755858,1.0,128298.52247134388,94361.15843270859,-0.016331544851827196
2006-10-25 00:00:00+00:00,1389.25,1334.5323999023437,1296.135599975586,1.0,128715.45213454738,94667.80238500843,-0.013134933154288486
2006-10-26 00:00:00+00:00,1393.0,1336.3723999023437,1296.681849975586,1.0,129062.8935205503,94923.33901192495,-0.010471090073006173
2006-10-27 00:00:00+00:00,1384.75,1337.9273999023437,1297.164349975586,1.0,128298.52247134388,94361.15843270859,-0.016331544851827196
2006-10-30 00:00:00+00:00,1383.25,1339.5473999023438,1297.756849975586,1.0,128159.54591694272,94258.94378194198,-0.0173970820843401
2006-10-31 00:00:00+00:00,1383.25,1341.1723999023438,1298.326849975586,1.0,128159.54591694272,94258.94378194198,-0.0173970820843401
2006-11-01 00:00:00+00:00,1373.0,1342.6773999023437,1298.839349975586,1.0,127209.87279520142,93560.47700170349,-0.02467825317317829
2006-11-02 00:00:00+00:00,1371.25,1344.1823999023438,1299.340599975586,1.0,127047.73348173339,93441.22657580911,-0.025921379944443323
2006-11-03 00:00:00+00:00,1368.5,1345.6023999023437,1299.7943499755859,1.0,126792.94313199793,93253.83304940366,-0.027874864870716887
2006-11-06 00:00:00+00:00,1383.75,1347.2023999023438,1300.266849975586,1.0,128205.87143507646,94293.01533219754,-0.017041903006835613
2006-11-07 00:00:00+00:00,1389.0,1348.8823999023436,1300.769349975586,1.0,128692.28937548054,94650.76660988067,-0.013312522693040396
2006-11-08 00:00:00+00:00,1391.5,1350.6123999023437,1301.309349975586,1.0,128923.91696614916,94821.12436115835,-0.011536627305518854
2006-11-09 00:00:00+00:00,1384.0,1352.1823999023438,1301.7930999755858,1.0,128229.03419414331,94310.0511073253,-0.01686431346808348
2006-11-10 00:00:00+00:00,1384.75,1353.6273999023438,1302.3568499755859,1.0,128298.52247134388,94361.1584327086,-0.016331544851827196
2006-11-13 00:00:00+00:00,1388.0,1355.0623999023437,1302.9693499755858,1.0,128599.63833921307,94582.62350936957,-0.014022880848049257
2006-11-14 00:00:00+00:00,1397.75,1356.7273999023437,1303.614349975586,1.0,129502.98594282064,95247.01873935254,-0.007096888836715443
2006-11-15 00:00:00+00:00,1401.5,1358.7023999023438,1304.3343499755858,1.0,129850.42732882354,95502.55536626907,-0.00443304575543324
2006-11-16 00:00:00+00:00,1405.0,1360.8773999023438,1305.018099975586,1.0,130174.70595575962,95741.05621805781,-0.001946792212902948
2006-11-17 00:00:00+00:00,1404.75,1362.9873999023437,1305.713099975586,1.0,130151.54319669276,95724.02044293005,-0.00212438175165508
2006-11-20 00:00:00+00:00,1405.25,1365.0823999023437,1306.3980999755859,1.0,130197.86871482646,95758.09199318558,-0.001769202674150927
2006-11-21 00:00:00+00:00,1406.25,1366.9323999023438,1307.100599975586,1.0,130290.51975109389,95826.23509369664,-0.001058844519142399
2006-11-22 00:00:00+00:00,1408.5,1368.7523999023438,1307.7518499755859,1.0,130498.98458269564,95979.55706984656,0.0
2006-11-23 00:00:00+00:00,1407.25,1370.5373999023439,1308.3768499755859,1.0,130383.17078736135,95894.37819420772,-0.0008874689385870438
2006-11-24 00:00:00+00:00,1403.0,1372.135,1308.933099975586,1.0,129989.4038832247,95604.77001703565,-0.003904863329783459
2006-11-27 00:00:00+00:00,1383.5,1373.12,1309.405599975586,1.0,128182.70867600954,94275.97955706973,-0.017749378771742874
2006-11-28 00:00:00+00:00,1388.5,1374.28,1309.904349975586,1.0,128645.96385734677,94616.6950596251,-0.014199503017394255
2006-11-29 00:00:00+00:00,1402.25,1375.595,1310.489349975586,1.0,129919.91560602414,95553.66269165237,-0.004437344692935552
2006-11-30 00:00:00+00:00,1403.0,1377.05,1311.0430999755858,1.0,129989.4038832247,95604.77001703565,-0.003904863329783459
2006-12-01 00:00:00+00:00,1400.5,1378.54,1311.5943499755858,1.0,129757.7762925561,95434.41226575797,-0.0056798012069576576
2006-12-04 00:00:00+00:00,1410.75,1380.04,1312.183099975586,1.0,130707.4494142974,96132.87904599647,0.0
2006-12-05 00:00:00+00:00,1416.75,1381.44,1312.796849975586,1.0,131263.35563190206,96541.7376490629,0.0
2006-12-06 00:00:00+00:00,1414.75,1382.78,1313.458099975586,1.0,131078.05355936717,96405.45144804075,-0.0014116816657844256
2006-12-07 00:00:00+00:00,1408.75,1384.01,1314.041849975586,1.0,130522.14734176251,95996.59284497432,-0.005646726663137369
2006-12-08 00:00:00+00:00,1410.0,1385.3,1314.634349975586,1.0,130637.96113709682,96081.77172061316,-0.004764425622022173
2006-12-11 00:00:00+00:00,1414.5,1386.78,1315.274349975586,1.0,131054.89080030033,96388.41567291299,-0.0015881418740072428
2006-12-12 00:00:00+00:00,1412.75,1388.17,1315.9405999755859,1.0,130892.7514868323,96269.16524701862,-0.002823363331568518
2006-12-13 00:00:00+00:00,1414.25,1389.29,1316.624349975586,1.0,131031.72804123347,96371.37989778523,-0.0017646020822302821
2006-12-14 00:00:00+00:00,1426.0,1390.595,1317.3568499755859,1.0,132120.37771737596,97172.06132879034,0.0
2006-12-15 00:00:00+00:00,1428.739990234375,1391.9947998046875,1318.1405499267578,1.0,132374.2406519535,97358.77275873072,0.0
2006-12-18 00:00:00+00:00,1434.75,1393.5047998046875,1318.8992999267577,1.0,132931.0742847161,97768.31345826223,0.0
2006-12-19 00:00:00+00:00,1436.25,1395.0147998046875,1319.6530499267578,1.0,133070.05083911726,97870.52810902885,0.0
2006-12-20 00:00:00+00:00,1435.25,1396.5397998046874,1320.3367999267577,1.0,132977.3998028498,97802.38500851777,-0.0006962576153177746
2006-12-21 00:00:00+00:00,1429.75,1397.7197998046875,1320.9667999267579,1.0,132467.8191033789,97427.59795570686,-0.004525674499564758
2006-12-22 00:00:00+00:00,1420.25,1398.6547998046874,1321.5367999267578,1.0,131587.63425883814,96780.23850085167,-0.011140121845082729
2006-12-26 00:00:00+00:00,1428.75,1399.7097998046875,1322.1297497558594,1.0,132375.16806711143,97359.4548551958,-0.005221932114882533
2006-12-27 00:00:00+00:00,1437.0,1401.0147998046875,1322.7372497558595,1.0,133139.53911631784,97921.63543441214,0.0
2006-12-28 00:00:00+00:00,1433.75,1402.2397998046874,1323.3684997558594,1.0,132838.42324844864,97700.17035775115,-0.0022616562282533614
2006-12-29 00:00:00+00:00,1428.5,1403.3247998046875,1323.9384997558593,1.0,132352.00530804458,97342.41908006802,-0.005915100904662407
2007-01-03 00:00:00+00:00,1424.75,1404.3197998046876,1324.5034997558594,1.0,132004.56392204168,97086.8824531515,-0.00852470424495455
2007-01-04 00:00:00+00:00,1427.5,1405.2547998046875,1325.0772497558594,1.0,132259.35427177715,97274.27597955697,-0.006610995128740194
2007-01-05 00:00:00+00:00,1416.5,1405.8897998046875,1325.6047497558593,1.0,131240.19287283527,96524.70187393516,-0.014265831593597511
2007-01-08 00:00:00+00:00,1422.5,1406.5547998046875,1326.2047497558594,1.0,131796.09909043994,96933.5604770016,-0.010090466249129793
2007-01-09 00:00:00+00:00,1420.5,1407.1047998046874,1326.7572497558594,1.0,131610.79701790505,96797.27427597948,-0.011482254697285699
2007-01-10 00:00:00+00:00,1424.5,1407.8997998046875,1327.3422497558595,1.0,131981.40116297483,97069.84667802378,-0.008698677800973886
2007-01-11 00:00:00+00:00,1431.0,1408.8547998046874,1327.9597497558593,1.0,132583.63289871323,97512.77683134575,-0.0041753653444672745
2007-01-12 00:00:00+00:00,1440.75,1410.0047998046875,1328.6347497558593,1.0,133486.9805023208,98177.1720613287,0.0
2007-01-16 00:00:00+00:00,1438.75,1411.3197998046876,1329.2547497558594,1.0,133301.6784297859,98040.88586030656,-0.0013881658858233559
2007-01-17 00:00:00+00:00,1438.75,1412.6697998046875,1329.8534997558593,1.0,133301.6784297859,98040.88586030656,-0.0013881658858233559
2007-01-18 00:00:00+00:00,1433.25,1413.9647998046876,1330.4322497558594,1.0,132792.09773031494,97666.09880749565,-0.005205622071837834
2007-01-19 00:00:00+00:00,1436.75,1415.0247998046875,1331.0959997558593,1.0,133116.376357251,97904.59965928442,-0.002776331771646934
2007-01-22 00:00:00+00:00,1431.0,1415.8647998046874,1331.7234997558594,1.0,132583.63289871317,97512.77683134575,-0.006767308693389262
2007-01-23 00:00:00+00:00,1435.5,1416.7447998046875,1332.4309997558594,1.0,133000.5625619167,97819.42078364559,-0.0036439354502864063
2007-01-24 00:00:00+00:00,1446.25,1417.9897998046874,1333.1847497558595,1.0,133996.56120179174,98551.95911413962,0.0
2007-01-25 00:00:00+00:00,1429.25,1418.8797998046875,1333.8597497558594,1.0,132421.4935852452,97393.52640545138,-0.011754537597234216
2007-01-26 00:00:00+00:00,1427.5,1419.6697998046875,1334.5322497558593,1.0,132259.35427177715,97274.275979557,-0.012964563526361328
2007-01-29 00:00:00+00:00,1426.25,1420.2397998046874,1335.0959997558593,1.0,132143.54047644284,97189.09710391816,-0.01382886776145209
2007-01-30 00:00:00+00:00,1434.0,1420.8897998046875,1335.6897497558593,1.0,132861.58600751555,97717.20613287897,-0.00847018150388934
2007-01-31 00:00:00+00:00,1443.0,1421.6497998046875,1336.3197497558594,1.0,133695.44533392251,98330.49403747864,-0.0022471910112362714
2007-02-01 00:00:00+00:00,1450.75,1422.5697998046876,1336.9884997558593,1.0,134413.4908649952,98858.60306643945,0.0
2007-02-02 00:00:00+00:00,1453.0,1423.5247998046875,1337.6809997558594,1.0,134621.95569659697,99011.92504258937,0.0
2007-02-05 00:00:00+00:00,1453.75,1424.4747998046876,1338.4022497558594,1.0,134691.44397379755,99063.03236797269,0.0
2007-02-06 00:00:00+00:00,1453.25,1425.3697998046875,1339.1234997558595,1.0,134645.11845566382,99028.96081771713,-0.00034393809114363627
2007-02-07 00:00:00+00:00,1455.75,1426.3397998046876,1339.8272497558594,1.0,134876.74604633244,99199.31856899481,0.0
2007-02-08 00:00:00+00:00,1454.0,1427.3597998046876,1340.5172497558594,1.0,134714.60673286443,99080.06814310045,-0.001202129486518877
2007-02-09 00:00:00+00:00,1443.0,1428.5497998046876,1341.1909997558594,1.0,133695.44533392251,98330.49403747864,-0.008758371973209722
2007-02-12 00:00:00+00:00,1438.0,1429.5397998046874,1341.7909997558593,1.0,133232.1901525853,97989.77853492327,-0.012193027648978116
2007-02-13 00:00:00+00:00,1449.5,1430.4847998046876,1342.4772497558595,1.0,134297.67706966092,98773.42419080061,-0.004293319594710576
2007-02-14 00:00:00+00:00,1458.5,1431.5947998046875,1343.1847497558595,1.0,135131.5363960679,99386.71209540026,0.0
2007-02-15 00:00:00+00:00,1459.5,1432.7747998046875,1343.8372497558594,1.0,135224.18743233537,99454.85519591134,0.0
2007-02-16 00:00:00+00:00,1459.0,1433.7397998046874,1344.4959997558594,1.0,135177.86191420164,99420.78364565581,-0.00034258307639611907
2007-02-20 00:00:00+00:00,1461.75,1434.6397998046875,1345.1584997558593,1.0,135432.65226393714,99608.17717206127,0.0
2007-02-21 00:00:00+00:00,1460.5,1435.5547998046875,1345.8222497558593,1.0,135316.83846860283,99522.99829642243,-0.000855139387720194
2007-02-22 00:00:00+00:00,1459.25,1436.5647998046875,1346.5597497558595,1.0,135201.02467326852,99437.81942078359,-0.0017102787754404991
2007-02-23 00:00:00+00:00,1453.75,1437.4397998046875,1347.3572497558594,1.0,134691.44397379758,99063.03236797269,-0.005472892081409331
2007-02-26 00:00:00+00:00,1452.5,1438.1997998046875,1348.1334997558595,1.0,134575.63017846327,98977.85349233386,-0.006328031469129525
2007-02-27 00:00:00+00:00,1395.25,1437.8497998046876,1348.6347497558593,1.0,129271.35835215206,95076.66098807492,-0.04549341542671459
2007-02-28 00:00:00+00:00,1409.0,1437.7447998046875,1349.3347497558593,1.0,130545.31010082943,96013.62862010217,-0.036086882161792455
2007-03-01 00:00:00+00:00,1405.0,1437.3247998046875,1350.0447497558594,1.0,130174.70595575967,95741.05621805789,-0.03882332820249701
2007-03-02 00:00:00+00:00,1385.75,1436.465,1350.6197497558594,1.0,128391.17350761135,94429.30153321972,-0.051992474773387976
2007-03-05 00:00:00+00:00,1372.25,1435.215,1351.1709997558594,1.0,127140.38451800085,93509.36967632025,-0.06122798016076614
2007-03-06 00:00:00+00:00,1395.5,1434.4,1351.8859997558593,1.0,129294.52111121896,95093.69676320271,-0.045322387549170395
2007-03-07 00:00:00+00:00,1393.25,1433.56,1352.5472497558594,1.0,129086.0562796172,94940.37478705279,-0.0468616384470667
2007-03-08 00:00:00+00:00,1404.75,1433.06,1353.1909997558594,1.0,130151.54319669282,95724.02044293015,-0.03899435608004087
2007-03-09 00:00:00+00:00,1405.0,1432.755,1353.8022497558593,1.0,130174.70595575968,95741.0562180579,-0.0388233282024969
2007-03-12 00:00:00+00:00,1407.0,1432.32,1354.4372497558593,1.0,130360.0080282946,95877.34241908006,-0.037455105182144344
2007-03-13 00:00:00+00:00,1379.75,1431.175,1355.0359997558594,1.0,127835.26729000674,94020.44293015331,-0.05609714383444453
2007-03-14 00:00:00+00:00,1389.5,1430.29,1355.6234997558595,1.0,128738.61489361433,94684.83816013629,-0.04942705661022706
2007-03-15 00:00:00+00:00,1391.5,1429.55,1356.1522497558594,1.0,128923.91696614922,94821.12436115844,-0.04805883358987473
2007-03-16 00:00:00+00:00,1396.1199951171875,1428.9773999023437,1356.6915997314454,1.0,129351.96430130718,95135.9451527896,-0.04489824175324908
2007-03-19 00:00:00+00:00,1415.75,1428.7423999023438,1357.4228497314452,1.0,131170.70459563474,96473.59454855195,-0.031469129468102874
2007-03-20 00:00:00+00:00,1423.5,1428.8823999023436,1358.2115997314454,1.0,131888.75012670745,97001.70357751276,-0.026167265264237516
2007-03-21 00:00:00+00:00,1445.0,1429.3323999023437,1359.1565997314453,1.0,133880.7474064575,98466.78023850084,-0.011458867795450245
2007-03-22 00:00:00+00:00,1445.0,1429.8223999023437,1360.1040997314453,1.0,133880.7474064575,98466.78023850084,-0.011458867795450245
2007-03-23 00:00:00+00:00,1447.0,1430.2723999023438,1361.0840997314453,1.0,134066.04947899238,98603.06643952298,-0.010090644775097912
2007-03-26 00:00:00+00:00,1445.25,1430.5573999023438,1362.1278497314454,1.0,133903.91016552437,98483.81601362862,-0.011287839917906162
2007-03-27 00:00:00+00:00,1440.5,1430.5523999023437,1363.2203497314454,1.0,133463.817743254,98160.13628620101,-0.014537369591242855
2007-03-28 00:00:00+00:00,1429.5,1430.3673999023438,1364.2140997314452,1.0,132444.6563443121,97410.5621805792,-0.02206259620318074
2007-03-29 00:00:00+00:00,1431.5,1430.2223999023438,1365.0865997314454,1.0,132629.95841684702,97546.84838160136,-0.020694373182828185
2007-03-30 00:00:00+00:00,1431.25,1430.1823999023438,1365.9823999023438,1.0,132606.79565778014,97529.8126064736,-0.02086540106037238
2007-04-02 00:00:00+00:00,1433.25,1430.1123999023437,1366.9061499023437,1.0,132792.09773031506,97666.09880749576,-0.019497178040019825
2007-04-03 00:00:00+00:00,1447.25,1430.4373999023437,1367.8798999023438,1.0,134089.21223805926,98620.10221465079,-0.009919616897553829
2007-04-04 00:00:00+00:00,1448.5,1430.6973999023437,1368.8136499023437,1.0,134205.0260333936,98705.28109028963,-0.009064477509833302
2007-04-05 00:00:00+00:00,1452.75,1430.8273999023438,1369.7973999023438,1.0,134598.79293753023,98994.8892674617,-0.006157003591584775
2007-04-09 00:00:00+00:00,1454.5,1431.3323999023437,1370.7923999023437,1.0,134760.93225099827,99114.13969335608,-0.004959808448776304
2007-04-10 00:00:00+00:00,1456.0,1431.9023999023439,1371.7711499023437,1.0,134899.90880539943,99216.35434412268,-0.003933641183512138
2007-04-11 00:00:00+00:00,1448.5,1432.3473999023438,1372.7648999023438,1.0,134205.0260333936,98705.28109028963,-0.009064477509833302
2007-04-12 00:00:00+00:00,1455.5,1432.7773999023439,1373.7536499023438,1.0,134853.58328726573,99182.28279386714,-0.004275696938600082
2007-04-13 00:00:00+00:00,1461.25,1433.1423999023436,1374.6473999023438,1.0,135386.32674580353,99574.10562180581,-0.00034205575508727826
2007-04-16 00:00:00+00:00,1475.5,1433.6373999023438,1375.6273999023438,1.0,136706.6040126146,100545.1448040886,0.0
2007-04-17 00:00:00+00:00,1479.0,1434.1573999023437,1376.5811499023437,1.0,137030.88263955066,100783.64565587736,0.0
2007-04-18 00:00:00+00:00,1480.25,1434.6873999023437,1377.5436499023438,1.0,137146.69643488497,100868.82453151622,0.0
2007-04-19 00:00:00+00:00,1480.25,1435.2273999023437,1378.5461499023438,1.0,137146.69643488497,100868.82453151622,0.0
2007-04-20 00:00:00+00:00,1493.0,1435.9723999023438,1379.5973999023438,1.0,138327.9971472949,101737.6490630324,0.0
2007-04-23 00:00:00+00:00,1488.25,1436.6573999023437,1380.6636499023436,1.0,137887.90472502453,101413.96933560481,-0.0031815137307434904
2007-04-24 00:00:00+00:00,1488.5,1437.5673999023438,1381.7211499023438,1.0,137911.06748409139,101431.00511073257,-0.003014065639651786
2007-04-25 00:00:00+00:00,1500.75,1438.8223999023437,1382.8136499023437,1.0,139046.0426783676,102265.75809199324,0.0
2007-04-26 00:00:00+00:00,1502.75,1439.8873999023438,1383.9861499023436,1.0,139231.3447509025,102402.04429301538,0.0
2007-04-27 00:00:00+00:00,1502.0,1440.7573999023436,1385.2586499023437,1.0,139161.8564737019,102350.93696763206,-0.000499085010813749
2007-04-30 00:00:00+00:00,1488.5,1441.3373999023438,1386.4898999023437,1.0,137911.06748409139,101431.00511073257,-0.009482615205456901
2007-05-01 00:00:00+00:00,1492.75,1442.0123999023438,1387.7511499023437,1.0,138304.83438822805,101720.61328790465,-0.006654466810846804
2007-05-02 00:00:00+00:00,1501.0,1442.7973999023438,1389.0273999023439,1.0,139069.20543743446,102282.793867121,-0.0011645316918982296
2007-05-03 00:00:00+00:00,1508.25,1443.7523999023438,1390.2561499023439,1.0,139740.92545037344,102776.83134582629,0.0
2007-05-04 00:00:00+00:00,1514.25,1444.8523999023437,1391.5561499023438,1.0,140296.8316679781,103185.68994889272,0.0
2007-05-07 00:00:00+00:00,1514.25,1446.0623999023437,1392.9036499023437,1.0,140296.8316679781,103185.68994889272,0.0
2007-05-08 00:00:00+00:00,1512.25,1447.2573999023436,1394.1273999023438,1.0,140111.52959544322,103049.40374787057,-0.001320785867591212
2007-05-09 00:00:00+00:00,1515.5,1449.6623999023439,1395.3473999023438,1.0,140412.6454633124,103270.86882453156,0.0
2007-05-10 00:00:00+00:00,1499.25,1451.4673999023437,1396.4773999023437,1.0,138907.06612396645,102163.54344122662,-0.01072253381722188
2007-05-11 00:00:00+00:00,1512.25,1453.6123999023437,1397.6773999023437,1.0,140111.52959544322,103049.40374787057,-0.0021445067634442427
2007-05-14 00:00:00+00:00,1508.75,1456.0723999023437,1398.7998999023437,1.0,139787.25096850717,102810.90289608181,-0.004453975585615111
2007-05-15 00:00:00+00:00,1508.5,1458.7973999023438,1399.9336499023439,1.0,139764.08820944032,102793.86712095405,-0.004618937644341514
2007-05-16 00:00:00+00:00,1518.0,1461.2473999023437,1401.1398999023438,1.0,140644.27305398104,103441.22657580925,0.0
2007-05-17 00:00:00+00:00,1515.25,1463.6873999023437,1402.2948999023438,1.0,140389.48270424557,103253.83304940381,-0.0018115942028985588
2007-05-18 00:00:00+00:00,1528.0,1466.1523999023439,1403.4986499023437,1.0,141570.78341665547,104122.65758091999,0.0
2007-05-21 00:00:00+00:00,1528.0,1468.6123999023437,1404.7086499023437,1.0,141570.78341665547,104122.65758091999,0.0
2007-05-22 00:00:00+00:00,1525.25,1470.9773999023437,1405.9236499023436,1.0,141315.99306692,103935.26405451454,-0.0017997382198953193
2007-05-23 00:00:00+00:00,1525.5,1473.8923999023436,1407.1673999023437,1.0,141339.15582598688,103952.29982964232,-0.001636125654450149
2007-05-24 00:00:00+00:00,1511.5,1476.3323999023437,1408.3673999023438,1.0,140042.04131824264,102998.2964224873,-0.010798429319371694
2007-05-25 00:00:00+00:00,1517.25,1478.8473999023438,1409.5761499023438,1.0,140574.78477678046,103390.11925042598,-0.007035340314135996
2007-05-29 00:00:00+00:00,1522.5,1481.375,1410.8273999023438,1.0,141061.20271718455,103747.87052810912,-0.0035994764397903056
2007-05-30 00:00:00+00:00,1534.0,1483.74,1412.1311499023439,1.0,142126.6896342602,104531.51618398646,0.0
2007-05-31 00:00:00+00:00,1533.0,1485.93,1413.3573999023438,1.0,142034.03859799274,104463.37308347538,-0.000651890482399109
2007-06-01 00:00:00+00:00,1539.5,1487.82,1414.5598999023437,1.0,142636.2703337311,104906.30323679735,0.0
2007-06-04 00:00:00+00:00,1540.25,1489.725,1415.7561499023439,1.0,142705.75861093172,104957.41056218067,0.0
2007-06-05 00:00:00+00:00,1533.75,1491.46,1416.8898999023438,1.0,142103.52687519332,104514.4804088587,-0.004220094140561681
2007-06-06 00:00:00+00:00,1516.5,1492.885,1417.9611499023438,1.0,140505.2964995799,103339.0119250427,-0.015419574744359621
2007-06-07 00:00:00+00:00,1489.25,1493.86,1418.8973999023438,1.0,137980.55576129202,101482.11243611593,-0.03311150787209882
2007-06-08 00:00:00+00:00,1508.0,1495.43,1419.9486499023437,1.0,139717.76269130662,102759.79557069857,-0.020938159389709554
2007-06-11 00:00:00+00:00,1510.5,1497.01,1421.0211499023437,1.0,139949.3902819752,102930.15332197624,-0.01931504625872449
2007-06-12 00:00:00+00:00,1493.0,1498.245,1421.9986499023437,1.0,138327.99714729493,101737.64906303247,-0.030676838175621057
2007-06-13 00:00:00+00:00,1515.5,1499.89,1423.0573999023438,1.0,140412.64546331242,103270.8688245316,-0.016068819996754025
2007-06-14 00:00:00+00:00,1524.75,1501.44,1424.1561499023437,1.0,141269.66754878627,103901.19250425902,-0.010063301412108872
2007-06-15 00:00:00+00:00,1534.0899658203125,1503.1517993164061,1425.3015997314453,1.0,142135.0250607407,104537.64673392256,-0.0039993729457480365
2007-06-18 00:00:00+00:00,1546.0,1505.0167993164061,1426.5040997314454,1.0,143238.50206946945,105349.23339011932,0.0
2007-06-19 00:00:00+00:00,1549.0,1506.9067993164062,1427.6865997314453,1.0,143516.45517827178,105553.66269165254,0.0
2007-06-20 00:00:00+00:00,1527.0,1508.3267993164063,1428.7403497314453,1.0,141478.132380388,104054.51448040892,-0.0142027114267268
2007-06-21 00:00:00+00:00,1535.75,1510.0717993164062,1429.8465997314454,1.0,142288.82894772815,104650.76660988083,-0.008553905745642187
2007-06-22 00:00:00+00:00,1520.5,1511.3717993164062,1430.9353497314453,1.0,140875.90064464964,103611.58432708695,-0.018398967075532346
2007-06-25 00:00:00+00:00,1513.5,1512.4167993164062,1432.0215997314453,1.0,140227.3433907775,103134.58262350943,-0.02291801162040019
2007-06-26 00:00:00+00:00,1497.75,1512.8617993164062,1433.0140997314454,1.0,138768.08956956526,102061.32879046001,-0.033085861846352316
2007-06-27 00:00:00+00:00,1519.0,1513.6617993164064,1434.1065997314454,1.0,140736.92409024847,103509.36967632033,-0.019367333763718242
2007-06-28 00:00:00+00:00,1517.25,1514.4017993164061,1435.1240997314453,1.0,140574.78477678043,103390.11925042597,-0.02049709489993523
2007-06-29 00:00:00+00:00,1515.5,1515.1067993164063,1436.1140997314453,1.0,140412.6454633124,103270.86882453159,-0.02162685603615222
2007-07-02 00:00:00+00:00,1531.0,1515.8667993164063,1437.1790997314454,1.0,141848.7365254578,104327.08688245322,-0.011620400258230967
2007-07-03 00:00:00+00:00,1536.25,1516.8267993164063,1438.2447497558594,1.0,142335.15446586188,104684.83816013637,-0.008231116849580222
2007-07-05 00:00:00+00:00,1534.5,1517.7467993164062,1439.2459997558594,1.0,142173.01515239384,104565.58773424198,-0.009360877985797211
2007-07-06 00:00:00+00:00,1542.5,1518.5817993164062,1440.3059997558594,1.0,142914.2234425334,105110.73253833059,-0.004196255648805547
2007-07-09 00:00:00+00:00,1542.5,1519.3767993164063,1441.3359997558593,1.0,142914.2234425334,105110.73253833059,-0.004196255648805547
2007-07-10 00:00:00+00:00,1520.0,1519.7367993164062,1442.2847497558594,1.0,140829.5751265159,103577.51277683143,-0.018721755971594423
2007-07-11 00:00:00+00:00,1531.0,1520.5867993164063,1443.3097497558595,1.0,141848.7365254578,104327.08688245322,-0.011620400258230967
2007-07-12 00:00:00+00:00,1555.75,1521.8467993164063,1444.4097497558594,1.0,144141.84967307703,106013.62862010229,0.0
2007-07-13 00:00:00+00:00,1560.0,1523.0267993164061,1445.4759997558594,1.0,144535.6165772137,106303.23679727435,0.0
2007-07-16 00:00:00+00:00,1559.75,1524.0567993164063,1446.5359997558594,1.0,144512.4538181468,106286.20102214659,-0.0001602564102565207
2007-07-17 00:00:00+00:00,1558.75,1524.9467993164062,1447.5934997558593,1.0,144419.80278187935,106218.0579216355,-0.0008012820512822705
2007-07-18 00:00:00+00:00,1554.75,1525.7567993164062,1448.6397497558594,1.0,144049.1986368096,105945.4855195912,-0.0033653846153847145
2007-07-19 00:00:00+00:00,1559.75,1526.7067993164062,1449.7359997558594,1.0,144512.45381814678,106286.20102214656,-0.00016025641025674275
2007-07-20 00:00:00+00:00,1545.0,1527.2967993164064,1450.7447497558594,1.0,143145.85103320197,105281.09028960824,-0.009615384615385025
2007-07-23 00:00:00+00:00,1549.0,1528.2917993164062,1451.6984997558593,1.0,143516.45517827175,105553.66269165251,-0.007051282051282359
2007-07-24 00:00:00+00:00,1522.5,1528.4967993164062,1452.5072497558594,1.0,141061.20271718444,103747.87052810908,-0.024038461538462008
2007-07-25 00:00:00+00:00,1524.75,1528.8167993164063,1453.3372497558594,1.0,141269.6675487862,103901.192504259,-0.02259615384615421
2007-07-26 00:00:00+00:00,1488.0,1528.4067993164062,1453.9809997558593,1.0,137864.74196595763,101396.93356047706,-0.046153846153846434
2007-07-27 00:00:00+00:00,1458.0,1527.2067993164062,1454.4672497558595,1.0,135085.21087793427,99352.64054514485,-0.06538461538461582
2007-07-30 00:00:00+00:00,1480.75,1526.5167993164061,1455.0759997558594,1.0,137193.02195301864,100902.89608177176,-0.050801282051282426
2007-07-31 00:00:00+00:00,1462.0,1525.1967993164062,1455.5322497558593,1.0,135455.81502300408,99625.21294718914,-0.06282051282051304
2007-08-01 00:00:00+00:00,1470.0,1524.0367993164064,1456.0147497558594,1.0,136197.02331314364,100170.35775127771,-0.05769230769230793
2007-08-02 00:00:00+00:00,1481.75,1523.1667993164062,1456.5434997558593,1.0,137285.6729892861,100971.03918228282,-0.050160256410256676
2007-08-03 00:00:00+00:00,1443.0,1521.5167993164061,1456.8997497558594,1.0,133695.44533392263,98330.49403747874,-0.07500000000000018
2007-08-06 00:00:00+00:00,1467.75,1520.6417993164061,1457.3759997558593,1.0,135988.5584815419,100017.03577512782,-0.05913461538461551
2007-08-07 00:00:00+00:00,1482.5,1519.9467993164062,1457.9172497558593,1.0,137355.1612664867,101022.14650766617,-0.049679487179487225
2007-08-08 00:00:00+00:00,1504.0,1519.5767993164063,1458.5622497558593,1.0,139347.1585462368,102487.22316865427,-0.03589743589743577
2007-08-09 00:00:00+00:00,1458.0,1518.0567993164063,1458.9484997558593,1.0,135085.21087793435,99352.64054514488,-0.06538461538461526
2007-08-10 00:00:00+00:00,1451.0,1516.4167993164062,1459.2797497558595,1.0,134436.65362406222,98875.63884156739,-0.06987179487179485
2007-08-13 00:00:00+00:00,1455.0,1514.7267993164062,1459.6084997558594,1.0,134807.257769132,99148.21124361169,-0.06730769230769229
2007-08-14 00:00:00+00:00,1434.25,1512.6067993164063,1459.8147497558593,1.0,132884.74876658255,97734.24190800691,-0.08060897435897418
2007-08-15 00:00:00+00:00,1414.5,1510.2217993164063,1459.9634997558594,1.0,131054.8908003005,96388.41567291321,-0.09326923076923066
2007-08-16 00:00:00+00:00,1424.5,1508.3817993164062,1460.1697497558594,1.0,131981.40116297497,97069.84667802395,-0.08685897435897405
2007-08-17 00:00:00+00:00,1450.0,1507.5967993164063,1460.5034997558594,1.0,134344.00258779482,98807.49574105632,-0.07051282051282015
2007-08-20 00:00:00+00:00,1449.0,1506.4167993164062,1460.8834997558595,1.0,134251.35155152736,98739.35264054526,-0.0711538461538459
2007-08-21 00:00:00+00:00,1450.25,1505.2117993164063,1461.2784997558595,1.0,134367.16534686167,98824.5315161841,-0.07035256410256385
2007-08-22 00:00:00+00:00,1468.75,1504.7267993164062,1461.7797497558595,1.0,136081.20951780942,100085.17887563897,-0.058493589743589314
2007-08-23 00:00:00+00:00,1466.5,1503.7467993164062,1462.1934997558594,1.0,135872.74468620768,99931.85689948905,-0.059935897435897
2007-08-24 00:00:00+00:00,1483.5,1502.9217993164064,1462.6659997558593,1.0,137447.81230275423,101090.28960817729,-0.04903846153846114
2007-08-27 00:00:00+00:00,1469.75,1501.635,1463.0572497558594,1.0,136173.86055407688,100153.32197615004,-0.057852564102563564
2007-08-28 00:00:00+00:00,1438.25,1499.48,1463.3284997558594,1.0,133255.35291165236,98006.81431005121,-0.0780448717948714
2007-08-29 00:00:00+00:00,1465.5,1497.81,1463.7322497558594,1.0,135780.09364994022,99863.71379897796,-0.06057692307692275
2007-08-30 00:00:00+00:00,1461.5,1496.5,1464.0997497558594,1.0,135409.48950487043,99591.14139693367,-0.0631410256410253
2007-08-31 00:00:00+00:00,1476.75,1495.32,1464.4947497558594,1.0,136822.41780794898,100630.32367972753,-0.053365384615384204
2007-09-04 00:00:00+00:00,1489.5,1494.7,1464.9347497558595,1.0,138003.7185203589,101499.14821124372,-0.0451923076923072
2007-09-05 00:00:00+00:00,1476.5,1493.96,1465.2922497558593,1.0,136799.25504888213,100613.28790459978,-0.0535256410256405
2007-09-06 00:00:00+00:00,1479.5,1493.595,1465.6659997558593,1.0,137077.20815768445,100817.71720613299,-0.0516025641025637
2007-09-07 00:00:00+00:00,1459.75,1492.41,1465.9384997558593,1.0,135247.35019140242,99471.8909710393,-0.06426282051282006
2007-09-10 00:00:00+00:00,1455.25,1491.17,1466.1834997558594,1.0,134830.4205281989,99165.24701873948,-0.06714743589743555
2007-09-11 00:00:00+00:00,1472.75,1490.315,1466.5047497558594,1.0,136451.81366287917,100357.75127768324,-0.05592948717948698
2007-09-12 00:00:00+00:00,1476.25,1489.22,1466.8497497558594,1.0,136776.09228981522,100596.252129472,-0.053685897435897245
2007-09-13 00:00:00+00:00,1485.0,1488.195,1467.2597497558593,1.0,137586.78885715536,101192.50425894391,-0.048076923076922906
2007-09-14 00:00:00+00:00,1485.0,1487.205,1467.7672497558594,1.0,137586.78885715536,101192.50425894391,-0.048076923076922906
2007-09-17 00:00:00+00:00,1477.0,1485.895,1468.2097497558593,1.0,136845.5805670158,100647.35945485532,-0.053205128205128016
2007-09-18 00:00:00+00:00,1520.0,1485.445,1468.7984997558594,1.0,140829.57512651596,103577.5127768315,-0.025641025641025217
2007-09-19 00:00:00+00:00,1528.75,1485.62,1469.4272497558593,1.0,141640.27169385608,104173.76490630336,-0.02003205128205099
2007-09-20 00:00:00+00:00,1519.75,1485.395,1470.0234997558593,1.0,140806.41236744908,103560.4770017037,-0.025801282051281738
2007-09-21 00:00:00+00:00,1533.3800048828125,1484.9476000976563,1470.6366497802735,1.0,142069.246444172,104489.26779439962,-0.01706409943409426
2007-09-24 00:00:00+00:00,1531.75,1484.3826000976562,1471.2116497802735,1.0,141918.22480265843,104378.19420783658,-0.01810897435897396
2007-09-25 00:00:00+00:00,1529.0,1483.7676000976562,1471.7828997802735,1.0,141663.43445292296,104190.80068143114,-0.019871794871794468
2007-09-26 00:00:00+00:00,1536.25,1483.3176000976562,1472.4203997802733,1.0,142335.15446586194,104684.83816013642,-0.015224358974358587
2007-09-27 00:00:00+00:00,1544.5,1483.1126000976562,1473.0928997802735,1.0,143099.52551506835,105247.01873935279,-0.009935897435897068
2007-09-28 00:00:00+00:00,1538.0,1482.6776000976563,1473.7103997802735,1.0,142497.29377932995,104804.0885860308,-0.01410256410256383
2007-10-01 00:00:00+00:00,1556.5,1482.9076000976563,1474.4291497802735,1.0,144211.33795027767,106064.73594548566,-0.0022435897435895136
2007-10-02 00:00:00+00:00,1554.5,1483.0176000976562,1475.1303997802734,1.0,144026.03587774278,105928.44974446352,-0.003525641025640791
2007-10-03 00:00:00+00:00,1550.75,1483.5826000976563,1475.7541497802733,1.0,143678.59449173987,105672.91311754698,-0.005929487179486825
2007-10-04 00:00:00+00:00,1552.25,1484.1326000976562,1476.3716998291015,1.0,143817.57104614103,105775.1277683136,-0.004967948717948478
2007-10-05 00:00:00+00:00,1570.75,1485.7876000976562,1477.0516998291016,1.0,145531.61521708875,107035.77512776844,0.0
2007-10-08 00:00:00+00:00,1562.75,1487.8826000976562,1477.6841998291015,1.0,144790.4069269492,106490.63032367987,-0.00509310838771293
2007-10-09 00:00:00+00:00,1576.25,1489.7926000976563,1478.3891998291015,1.0,146041.1959165597,107410.56218057936,0.0
2007-10-10 00:00:00+00:00,1573.25,1492.0176000976562,1479.1066998291017,1.0,145763.24280775734,107206.13287904614,-0.0019032513877875745
2007-10-11 00:00:00+00:00,1565.25,1493.9226000976562,1479.8316998291016,1.0,145022.03451761778,106660.98807495757,-0.006978588421887588
2007-10-12 00:00:00+00:00,1574.5,1495.7776000976562,1480.5604498291016,1.0,145879.05660309165,107291.311754685,-0.0011102299762094647
2007-10-15 00:00:00+00:00,1560.25,1498.1226000976562,1481.1766998291016,1.0,144558.7793362806,106320.27257240222,-0.010150674068199694
2007-10-16 00:00:00+00:00,1547.5,1499.7176000976563,1481.7454498291015,1.0,143377.47862387064,105451.44804088603,-0.018239492466296636
2007-10-17 00:00:00+00:00,1552.5,1501.1176000976564,1482.3654498291016,1.0,143840.73380520786,105792.16354344139,-0.015067406819984308
2007-10-18 00:00:00+00:00,1546.75,1501.9726000976561,1482.9754498291015,1.0,143307.99034667006,105400.34071550272,-0.018715305313243502
2007-10-19 00:00:00+00:00,1505.75,1502.9276000976563,1483.3666998291017,1.0,139509.29785970482,102606.4735945487,-0.044726407613005725
2007-10-22 00:00:00+00:00,1513.5,1504.1776000976563,1483.8516998291016,1.0,140227.3433907775,103134.58262350954,-0.039809674861221445
2007-10-23 00:00:00+00:00,1525.5,1505.5876000976561,1484.3666998291017,1.0,141339.15582598685,103952.29982964242,-0.03219666931007159
2007-10-24 00:00:00+00:00,1522.0,1507.3426000976563,1484.8741998291016,1.0,141014.87719905077,103713.79897785367,-0.03441712926249041
2007-10-25 00:00:00+00:00,1525.0,1509.5526000976563,1485.3766998291017,1.0,141292.83030785312,103918.22827938688,-0.032513877874702835
2007-10-26 00:00:00+00:00,1542.5,1511.9126000976562,1485.9341998291015,1.0,142914.2234425334,105110.73253833067,-0.021411578112609297
2007-10-29 00:00:00+00:00,1547.0,1513.8526000976562,1486.4654498291015,1.0,143331.15310573688,105417.37649063052,-0.018556701030928213
2007-10-30 00:00:00+00:00,1536.0,1515.5926000976563,1486.9516998291015,1.0,142311.991706795,104667.80238500872,-0.02553528945281547
2007-10-31 00:00:00+00:00,1555.0,1517.6876000976563,1487.5329498291017,1.0,144072.36139587648,105962.52129471913,-0.013481363996827977
2007-11-01 00:00:00+00:00,1515.75,1518.6276000976563,1487.9454498291016,1.0,140435.80822237927,103287.90459965948,-0.038382236320380736
2007-11-02 00:00:00+00:00,1517.5,1519.6476000976563,1488.3491998291015,1.0,140597.94753584728,103407.15502555386,-0.03727200634417149
2007-11-05 00:00:00+00:00,1505.5,1520.0876000976561,1488.7216998291015,1.0,139486.13510063797,102589.43781942099,-0.044885011895321236
2007-11-06 00:00:00+00:00,1525.0,1521.1926000976562,1489.1691998291017,1.0,141292.83030785315,103918.22827938691,-0.03251387787470261
2007-11-07 00:00:00+00:00,1482.75,1522.0826000976563,1489.3516998291016,1.0,137378.32402555362,101039.18228279405,-0.05931800158604272
2007-11-08 00:00:00+00:00,1475.5,1522.2826000976563,1489.5829498291016,1.0,136706.60401261464,100545.14480408878,-0.06391752577319587
2007-11-09 00:00:00+00:00,1455.0,1522.1526000976562,1489.7204498291017,1.0,134807.25776913203,99148.21124361177,-0.07692307692307687
2007-11-12 00:00:00+00:00,1440.25,1521.4226000976562,1489.7904498291016,1.0,133440.65498418722,98143.10051107344,-0.08628072957969868
2007-11-13 00:00:00+00:00,1483.25,1521.2976000976562,1490.0366998291015,1.0,137424.64954368735,101073.25383304959,-0.05900079302141148
2007-11-14 00:00:00+00:00,1478.0,1521.3276000976562,1490.2116998291015,1.0,136938.23160328323,100715.50255536646,-0.06233148295003976
2007-11-15 00:00:00+00:00,1458.0,1520.8976000976563,1490.2479498291016,1.0,135085.21087793435,99352.64054514498,-0.07501982553528952
2007-11-16 00:00:00+00:00,1460.25,1520.9076000976563,1490.2841998291015,1.0,135293.67570953607,99505.96252129489,-0.07359238699444914
2007-11-19 00:00:00+00:00,1437.5,1520.5526000976563,1490.2029498291015,1.0,133185.8646344517,97955.70698466797,-0.08802537668517085
2007-11-20 00:00:00+00:00,1446.0,1520.0176000976562,1490.1666998291016,1.0,133973.39844272498,98534.92333901208,-0.0826328310864396
2007-11-21 00:00:00+00:00,1417.75,1518.8476000976561,1489.9766998291016,1.0,131356.00666816966,96609.88074957425,-0.10055511498810499
2007-11-23 00:00:00+00:00,1442.0,1517.9876000976562,1489.9166998291016,1.0,133602.7942976552,98262.35093696779,-0.08517049960348955
2007-11-26 00:00:00+00:00,1409.25,1516.4726000976561,1489.7479498291016,1.0,130568.47285989638,96030.66439523014,-0.10594766058683613
2007-11-27 00:00:00+00:00,1426.5,1515.4626000976561,1489.6904498291015,1.0,132166.7032355098,97206.13287904614,-0.09500396510705822
2007-11-28 00:00:00+00:00,1470.5,1514.4726000976561,1489.7954498291015,1.0,136243.34883127737,100204.42930153337,-0.06708961141950864
2007-11-29 00:00:00+00:00,1471.5,1513.3276000976562,1489.8604498291015,1.0,136335.9998675448,100272.57240204443,-0.06645519429024627
2007-11-30 00:00:00+00:00,1483.75,1512.6076000976564,1489.9816998291017,1.0,137470.97506182102,101107.32538330508,-0.05868358445678057
2007-12-03 00:00:00+00:00,1475.5,1511.45,1490.0641998291017,1.0,136706.6040126146,100545.14480408873,-0.0639175257731961
2007-12-04 00:00:00+00:00,1463.25,1510.08,1490.0716998291016,1.0,135571.62881833842,99710.3918228281,-0.07168913560666157
2007-12-05 00:00:00+00:00,1487.0,1509.24,1490.2041998291015,1.0,137772.09092969022,101328.79045996608,-0.05662172878667748
2007-12-06 00:00:00+00:00,1507.5,1508.665,1490.4454498291016,1.0,139671.43717317283,102725.72402044309,-0.04361617763679648
2007-12-07 00:00:00+00:00,1507.25,1507.92,1490.7129498291015,1.0,139648.27441410595,102708.68824531532,-0.043774781919112216
2007-12-10 00:00:00+00:00,1518.75,1507.535,1491.0441998291017,1.0,140713.76133118157,103492.33390119266,-0.036478984932593606
2007-12-11 00:00:00+00:00,1478.0,1505.965,1491.4579498291016,1.0,136938.2316032832,100715.50255536642,-0.062331482950039985
2007-12-12 00:00:00+00:00,1490.25,1504.68,1491.8641998291016,1.0,138073.20679755943,101550.25553662707,-0.05455987311657429
2007-12-13 00:00:00+00:00,1488.0,1503.425,1492.2791998291016,1.0,137864.74196595766,101396.93356047715,-0.055987311657414995
2007-12-14 00:00:00+00:00,1468.0,1501.74,1492.6904498291015,1.0,136011.72124060875,100034.07155025567,-0.06867565424266497
2007-12-17 00:00:00+00:00,1446.5,1499.255,1493.0616998291016,1.0,134019.7239608587,98568.9948892676,-0.08231562252180835
2007-12-18 00:00:00+00:00,1455.75,1497.115,1493.3629498291016,1.0,134876.74604633256,99199.31856899502,-0.07644726407613045
2007-12-19 00:00:00+00:00,1454.0,1494.67,1493.6666998291016,1.0,134714.60673286451,99080.06814310064,-0.0775574940523398
2007-12-20 00:00:00+00:00,1464.0,1492.485,1493.9629498291015,1.0,135641.117095539,99761.49914821137,-0.0712133227597147
2007-12-21 00:00:00+00:00,1474.949951171875,1490.6789990234374,1494.312699584961,0.0,135641.117095539,100507.6627715078,-0.0712133227597147
2007-12-24 00:00:00+00:00,1506.5,1489.3189990234375,1494.8101995849609,0.0,135641.117095539,102657.580919932,-0.0712133227597147
2007-12-26 00:00:00+00:00,1509.75,1488.3089990234375,1495.460199584961,0.0,135641.117095539,102879.045996593,-0.0712133227597147
2007-12-27 00:00:00+00:00,1489.75,1487.1539990234376,1495.961449584961,0.0,135641.117095539,101516.18398637154,-0.0712133227597147
2007-12-28 00:00:00+00:00,1485.5,1485.8139990234374,1496.431449584961,0.0,135641.117095539,101226.5758091995,-0.0712133227597147
2007-12-31 00:00:00+00:00,1477.25,1484.4239990234375,1496.837099609375,0.0,135641.117095539,100664.39522998314,-0.0712133227597147
2008-01-02 00:00:00+00:00,1458.5,1483.4789990234376,1497.050849609375,0.0,135641.117095539,99386.71209540052,-0.0712133227597147
2008-01-03 00:00:00+00:00,1458.75,1482.3839990234376,1497.227099609375,0.0,135641.117095539,99403.74787052828,-0.0712133227597147
2008-01-04 00:00:00+00:00,1423.0,1480.3339990234374,1497.117099609375,0.0,135641.117095539,96967.63202725741,-0.0712133227597147
2008-01-07 00:00:00+00:00,1421.5,1478.3239990234374,1496.999599609375,0.0,135641.117095539,96865.4173764908,-0.0712133227597147
2008-01-08 00:00:00+00:00,1397.0,1475.7639990234375,1496.749599609375,0.0,135641.117095539,95195.9114139695,-0.0712133227597147
2008-01-09 00:00:00+00:00,1411.5,1473.1439990234376,1496.580849609375,0.0,135641.117095539,96183.98637138009,-0.0712133227597147
2008-01-10 00:00:00+00:00,1421.0,1470.6239990234376,1496.483349609375,0.0,135641.117095539,96831.34582623528,-0.0712133227597147
2008-01-11 00:00:00+00:00,1407.75,1468.0589990234375,1496.374599609375,0.0,135641.117095539,95928.44974446356,-0.0712133227597147
2008-01-14 00:00:00+00:00,1420.25,1465.3639990234376,1496.318349609375,0.0,135641.117095539,96780.23850085198,-0.0712133227597147
2008-01-15 00:00:00+00:00,1388.0,1462.8089990234375,1496.102099609375,0.0,135641.117095539,94582.62350936986,-0.0712133227597147
2008-01-16 00:00:00+00:00,1376.0,1459.9789990234376,1495.815849609375,0.0,135641.117095539,93764.90630323697,-0.0712133227597147
2008-01-17 00:00:00+00:00,1339.75,1456.6639990234376,1495.278349609375,0.0,135641.117095539,91294.71890971056,-0.0712133227597147
2008-01-18 00:00:00+00:00,1325.25,1452.6689990234374,1494.662099609375,0.0,135641.117095539,90306.64395229999,-0.0712133227597147
2008-01-22 00:00:00+00:00,1309.25,1449.1989990234374,1493.944599609375,0.0,135641.117095539,89216.35434412281,-0.0712133227597147
2008-01-23 00:00:00+00:00,1341.5,1446.5189990234376,1493.379599609375,0.0,135641.117095539,91413.96933560494,-0.0712133227597147
2008-01-24 00:00:00+00:00,1352.25,1444.4639990234375,1492.860849609375,0.0,135641.117095539,92146.50766609897,-0.0712133227597147
2008-01-25 00:00:00+00:00,1334.0,1442.3389990234375,1492.288349609375,0.0,135641.117095539,90902.89608177189,-0.0712133227597147
2008-01-28 00:00:00+00:00,1354.5,1439.7639990234375,1491.783349609375,0.0,135641.117095539,92299.8296422489,-0.0712133227597147
2008-01-29 00:00:00+00:00,1362.0,1437.4439990234375,1491.287099609375,0.0,135641.117095539,92810.90289608196,-0.0712133227597147
2008-01-30 00:00:00+00:00,1350.5,1435.2939990234374,1490.662099609375,0.0,135641.117095539,92027.25724020462,-0.0712133227597147
2008-01-31 00:00:00+00:00,1379.5,1433.6789990234374,1490.164599609375,0.0,135641.117095539,94003.40715502574,-0.0712133227597147
2008-02-01 00:00:00+00:00,1397.0,1432.8689990234375,1489.748349609375,0.0,135641.117095539,95195.91141396952,-0.0712133227597147
2008-02-04 00:00:00+00:00,1378.75,1431.5239990234375,1489.240849609375,0.0,135641.117095539,93952.29982964242,-0.0712133227597147
2008-02-05 00:00:00+00:00,1343.25,1430.0339990234374,1488.492099609375,0.0,135641.117095539,91533.2197614993,-0.0712133227597147
2008-02-06 00:00:00+00:00,1330.0,1427.7939990234374,1487.700849609375,0.0,135641.117095539,90630.32367972759,-0.0712133227597147
2008-02-07 00:00:00+00:00,1340.25,1426.4139990234376,1486.959599609375,0.0,135641.117095539,91328.7904599661,-0.0712133227597147
2008-02-08 00:00:00+00:00,1330.25,1424.4889990234376,1486.107099609375,0.0,135641.117095539,90647.35945485535,-0.0712133227597147
2008-02-11 00:00:00+00:00,1338.25,1421.8439990234374,1485.284599609375,0.0,135641.117095539,91192.50425894395,-0.0712133227597147
2008-02-12 00:00:00+00:00,1349.75,1419.4089990234374,1484.523349609375,0.0,135641.117095539,91976.14991482129,-0.0712133227597147
2008-02-13 00:00:00+00:00,1363.75,1417.0089990234376,1483.899599609375,0.0,135641.117095539,92930.15332197632,-0.0712133227597147
2008-02-14 00:00:00+00:00,1351.0,1414.5189990234376,1483.190849609375,0.0,135641.117095539,92061.32879046013,-0.0712133227597147
2008-02-15 00:00:00+00:00,1351.25,1412.2789990234376,1482.442099609375,0.0,135641.117095539,92078.3645655879,-0.0712133227597147
2008-02-19 00:00:00+00:00,1355.5,1409.6489990234375,1481.678349609375,0.0,135641.117095539,92367.97274275996,-0.0712133227597147
2008-02-20 00:00:00+00:00,1359.0,1406.6789990234374,1480.902099609375,0.0,135641.117095539,92606.4735945487,-0.0712133227597147
2008-02-21 00:00:00+00:00,1347.0,1403.4739990234375,1480.065849609375,0.0,135641.117095539,91788.75638841583,-0.0712133227597147
2008-02-22 00:00:00+00:00,1355.5,1400.2089990234374,1479.282099609375,0.0,135641.117095539,92367.97274275996,-0.0712133227597147
2008-02-25 00:00:00+00:00,1371.5999755859375,1398.0809985351561,1478.5625994873046,0.0,135641.117095539,93465.0749973383,-0.0712133227597147
2008-02-26 00:00:00+00:00,1382.75,1395.9309985351563,1477.9800994873046,0.0,135641.117095539,94224.87223168669,-0.0712133227597147
2008-02-27 00:00:00+00:00,1380.5,1393.7809985351562,1477.3213494873046,0.0,135641.117095539,94071.55025553677,-0.0712133227597147
2008-02-28 00:00:00+00:00,1365.75,1391.7359985351563,1476.6063494873047,0.0,135641.117095539,93066.43952299845,-0.0712133227597147
2008-02-29 00:00:00+00:00,1331.25,1389.4309985351563,1475.7200994873047,0.0,135641.117095539,90715.50255536642,-0.0712133227597147
2008-03-03 00:00:00+00:00,1332.0,1386.9559985351561,1474.7900994873046,0.0,135641.117095539,90766.60988074973,-0.0712133227597147
2008-03-04 00:00:00+00:00,1327.0,1384.4159985351562,1473.8488494873047,0.0,135641.117095539,90425.89437819437,-0.0712133227597147
2008-03-05 00:00:00+00:00,1335.5,1381.8459985351562,1472.8863494873046,0.0,135641.117095539,91005.1107325385,-0.0712133227597147
2008-03-06 00:00:00+00:00,1308.0,1378.5069995117187,1471.7863494873047,0.0,135641.117095539,89131.17546848398,-0.0712133227597147
2008-03-07 00:00:00+00:00,1292.75,1374.2319995117186,1470.6238494873046,0.0,135641.117095539,88091.99318569011,-0.0712133227597147
2008-03-10 00:00:00+00:00,1275.5,1369.5469995117187,1469.3738494873046,0.0,135641.117095539,86916.52470187409,-0.0712133227597147
2008-03-11 00:00:00+00:00,1324.0,1366.2319995117186,1468.4363494873046,0.0,135641.117095539,90221.46507666116,-0.0712133227597147
2008-03-12 00:00:00+00:00,1309.5,1362.7119995117187,1467.3975994873047,0.0,135641.117095539,89233.39011925059,-0.0712133227597147
2008-03-13 00:00:00+00:00,1313.25,1359.4319995117187,1466.3513494873048,0.0,135641.117095539,89488.92674616711,-0.0712133227597147
2008-03-14 00:00:00+00:00,1291.5,1356.0919995117188,1465.1388494873047,0.0,135641.117095539,88006.81431005127,-0.0712133227597147
2008-03-17 00:00:00+00:00,1278.5,1352.4869995117188,1463.8663494873047,0.0,135641.117095539,87120.95400340731,-0.0712133227597147
2008-03-18 00:00:00+00:00,1332.5,1350.6769995117188,1462.8313494873046,0.0,135641.117095539,90800.68143100527,-0.0712133227597147
2008-03-19 00:00:00+00:00,1298.5,1348.2169995117188,1461.6225994873048,0.0,135641.117095539,88483.81601362876,-0.0712133227597147
2008-03-20 00:00:00+00:00,1302.6400146484375,1346.3297998046876,1460.467049560547,0.0,135641.117095539,88765.92944793456,-0.0712133227597147
2008-03-24 00:00:00+00:00,1351.5,1345.1297998046875,1459.6420495605469,0.0,135641.117095539,92095.40034071566,-0.0712133227597147
2008-03-25 00:00:00+00:00,1351.5,1343.7397998046874,1458.9532995605468,0.0,135641.117095539,92095.40034071566,-0.0712133227597147
2008-03-26 00:00:00+00:00,1335.5,1342.2947998046875,1458.0907995605469,0.0,135641.117095539,91005.1107325385,-0.0712133227597147
2008-03-27 00:00:00+00:00,1329.75,1340.4847998046876,1457.187049560547,0.0,135641.117095539,90613.28790459983,-0.0712133227597147
2008-03-28 00:00:00+00:00,1319.0,1339.1047998046874,1456.3170495605468,0.0,135641.117095539,89880.7495741058,-0.0712133227597147
2008-03-31 00:00:00+00:00,1324.0,1338.0647998046875,1455.3595495605468,0.0,135641.117095539,90221.46507666116,-0.0712133227597147
2008-04-01 00:00:00+00:00,1370.5,1338.6797998046875,1454.5882995605468,0.0,135641.117095539,93390.11925042607,-0.0712133227597147
2008-04-02 00:00:00+00:00,1371.0,1339.5947998046875,1453.7728497314454,0.0,135641.117095539,93424.19080068162,-0.0712133227597147
2008-04-03 00:00:00+00:00,1373.5,1340.8797998046875,1452.9103497314454,0.0,135641.117095539,93594.5485519593,-0.0712133227597147
2008-04-04 00:00:00+00:00,1372.0,1341.4897998046874,1452.0253497314452,0.0,135641.117095539,93492.33390119269,-0.0712133227597147
2008-04-07 00:00:00+00:00,1372.25,1341.8897998046875,1451.2515997314454,0.0,135641.117095539,93509.36967632045,-0.0712133227597147
2008-04-08 00:00:00+00:00,1371.0,1342.6297998046875,1450.4278497314453,0.0,135641.117095539,93424.19080068162,-0.0712133227597147
2008-04-09 00:00:00+00:00,1360.25,1342.7447998046875,1449.6265997314454,0.0,135641.117095539,92691.65247018758,-0.0712133227597147
2008-04-10 00:00:00+00:00,1362.75,1342.7597998046874,1448.8728497314453,0.0,135641.117095539,92862.01022146526,-0.0712133227597147
2008-04-11 00:00:00+00:00,1335.5,1342.4597998046875,1448.0615997314453,0.0,135641.117095539,91005.11073253851,-0.0712133227597147
2008-04-14 00:00:00+00:00,1331.25,1341.4947998046875,1447.1228497314453,0.0,135641.117095539,90715.50255536645,-0.0712133227597147
2008-04-15 00:00:00+00:00,1336.0,1340.2747998046875,1446.2165997314453,0.0,135641.117095539,91039.18228279403,-0.0712133227597147
2008-04-16 00:00:00+00:00,1371.0,1340.1197998046875,1445.4940997314452,0.0,135641.117095539,93424.1908006816,-0.0712133227597147
2008-04-17 00:00:00+00:00,1372.25,1340.6997998046875,1444.7003497314454,0.0,135641.117095539,93509.36967632044,-0.0712133227597147
2008-04-18 00:00:00+00:00,1388.0,1341.8597998046876,1443.9590997314453,0.0,135641.117095539,94582.62350936983,-0.0712133227597147
2008-04-21 00:00:00+00:00,1388.25,1342.8197998046876,1443.2278497314453,0.0,135641.117095539,94599.65928449761,-0.0712133227597147
2008-04-22 00:00:00+00:00,1380.75,1343.8297998046876,1442.4190997314454,0.0,135641.117095539,94088.58603066456,-0.0712133227597147
2008-04-23 00:00:00+00:00,1378.5,1344.6347998046874,1441.5990997314452,0.0,135641.117095539,93935.26405451464,-0.0712133227597147
2008-04-24 00:00:00+00:00,1386.0,1345.3597998046876,1440.9290997314454,0.0,135641.117095539,94446.3373083477,-0.0712133227597147
2008-04-25 00:00:00+00:00,1397.0,1346.0247998046875,1440.2590997314453,0.0,135641.117095539,95195.91141396952,-0.0712133227597147
2008-04-28 00:00:00+00:00,1397.5,1346.9547998046876,1439.4678497314453,0.0,135641.117095539,95229.98296422506,-0.0712133227597147
2008-04-29 00:00:00+00:00,1391.25,1347.7547998046875,1438.6240997314453,0.0,135641.117095539,94804.08858603085,-0.0712133227597147
2008-04-30 00:00:00+00:00,1386.0,1348.3647998046874,1437.7553497314452,0.0,135641.117095539,94446.33730834772,-0.0712133227597147
2008-05-01 00:00:00+00:00,1411.5,1349.4147998046874,1437.0190997314453,0.0,135641.117095539,96183.98637138009,-0.0712133227597147
2008-05-02 00:00:00+00:00,1415.75,1350.7897998046874,1436.3240997314454,0.0,135641.117095539,96473.59454855215,-0.0712133227597147
2008-05-05 00:00:00+00:00,1408.25,1351.8447998046875,1435.5665997314454,0.0,135641.117095539,95962.5212947191,-0.0712133227597147
2008-05-06 00:00:00+00:00,1420.75,1352.8278002929687,1434.9453497314453,0.0,135641.117095539,96814.31005110752,-0.0712133227597147
2008-05-07 00:00:00+00:00,1395.25,1353.0778002929687,1434.1765997314453,0.0,135641.117095539,95076.66098807515,-0.0712133227597147
2008-05-08 00:00:00+00:00,1392.0,1353.3078002929688,1433.5240997314454,0.0,135641.117095539,94855.19591141416,-0.0712133227597147
2008-05-09 00:00:00+00:00,1389.0,1353.7728002929687,1432.8453497314454,0.0,135641.117095539,94650.76660988093,-0.0712133227597147
2008-05-12 00:00:00+00:00,1404.75,1355.2428002929687,1432.4290997314454,0.0,135641.117095539,95724.02044293034,-0.0712133227597147
2008-05-13 00:00:00+00:00,1404.75,1356.6978002929689,1432.1628497314452,0.0,135641.117095539,95724.02044293034,-0.0712133227597147
2008-05-14 00:00:00+00:00,1407.75,1358.3128002929689,1431.7978497314452,0.0,135641.117095539,95928.44974446358,-0.0712133227597147
2008-05-15 00:00:00+00:00,1424.5,1360.0928002929688,1431.6103497314452,0.0,135641.117095539,97069.84667802404,-0.0712133227597147
2008-05-16 00:00:00+00:00,1425.75,1362.4478002929689,1431.3890997314454,0.0,135641.117095539,97155.02555366288,-0.0712133227597147
2008-05-19 00:00:00+00:00,1429.75,1365.1878002929689,1431.1290997314454,0.0,135641.117095539,97427.59795570717,-0.0712133227597147
2008-05-20 00:00:00+00:00,1417.5,1368.0278002929688,1431.0015997314454,0.0,135641.117095539,96592.84497444652,-0.0712133227597147
2008-05-21 00:00:00+00:00,1393.0,1369.4078002929687,1430.6278497314454,0.0,135641.117095539,94923.33901192523,-0.0712133227597147
2008-05-22 00:00:00+00:00,1393.25,1371.0828002929688,1430.1815997314452,0.0,135641.117095539,94940.37478705299,-0.0712133227597147
2008-05-23 00:00:00+00:00,1373.5,1372.2878002929688,1429.5290997314453,0.0,135641.117095539,93594.54855195929,-0.0712133227597147
2008-05-27 00:00:00+00:00,1384.75,1374.1528002929688,1429.1628497314452,0.0,135641.117095539,94361.15843270886,-0.0712133227597147
2008-05-28 00:00:00+00:00,1391.5,1376.4128002929688,1428.8653497314453,0.0,135641.117095539,94821.12436115861,-0.0712133227597147
2008-05-29 00:00:00+00:00,1397.75,1377.7178002929688,1428.5790997314452,0.0,135641.117095539,95247.0187393528,-0.0712133227597147
2008-05-30 00:00:00+00:00,1400.5,1379.7578002929688,1428.4103497314454,0.0,135641.117095539,95434.41226575825,-0.0712133227597147
2008-06-02 00:00:00+00:00,1385.5,1381.415,1428.2653497314452,0.0,135641.117095539,94412.26575809215,-0.0712133227597147
2008-06-03 00:00:00+00:00,1378.5,1381.955,1428.0353497314454,0.0,135641.117095539,93935.26405451463,-0.0712133227597147
2008-06-04 00:00:00+00:00,1377.5,1382.475,1427.6728497314452,0.0,135641.117095539,93867.12095400356,-0.0712133227597147
2008-06-05 00:00:00+00:00,1405.25,1383.87,1427.4540997314452,0.0,135641.117095539,95758.09199318584,-0.0712133227597147
2008-06-06 00:00:00+00:00,1359.5,1384.465,1427.0003497314453,0.0,135641.117095539,92640.54514480423,-0.0712133227597147
2008-06-09 00:00:00+00:00,1363.5,1385.355,1426.4740997314452,0.0,135641.117095539,92913.11754684852,-0.0712133227597147
2008-06-10 00:00:00+00:00,1356.25,1386.0,1425.9228497314452,0.0,135641.117095539,92419.08006814323,-0.0712133227597147
2008-06-11 00:00:00+00:00,1335.75,1385.305,1425.1840997314453,0.0,135641.117095539,91022.14650766623,-0.0712133227597147
2008-06-12 00:00:00+00:00,1341.0,1384.705,1424.5403497314453,0.0,135641.117095539,91379.89778534937,-0.0712133227597147
2008-06-13 00:00:00+00:00,1357.5,1384.385,1424.1365997314454,0.0,135641.117095539,92504.25894378209,-0.0712133227597147
2008-06-16 00:00:00+00:00,1357.75,1384.1,1423.5978497314454,0.0,135641.117095539,92521.29471890983,-0.0712133227597147
2008-06-17 00:00:00+00:00,1351.0,1383.675,1423.0453497314454,0.0,135641.117095539,92061.3287904601,-0.0712133227597147
2008-06-18 00:00:00+00:00,1337.0,1382.995,1422.3465997314454,0.0,135641.117095539,91107.32538330505,-0.0712133227597147
2008-06-19 00:00:00+00:00,1340.0,1382.59,1421.5990997314452,0.0,135641.117095539,91311.75468483829,-0.0712133227597147
2008-06-20 00:00:00+00:00,1339.280029296875,1382.1206005859376,1420.9129998779297,0.0,135641.117095539,91262.69364885021,-0.0712133227597147
2008-06-23 00:00:00+00:00,1318.25,1381.7756005859376,1420.1067498779296,0.0,135641.117095539,89829.64224872245,-0.0712133227597147
2008-06-24 00:00:00+00:00,1315.5,1381.4606005859375,1419.3854998779298,0.0,135641.117095539,89642.248722317,-0.0712133227597147
2008-06-25 00:00:00+00:00,1322.5,1381.1906005859375,1418.7217498779296,0.0,135641.117095539,90119.25042589451,-0.0712133227597147
2008-06-26 00:00:00+00:00,1284.5,1379.4606005859375,1417.7804998779297,0.0,135641.117095539,87529.81260647372,-0.0712133227597147
2008-06-27 00:00:00+00:00,1280.0,1377.6156005859375,1416.7992498779297,0.0,135641.117095539,87223.1686541739,-0.0712133227597147
2008-06-30 00:00:00+00:00,1281.0,1375.4756005859374,1415.7792498779297,0.0,135641.117095539,87291.31175468497,-0.0712133227597147
2008-07-01 00:00:00+00:00,1286.25,1373.4356005859374,1414.7854998779296,0.0,135641.117095539,87649.0630323681,-0.0712133227597147
2008-07-02 00:00:00+00:00,1262.75,1371.0756005859375,1413.7142498779297,0.0,135641.117095539,86047.70017035787,-0.0712133227597147
2008-07-03 00:00:00+00:00,1265.0,1368.8056005859376,1412.4392498779298,0.0,135641.117095539,86201.02214650778,-0.0712133227597147
2008-07-07 00:00:00+00:00,1251.75,1366.1206005859376,1411.0542498779296,0.0,135641.117095539,85298.12606473605,-0.0712133227597147
2008-07-08 00:00:00+00:00,1273.75,1363.6556005859375,1409.8242498779298,0.0,135641.117095539,86797.27427597965,-0.0712133227597147
2008-07-09 00:00:00+00:00,1248.0,1360.6656005859375,1408.3973498535156,0.0,135641.117095539,85042.58943781952,-0.0712133227597147
2008-07-10 00:00:00+00:00,1254.5,1357.9306005859376,1407.0110998535156,0.0,135641.117095539,85485.51959114149,-0.0712133227597147
2008-07-11 00:00:00+00:00,1239.75,1355.0056005859376,1405.5648498535156,0.0,135641.117095539,84480.40885860316,-0.0712133227597147
2008-07-14 00:00:00+00:00,1228.25,1351.3406005859374,1404.0248498535157,0.0,135641.117095539,83696.76320272582,-0.0712133227597147
2008-07-15 00:00:00+00:00,1211.5,1347.2556005859376,1402.3598498535157,0.0,135641.117095539,82555.36626916534,-0.0712133227597147
2008-07-16 00:00:00+00:00,1241.0,1343.9106005859376,1400.8748498535156,0.0,135641.117095539,84565.587734242,-0.0712133227597147
2008-07-17 00:00:00+00:00,1253.5,1340.5656005859375,1399.3598498535157,0.0,135641.117095539,85417.37649063041,-0.0712133227597147
2008-07-18 00:00:00+00:00,1260.5,1337.8706005859376,1397.8898498535157,0.0,135641.117095539,85894.37819420794,-0.0712133227597147
2008-07-21 00:00:00+00:00,1261.5,1335.2606005859375,1396.4435998535157,0.0,135641.117095539,85962.521294719,-0.0712133227597147
2008-07-22 00:00:00+00:00,1274.25,1332.9656005859374,1395.0535998535156,0.0,135641.117095539,86831.34582623518,-0.0712133227597147
2008-07-23 00:00:00+00:00,1282.5,1330.5206005859375,1393.6123498535155,0.0,135641.117095539,87393.52640545154,-0.0712133227597147
2008-07-24 00:00:00+00:00,1253.75,1327.5006005859375,1392.0673498535157,0.0,135641.117095539,85434.41226575819,-0.0712133227597147
2008-07-25 00:00:00+00:00,1253.75,1324.4206005859376,1390.4548498535157,0.0,135641.117095539,85434.41226575819,-0.0712133227597147
2008-07-28 00:00:00+00:00,1235.0,1320.6306005859376,1388.7635998535156,0.0,135641.117095539,84156.72913117557,-0.0712133227597147
2008-07-29 00:00:00+00:00,1261.75,1317.3506005859374,1387.2460998535157,0.0,135641.117095539,85979.5570698468,-0.0712133227597147
2008-07-30 00:00:00+00:00,1284.75,1314.4506005859375,1385.7973498535157,0.0,135641.117095539,87546.84838160148,-0.0712133227597147
2008-07-31 00:00:00+00:00,1267.0,1311.4406005859375,1384.3310998535155,0.0,135641.117095539,86337.30834752994,-0.0712133227597147
2008-08-01 00:00:00+00:00,1260.25,1308.7856005859376,1382.8948498535156,0.0,135641.117095539,85877.34241908019,-0.0712133227597147
2008-08-04 00:00:00+00:00,1248.75,1305.8956005859375,1381.3760998535156,0.0,135641.117095539,85093.69676320284,-0.0712133227597147
2008-08-05 00:00:00+00:00,1283.0,1304.0856005859375,1380.0573498535157,0.0,135641.117095539,87427.5979557071,-0.0712133227597147
2008-08-06 00:00:00+00:00,1287.75,1302.1456005859375,1378.9673498535155,0.0,135641.117095539,87751.27768313469,-0.0712133227597147
2008-08-07 00:00:00+00:00,1268.0,1299.6756005859374,1377.7398498535156,0.0,135641.117095539,86405.451448041,-0.0712133227597147
2008-08-08 00:00:00+00:00,1292.25,1297.5656005859375,1376.5735998535156,0.0,135641.117095539,88057.92163543453,-0.0712133227597147
2008-08-11 00:00:00+00:00,1305.0,1295.6556005859375,1375.4885998535156,0.0,135641.117095539,88926.7461669507,-0.0712133227597147
2008-08-12 00:00:00+00:00,1291.5,1293.7756005859376,1374.3210998535155,0.0,135641.117095539,88006.81431005121,-0.0712133227597147
2008-08-13 00:00:00+00:00,1284.5,1291.8956005859375,1373.0310998535156,0.0,135641.117095539,87529.81260647369,-0.0712133227597147
2008-08-14 00:00:00+00:00,1293.75,1290.2206005859375,1371.7648498535157,0.0,135641.117095539,88160.13628620112,-0.0712133227597147
2008-08-15 00:00:00+00:00,1299.75,1288.1106005859374,1370.5835998535156,0.0,135641.117095539,88568.99488926755,-0.0712133227597147
2008-08-18 00:00:00+00:00,1282.0,1286.5606005859374,1369.2185998535156,0.0,135641.117095539,87359.45485519599,-0.0712133227597147
2008-08-19 00:00:00+00:00,1268.5,1284.6606005859376,1367.9823498535156,0.0,135641.117095539,86439.52299829651,-0.0712133227597147
2008-08-20 00:00:00+00:00,1273.75,1283.0106005859375,1366.7635998535156,0.0,135641.117095539,86797.27427597962,-0.0712133227597147
2008-08-21 00:00:00+00:00,1275.5,1281.8056005859376,1365.6135998535156,0.0,135641.117095539,86916.524701874,-0.0712133227597147
2008-08-22 00:00:00+00:00,1292.25,1280.8306005859374,1364.4498498535156,0.0,135641.117095539,88057.92163543448,-0.0712133227597147
2008-08-25 00:00:00+00:00,1266.5,1279.0106005859375,1363.3685998535157,0.0,135641.117095539,86303.23679727435,-0.0712133227597147
2008-08-26 00:00:00+00:00,1271.75,1277.2906005859375,1362.3498498535157,0.0,135641.117095539,86660.98807495748,-0.0712133227597147
2008-08-27 00:00:00+00:00,1282.0,1275.9106005859376,1361.4848498535157,0.0,135641.117095539,87359.45485519597,-0.0712133227597147
2008-08-28 00:00:00+00:00,1298.0,1275.1306005859376,1360.7735998535156,0.0,135641.117095539,88449.74446337314,-0.0712133227597147
2008-08-29 00:00:00+00:00,1282.5,1273.9806005859375,1359.7698498535156,0.0,135641.117095539,87393.5264054515,-0.0712133227597147
2008-09-02 00:00:00+00:00,1276.5,1272.725,1358.7623498535156,0.0,135641.117095539,86984.66780238507,-0.0712133227597147
2008-09-03 00:00:00+00:00,1275.25,1271.865,1357.8485998535157,0.0,135641.117095539,86899.48892674623,-0.0712133227597147
2008-09-04 00:00:00+00:00,1236.5,1270.285,1356.7298498535156,0.0,135641.117095539,84258.94378194213,-0.0712133227597147
2008-09-05 00:00:00+00:00,1241.0,1268.655,1355.7473498535155,0.0,135641.117095539,84565.58773424196,-0.0712133227597147
2008-09-08 00:00:00+00:00,1267.0,1268.305,1354.8523498535155,0.0,135641.117095539,86337.30834752986,-0.0712133227597147
2008-09-09 00:00:00+00:00,1226.5,1267.235,1353.8960998535156,0.0,135641.117095539,83577.51277683138,-0.0712133227597147
2008-09-10 00:00:00+00:00,1233.25,1266.28,1352.8523498535155,0.0,135641.117095539,84037.47870528113,-0.0712133227597147
2008-09-11 00:00:00+00:00,1251.0,1265.575,1352.0610998535155,0.0,135641.117095539,85247.01873935267,-0.0712133227597147
2008-09-12 00:00:00+00:00,1257.25,1265.465,1351.2148498535157,0.0,135641.117095539,85672.9131175469,-0.0712133227597147
2008-09-15 00:00:00+00:00,1195.0,1264.065,1349.8373498535157,0.0,135641.117095539,81431.00511073259,-0.0712133227597147
2008-09-16 00:00:00+00:00,1214.25,1263.315,1348.5510998535156,0.0,135641.117095539,82742.75979557075,-0.0712133227597147
2008-09-17 00:00:00+00:00,1160.75,1261.055,1346.9360998535155,0.0,135641.117095539,79097.10391822833,-0.0712133227597147
2008-09-18 00:00:00+00:00,1198.25,1260.06,1345.5498498535155,0.0,135641.117095539,81652.47018739358,-0.0712133227597147
2008-09-19 00:00:00+00:00,1279.31005859375,1260.556201171875,1344.6301501464843,0.0,135641.117095539,87176.15390758097,-0.0712133227597147
2008-09-22 00:00:00+00:00,1213.75,1260.036201171875,1343.2639001464843,0.0,135641.117095539,82708.6882453152,-0.0712133227597147
2008-09-23 00:00:00+00:00,1187.0,1259.211201171875,1341.6614001464843,0.0,135641.117095539,80885.860306644,-0.0712133227597147
2008-09-24 00:00:00+00:00,1193.0,1258.841201171875,1340.0901501464843,0.0,135641.117095539,81294.71890971044,-0.0712133227597147
2008-09-25 00:00:00+00:00,1213.5,1258.291201171875,1338.5639001464845,0.0,135641.117095539,82691.65247018744,-0.0712133227597147
2008-09-26 00:00:00+00:00,1214.5,1257.511201171875,1337.2464001464843,0.0,135641.117095539,82759.79557069852,-0.0712133227597147
2008-09-29 00:00:00+00:00,1118.75,1254.676201171875,1335.3889001464843,0.0,135641.117095539,76235.09369676326,-0.0712133227597147
2008-09-30 00:00:00+00:00,1169.0,1252.826201171875,1333.7939001464845,0.0,135641.117095539,79659.28449744469,-0.0712133227597147
2008-10-01 00:00:00+00:00,1168.5,1250.711201171875,1332.2964001464843,0.0,135641.117095539,79625.21294718915,-0.0712133227597147
2008-10-02 00:00:00+00:00,1124.5,1247.551201171875,1330.6864001464844,0.0,135641.117095539,76626.91652470193,-0.0712133227597147
2008-10-03 00:00:00+00:00,1108.25,1244.641201171875,1328.9489001464844,0.0,135641.117095539,75519.59114139697,-0.0712133227597147
2008-10-06 00:00:00+00:00,1053.25,1240.631201171875,1326.9451501464844,0.0,135641.117095539,71771.72061328795,-0.0712133227597147
2008-10-07 00:00:00+00:00,1005.75,1236.046201171875,1324.6539001464844,0.0,135641.117095539,68534.92333901196,-0.0712133227597147
2008-10-08 00:00:00+00:00,981.0,1230.431201171875,1322.184150390625,0.0,135641.117095539,66848.3816013629,-0.0712133227597147
2008-10-09 00:00:00+00:00,912.5,1222.986201171875,1319.214150390625,0.0,135641.117095539,62180.57921635438,-0.0712133227597147
2008-10-10 00:00:00+00:00,891.0,1215.466201171875,1316.120400390625,0.0,135641.117095539,60715.50255536631,-0.0712133227597147
2008-10-13 00:00:00+00:00,1016.75,1210.596201171875,1313.755400390625,0.0,135641.117095539,69284.49744463377,-0.0712133227597147
2008-10-14 00:00:00+00:00,1002.25,1205.666201171875,1311.339150390625,0.0,135641.117095539,68296.4224872232,-0.0712133227597147
2008-10-15 00:00:00+00:00,903.25,1198.071201171875,1308.469150390625,0.0,135641.117095539,61550.25553662695,-0.0712133227597147
2008-10-16 00:00:00+00:00,941.0,1191.136201171875,1305.881650390625,0.0,135641.117095539,64122.65758091997,-0.0712133227597147
2008-10-17 00:00:00+00:00,933.5,1184.446201171875,1303.255400390625,0.0,135641.117095539,63611.58432708692,-0.0712133227597147
2008-10-20 00:00:00+00:00,990.5,1178.411201171875,1301.092900390625,0.0,135641.117095539,67495.7410562181,-0.0712133227597147
2008-10-21 00:00:00+00:00,959.25,1171.496201171875,1298.781650390625,0.0,135641.117095539,65366.26916524706,-0.0712133227597147
2008-10-22 00:00:00+00:00,902.75,1163.721201171875,1296.310400390625,0.0,135641.117095539,61516.18398637142,-0.0712133227597147
2008-10-23 00:00:00+00:00,915.25,1156.336201171875,1293.829150390625,0.0,135641.117095539,62367.97274275983,-0.0712133227597147
2008-10-24 00:00:00+00:00,866.0,1147.781201171875,1291.054150390625,0.0,135641.117095539,59011.92504258947,-0.0712133227597147
2008-10-27 00:00:00+00:00,834.75,1138.481201171875,1288.189150390625,0.0,135641.117095539,56882.453151618436,-0.0712133227597147
2008-10-28 00:00:00+00:00,938.75,1131.616201171875,1285.781650390625,0.0,135641.117095539,63969.33560477006,-0.0712133227597147
2008-10-29 00:00:00+00:00,927.0,1124.786201171875,1283.476650390625,0.0,135641.117095539,63168.654173764946,-0.0712133227597147
2008-10-30 00:00:00+00:00,961.5,1118.541201171875,1281.404150390625,0.0,135641.117095539,65519.59114139698,-0.0712133227597147
2008-10-31 00:00:00+00:00,967.25,1112.376201171875,1279.541650390625,0.0,135641.117095539,65911.41396933567,-0.0712133227597147
2008-11-03 00:00:00+00:00,969.5,1105.921201171875,1277.762900390625,0.0,135641.117095539,66064.73594548559,-0.0712133227597147
2008-11-04 00:00:00+00:00,1003.25,1100.656201171875,1276.232900390625,0.0,135641.117095539,68364.56558773432,-0.0712133227597147
2008-11-05 00:00:00+00:00,958.0,1094.381201171875,1274.315400390625,0.0,135641.117095539,65281.090289608255,-0.0712133227597147
2008-11-06 00:00:00+00:00,904.5,1086.831201171875,1272.076650390625,0.0,135641.117095539,61635.43441226583,-0.0712133227597147
2008-11-07 00:00:00+00:00,936.25,1079.596201171875,1270.087900390625,0.0,135641.117095539,63798.97785349241,-0.0712133227597147
2008-11-10 00:00:00+00:00,921.5,1072.376201171875,1267.922900390625,0.0,135641.117095539,62793.867120954084,-0.0712133227597147
2008-11-11 00:00:00+00:00,893.0,1064.706201171875,1265.577900390625,0.0,135641.117095539,60851.788756388494,-0.0712133227597147
2008-11-12 00:00:00+00:00,853.5,1056.271201171875,1263.092900390625,0.0,135641.117095539,58160.136286201094,-0.0712133227597147
2008-11-13 00:00:00+00:00,907.75,1049.696201171875,1260.734150390625,0.0,135641.117095539,61856.89948892682,-0.0712133227597147
2008-11-14 00:00:00+00:00,861.5,1042.106201171875,1258.056650390625,0.0,135641.117095539,58705.281090289674,-0.0712133227597147
2008-11-17 00:00:00+00:00,851.0,1033.786201171875,1255.417900390625,0.0,135641.117095539,57989.77853492341,-0.0712133227597147
2008-11-18 00:00:00+00:00,866.5,1026.586201171875,1253.034150390625,0.0,135641.117095539,59045.99659284504,-0.0712133227597147
2008-11-19 00:00:00+00:00,812.5,1018.171201171875,1250.446650390625,0.0,135641.117095539,55366.26916524708,-0.0712133227597147
2008-11-20 00:00:00+00:00,748.25,1008.116201171875,1247.486650390625,0.0,135641.117095539,50988.07495741062,-0.0712133227597147
2008-11-21 00:00:00+00:00,792.0,998.811201171875,1244.795400390625,0.0,135641.117095539,53969.33560477009,-0.0712133227597147
2008-11-24 00:00:00+00:00,848.0,991.871201171875,1242.344150390625,0.0,135641.117095539,57785.349233390196,-0.0712133227597147
2008-11-25 00:00:00+00:00,853.25,984.651201171875,1239.861650390625,0.0,135641.117095539,58143.10051107332,-0.0712133227597147
2008-11-26 00:00:00+00:00,886.25,979.161201171875,1237.474150390625,0.0,135641.117095539,60391.82282793873,-0.0712133227597147
2008-11-28 00:00:00+00:00,895.25,973.101201171875,1235.195400390625,0.0,135641.117095539,61005.11073253839,-0.0712133227597147
2008-12-01 00:00:00+00:00,815.75,963.83,1232.517900390625,0.0,135641.117095539,55587.73424190806,-0.0712133227597147
2008-12-02 00:00:00+00:00,849.0,956.535,1229.985400390625,0.0,135641.117095539,57853.492333901246,-0.0712133227597147
2008-12-03 00:00:00+00:00,868.5,950.165,1227.532900390625,0.0,135641.117095539,59182.28279386717,-0.0712133227597147
2008-12-04 00:00:00+00:00,847.5,943.255,1225.035400390625,0.0,135641.117095539,57751.27768313463,-0.0712133227597147
2008-12-05 00:00:00+00:00,872.5,936.435,1222.620400390625,0.0,135641.117095539,59454.85519591146,-0.0712133227597147
2008-12-08 00:00:00+00:00,904.75,930.24,1220.2861505126953,0.0,135641.117095539,61652.47018739357,-0.0712133227597147
2008-12-09 00:00:00+00:00,889.5,925.655,1217.8199005126953,0.0,135641.117095539,60613.2879045997,-0.0712133227597147
2008-12-10 00:00:00+00:00,895.75,920.19,1215.3961505126954,0.0,135641.117095539,61039.1822827939,-0.0712133227597147
2008-12-11 00:00:00+00:00,875.0,914.32,1212.9424005126953,0.0,135641.117095539,59625.21294718913,-0.0712133227597147
2008-12-12 00:00:00+00:00,886.0,909.55,1210.7161505126953,0.0,135641.117095539,60374.78705281094,-0.0712133227597147
2008-12-15 00:00:00+00:00,873.25,904.85,1208.4224005126953,0.0,135641.117095539,59505.96252129475,-0.0712133227597147
2008-12-16 00:00:00+00:00,913.5,902.055,1206.3549005126954,0.0,135641.117095539,62248.722316865445,-0.0712133227597147
2008-12-17 00:00:00+00:00,904.25,900.025,1204.1986505126954,0.0,135641.117095539,61618.398637138016,-0.0712133227597147
2008-12-18 00:00:00+00:00,895.5,898.315,1202.1361505126954,0.0,135641.117095539,61022.14650766612,-0.0712133227597147
2008-12-19 00:00:00+00:00,889.739990234375,897.8597998046876,1200.1211004638672,0.0,135641.117095539,60629.641583262375,-0.0712133227597147
2008-12-22 00:00:00+00:00,871.25,897.4647998046875,1198.0998504638671,0.0,135641.117095539,59369.6763202726,-0.0712133227597147
2008-12-23 00:00:00+00:00,858.5,894.2997998046875,1195.7723504638673,0.0,135641.117095539,58500.851788756416,-0.0712133227597147
2008-12-24 00:00:00+00:00,865.0,891.5547998046875,1193.5498504638672,0.0,135641.117095539,58943.7819420784,-0.0712133227597147
2008-12-26 00:00:00+00:00,869.0,890.8697998046875,1191.3286004638671,0.0,135641.117095539,59216.354344122694,-0.0712133227597147
2008-12-29 00:00:00+00:00,870.5,889.4597998046875,1189.2236004638671,0.0,135641.117095539,59318.5689948893,-0.0712133227597147
2008-12-30 00:00:00+00:00,888.25,888.5547998046875,1187.2723504638673,0.0,135641.117095539,60528.109028960855,-0.0712133227597147
2008-12-31 00:00:00+00:00,900.0,886.7447998046875,1185.1098504638671,0.0,135641.117095539,61328.79045996597,-0.0712133227597147
2009-01-02 00:00:00+00:00,925.5,886.0697998046875,1183.2448504638671,0.0,135641.117095539,63066.43952299833,-0.0712133227597147
2009-01-05 00:00:00+00:00,927.5,886.5647998046875,1181.369150390625,0.0,135641.117095539,63202.72572402048,-0.0712133227597147
2009-01-06 00:00:00+00:00,930.5,886.8697998046875,1179.264150390625,0.0,135641.117095539,63407.15502555369,-0.0712133227597147
2009-01-07 00:00:00+00:00,905.25,887.6547998046875,1177.032900390625,0.0,135641.117095539,61686.5417376491,-0.0712133227597147
2009-01-08 00:00:00+00:00,906.75,889.0947998046875,1174.889150390625,0.0,135641.117095539,61788.75638841571,-0.0712133227597147
2009-01-09 00:00:00+00:00,885.5,888.0297998046875,1172.667900390625,0.0,135641.117095539,60340.71550255541,-0.0712133227597147
2009-01-12 00:00:00+00:00,868.0,886.8497998046874,1170.412900390625,0.0,135641.117095539,59148.21124361163,-0.0712133227597147
2009-01-13 00:00:00+00:00,868.5,884.9897998046876,1168.135400390625,0.0,135641.117095539,59182.28279386716,-0.0712133227597147
2009-01-14 00:00:00+00:00,839.75,882.4397998046875,1165.481650390625,0.0,135641.117095539,57223.16865417381,-0.0712133227597147
2009-01-15 00:00:00+00:00,839.25,879.8347998046875,1162.822900390625,0.0,135641.117095539,57189.09710391828,-0.0712133227597147
2009-01-16 00:00:00+00:00,848.5,876.7397998046876,1160.197900390625,0.0,135641.117095539,57819.420783645706,-0.0712133227597147
2009-01-20 00:00:00+00:00,806.0,873.6997998046875,1157.367900390625,0.0,135641.117095539,54923.33901192509,-0.0712133227597147
2009-01-21 00:00:00+00:00,836.75,872.3447998046875,1154.690400390625,0.0,135641.117095539,57018.739352640594,-0.0712133227597147
2009-01-22 00:00:00+00:00,825.5,870.1297998046875,1151.962900390625,0.0,135641.117095539,56252.12947189101,-0.0712133227597147
2009-01-23 00:00:00+00:00,823.5,868.1697998046875,1149.279150390625,0.0,135641.117095539,56115.843270868856,-0.0712133227597147
2009-01-26 00:00:00+00:00,830.75,866.9247998046875,1146.619150390625,0.0,135641.117095539,56609.880749574135,-0.0712133227597147
2009-01-27 00:00:00+00:00,839.25,866.6397998046875,1144.137900390625,0.0,135641.117095539,57189.097103918255,-0.0712133227597147
2009-01-28 00:00:00+00:00,871.5,865.9147998046875,1141.839150390625,0.0,135641.117095539,59386.71209540036,-0.0712133227597147
2009-01-29 00:00:00+00:00,842.75,865.5397998046875,1139.372900390625,0.0,135641.117095539,57427.59795570701,-0.0712133227597147
2009-01-30 00:00:00+00:00,822.5,864.9697998046875,1136.630400390625,0.0,135641.117095539,56047.70017035777,-0.0712133227597147
2009-02-02 00:00:00+00:00,821.25,864.0647998046875,1133.875400390625,0.0,135641.117095539,55962.52129471893,-0.0712133227597147
2009-02-03 00:00:00+00:00,831.5,864.4447998046875,1131.092900390625,0.0,135641.117095539,56660.98807495743,-0.0712133227597147
2009-02-04 00:00:00+00:00,829.75,866.0747998046875,1128.300400390625,0.0,135641.117095539,56541.73764906305,-0.0712133227597147
2009-02-05 00:00:00+00:00,840.5,867.0447998046875,1125.599150390625,0.0,135641.117095539,57274.27597955709,-0.0712133227597147
2009-02-06 00:00:00+00:00,867.75,867.4397998046875,1123.045400390625,0.0,135641.117095539,59131.175468483845,-0.0712133227597147
2009-02-09 00:00:00+00:00,865.0,867.6747998046875,1120.440400390625,0.0,135641.117095539,58943.781942078385,-0.0712133227597147
2009-02-10 00:00:00+00:00,827.0,866.4897998046876,1117.590400390625,0.0,135641.117095539,56354.34412265761,-0.0712133227597147
2009-02-11 00:00:00+00:00,831.5,865.2147998046875,1114.760400390625,0.0,135641.117095539,56660.988074957444,-0.0712133227597147
2009-02-12 00:00:00+00:00,835.5,865.6097998046876,1111.981650390625,0.0,135641.117095539,56933.56047700173,-0.0712133227597147
2009-02-13 00:00:00+00:00,820.0,865.0297998046875,1109.151650390625,0.0,135641.117095539,55877.3424190801,-0.0712133227597147
2009-02-17 00:00:00+00:00,785.5,863.3697998046875,1106.021650390625,0.0,135641.117095539,53526.40545144807,-0.0712133227597147
2009-02-18 00:00:00+00:00,779.5,862.0097998046875,1102.840400390625,0.0,135641.117095539,53117.54684838162,-0.0712133227597147
2009-02-19 00:00:00+00:00,779.5,860.1497998046875,1099.696650390625,0.0,135641.117095539,53117.54684838162,-0.0712133227597147
2009-02-20 00:00:00+00:00,769.5,857.4447998046875,1096.440400390625,0.0,135641.117095539,52436.11584327089,-0.0712133227597147
2009-02-23 00:00:00+00:00,745.0,854.5547998046875,1093.189150390625,0.0,135641.117095539,50766.609880749595,-0.0712133227597147
2009-02-24 00:00:00+00:00,768.75,852.0147998046875,1090.072900390625,0.0,135641.117095539,52385.00851788759,-0.0712133227597147
2009-02-25 00:00:00+00:00,761.5,849.7447998046875,1086.935400390625,0.0,135641.117095539,51890.97103918231,-0.0712133227597147
2009-02-26 00:00:00+00:00,752.0,847.0647998046875,1083.671650390625,0.0,135641.117095539,51243.61158432712,-0.0712133227597147
2009-02-27 00:00:00+00:00,734.25,844.2847998046875,1080.319150390625,0.0,135641.117095539,50034.07155025557,-0.0712133227597147
2009-03-02 00:00:00+00:00,705.5,840.1247998046875,1076.807900390625,0.0,135641.117095539,48074.95741056221,-0.0712133227597147
2009-03-03 00:00:00+00:00,689.5,835.8297998046875,1073.132900390625,0.0,135641.117095539,46984.66780238503,-0.0712133227597147
2009-03-04 00:00:00+00:00,708.5,832.0897998046875,1069.546650390625,0.0,135641.117095539,48279.38671209543,-0.0712133227597147
2009-03-05 00:00:00+00:00,686.0,828.015,1065.827900390625,0.0,135641.117095539,46746.166950596285,-0.0712133227597147
2009-03-06 00:00:00+00:00,687.75,824.345,1062.179150390625,0.0,135641.117095539,46865.41737649067,-0.0712133227597147
2009-03-09 00:00:00+00:00,676.0,820.695,1058.594150390625,0.0,135641.117095539,46064.735945485554,-0.0712133227597147
2009-03-10 00:00:00+00:00,716.0,817.715,1055.207900390625,0.0,135641.117095539,48790.459965928494,-0.0712133227597147
2009-03-11 00:00:00+00:00,720.5,814.745,1051.942900390625,0.0,135641.117095539,49097.10391822833,-0.0712133227597147
2009-03-12 00:00:00+00:00,751.5,812.365,1048.776650390625,0.0,135641.117095539,51209.5400340716,-0.0712133227597147
2009-03-13 00:00:00+00:00,757.75,809.755,1045.607900390625,0.0,135641.117095539,51635.434412265815,-0.0712133227597147
2009-03-16 00:00:00+00:00,757.25,806.9,1042.405400390625,0.0,135641.117095539,51601.36286201028,-0.0712133227597147
2009-03-17 00:00:00+00:00,778.75,803.965,1039.296650390625,0.0,135641.117095539,53066.439522998364,-0.0712133227597147
2009-03-18 00:00:00+00:00,795.5,801.325,1036.346650390625,0.0,135641.117095539,54207.83645655884,-0.0712133227597147
2009-03-19 00:00:00+00:00,784.25,798.4,1033.375400390625,0.0,135641.117095539,53441.22657580926,-0.0712133227597147
2009-03-20 00:00:00+00:00,789.4000244140625,796.0830004882813,1030.4349005126953,0.0,135641.117095539,53792.16520709122,-0.0712133227597147
2009-03-23 00:00:00+00:00,817.25,794.2930004882812,1027.4949005126953,0.0,135641.117095539,55689.94889267469,-0.0712133227597147
2009-03-24 00:00:00+00:00,803.5,792.6530004882812,1024.7149005126953,0.0,135641.117095539,54752.98126064743,-0.0712133227597147
2009-03-25 00:00:00+00:00,808.25,791.4580004882813,1021.9386505126953,0.0,135641.117095539,55076.66098807502,-0.0712133227597147
2009-03-26 00:00:00+00:00,827.25,790.6330004882813,1019.2936505126953,0.0,135641.117095539,56371.37989778541,-0.0712133227597147
2009-03-27 00:00:00+00:00,816.0,790.1580004882812,1016.6949005126953,0.0,135641.117095539,55604.77001703583,-0.0712133227597147
2009-03-30 00:00:00+00:00,784.25,789.0580004882812,1013.9111505126953,0.0,135641.117095539,53441.226575809254,-0.0712133227597147
2009-03-31 00:00:00+00:00,794.75,787.9830004882813,1011.0974005126953,0.0,135641.117095539,54156.72913117553,-0.0712133227597147
2009-04-01 00:00:00+00:00,809.25,788.0480004882812,1008.3549005126953,0.0,135641.117095539,55144.80408858608,-0.0712133227597147
2009-04-02 00:00:00+00:00,835.5,788.0230004882812,1005.7774005126953,0.0,135641.117095539,56933.56047700177,-0.0712133227597147
2009-04-03 00:00:00+00:00,840.5,788.3230004882812,1003.2949005126953,0.0,135641.117095539,57274.27597955713,-0.0712133227597147
2009-04-06 00:00:00+00:00,830.5,788.4630004882813,1000.7474005126953,0.0,135641.117095539,56592.8449744464,-0.0712133227597147
2009-04-07 00:00:00+00:00,814.0,788.1280004882813,998.121000366211,0.0,135641.117095539,55468.48381601369,-0.0712133227597147
2009-04-08 00:00:00+00:00,822.5,787.7930004882812,995.642250366211,0.0,135641.117095539,56047.70017035781,-0.0712133227597147
2009-04-09 00:00:00+00:00,852.5,787.4130004882812,993.3272503662109,0.0,135641.117095539,58091.993185690015,-0.0712133227597147
2009-04-13 00:00:00+00:00,854.0,787.6380004882812,990.984750366211,0.0,135641.117095539,58194.207836456626,-0.0712133227597147
2009-04-14 00:00:00+00:00,840.25,787.9930004882813,988.7635003662109,0.0,135641.117095539,57257.24020442937,-0.0712133227597147
2009-04-15 00:00:00+00:00,848.5,788.5380004882812,986.606000366211,0.0,135641.117095539,57819.42078364573,-0.0712133227597147
2009-04-16 00:00:00+00:00,861.5,789.1380004882812,984.5085003662109,0.0,135641.117095539,58705.28109028968,-0.0712133227597147
2009-04-17 00:00:00+00:00,866.75,789.8780004882813,982.4110003662109,0.0,135641.117095539,59063.032367972824,-0.0712133227597147
2009-04-20 00:00:00+00:00,833.0,789.7280004882813,980.262250366211,0.0,135641.117095539,56763.20272572409,-0.0712133227597147
2009-04-21 00:00:00+00:00,847.75,789.3280004882813,978.1760003662109,0.0,135641.117095539,57768.31345826242,-0.0712133227597147
2009-04-22 00:00:00+00:00,837.0,788.7680004882812,976.1022503662109,0.0,135641.117095539,57035.775127768386,-0.0712133227597147
2009-04-23 00:00:00+00:00,848.75,789.2030004882813,973.9772503662109,0.0,135641.117095539,57836.4565587735,-0.0712133227597147
2009-04-24 00:00:00+00:00,866.5,789.9030004882812,972.0697503662109,0.0,135641.117095539,59045.99659284504,-0.0712133227597147
2009-04-27 00:00:00+00:00,856.75,790.3280004882813,970.0810003662109,0.0,135641.117095539,58381.60136286208,-0.0712133227597147
2009-04-28 00:00:00+00:00,851.75,790.9630004882813,968.141000366211,0.0,135641.117095539,58040.88586030671,-0.0712133227597147
2009-04-29 00:00:00+00:00,869.0,792.6330004882813,966.344750366211,0.0,135641.117095539,59216.35434412272,-0.0712133227597147
2009-04-30 00:00:00+00:00,870.0,794.4430004882812,964.637250366211,0.0,135641.117095539,59284.4974446338,-0.0712133227597147
2009-05-01 00:00:00+00:00,876.0,796.3730004882813,962.812250366211,0.0,135641.117095539,59693.35604770024,-0.0712133227597147
2009-05-04 00:00:00+00:00,902.75,799.0380004882812,961.058500366211,0.0,135641.117095539,61516.183986371456,-0.0712133227597147
2009-05-05 00:00:00+00:00,903.5,802.2080004882813,959.2735003662109,0.0,135641.117095539,61567.29131175476,-0.0712133227597147
2009-05-06 00:00:00+00:00,917.25,805.1780004882812,957.552250366211,0.0,135641.117095539,62504.258943782006,-0.0712133227597147
2009-05-07 00:00:00+00:00,907.0,808.0880004882813,955.7160003662109,0.0,135641.117095539,61805.792163543505,-0.0712133227597147
2009-05-08 00:00:00+00:00,924.75,811.5430004882812,953.927250366211,0.0,135641.117095539,63015.33219761505,-0.0712133227597147
2009-05-11 00:00:00+00:00,909.0,815.0380004882812,952.203500366211,0.0,135641.117095539,61942.07836456565,-0.0712133227597147
2009-05-12 00:00:00+00:00,906.75,819.0630004882812,950.468500366211,0.0,135641.117095539,61788.756388415735,-0.0712133227597147
2009-05-13 00:00:00+00:00,885.25,822.9780004882813,948.719750366211,0.0,135641.117095539,60323.67972742766,-0.0712133227597147
2009-05-14 00:00:00+00:00,889.5,826.5980004882813,946.8585003662109,0.0,135641.117095539,60613.28790459973,-0.0712133227597147
2009-05-15 00:00:00+00:00,883.0,830.5380004882812,944.849750366211,0.0,135641.117095539,60170.357751277756,-0.0712133227597147
2009-05-18 00:00:00+00:00,907.0,834.9230004882812,943.0497503662109,0.0,135641.117095539,61805.79216354351,-0.0712133227597147
2009-05-19 00:00:00+00:00,906.5,839.5330004882812,941.281000366211,0.0,135641.117095539,61771.72061328797,-0.0712133227597147
2009-05-20 00:00:00+00:00,900.0,843.2130004882813,939.537250366211,0.0,135641.117095539,61328.790459965996,-0.0712133227597147
2009-05-21 00:00:00+00:00,888.75,846.5780004882813,937.5660003662109,0.0,135641.117095539,60562.18057921643,-0.0712133227597147
2009-05-22 00:00:00+00:00,885.0,849.2480004882813,935.552250366211,0.0,135641.117095539,60306.643952299906,-0.0712133227597147
2009-05-26 00:00:00+00:00,908.75,852.2680004882812,933.756000366211,0.0,135641.117095539,61925.04258943791,-0.0712133227597147
2009-05-27 00:00:00+00:00,892.5,854.9730004882813,931.7572503662109,0.0,135641.117095539,60817.71720613296,-0.0712133227597147
2009-05-28 00:00:00+00:00,905.0,857.4980004882813,929.7572503662109,0.0,135641.117095539,61669.505962521376,-0.0712133227597147
2009-05-29 00:00:00+00:00,918.0,859.9480004882812,927.8897503662109,0.0,135641.117095539,62555.36626916534,-0.0712133227597147
2009-06-01 00:00:00+00:00,939.0,863.0430004882812,926.162250366211,0.0,135641.117095539,63986.371379897864,-0.0712133227597147
2009-06-02 00:00:00+00:00,942.5,866.105,924.406000366211,0.0,135641.117095539,64224.872231686626,-0.0712133227597147
2009-06-03 00:00:00+00:00,931.75,868.395,922.5660003662109,0.0,135641.117095539,63492.333901192585,-0.0712133227597147
2009-06-04 00:00:00+00:00,940.5,871.135,920.8585003662109,0.0,135641.117095539,64088.58603066448,-0.0712133227597147
2009-06-05 00:00:00+00:00,940.5,873.78,919.218500366211,0.0,135641.117095539,64088.58603066448,-0.0712133227597147
2009-06-08 00:00:00+00:00,938.75,876.01,917.543500366211,0.0,135641.117095539,63969.33560477011,-0.0712133227597147
2009-06-09 00:00:00+00:00,939.5,878.48,915.8635003662109,0.0,135641.117095539,64020.44293015342,-0.0712133227597147
2009-06-10 00:00:00+00:00,940.5,881.605,914.104750366211,0.0,135641.117095539,64088.5860306645,-0.0712133227597147
2009-06-11 00:00:00+00:00,942.0,884.55,912.4822503662109,0.0,135641.117095539,64190.8006814311,-0.0712133227597147
2009-06-12 00:00:00+00:00,944.75,887.26,910.8472503662109,0.0,135641.117095539,64378.19420783655,-0.0712133227597147
2009-06-15 00:00:00+00:00,923.5,889.02,909.0547503662109,0.0,135641.117095539,62930.153321976235,-0.0712133227597147
2009-06-16 00:00:00+00:00,912.0,890.45,907.124750366211,0.0,135641.117095539,62146.50766609889,-0.0712133227597147
2009-06-17 00:00:00+00:00,909.75,892.035,905.261000366211,0.0,135641.117095539,61993.18568994898,-0.0712133227597147
2009-06-18 00:00:00+00:00,917.75,894.11,903.4672503662109,0.0,135641.117095539,62538.33049403757,-0.0712133227597147
2009-06-19 00:00:00+00:00,926.1500244140624,896.1830004882812,901.7217504882813,0.0,135641.117095539,63110.73420198049,-0.0712133227597147
2009-06-22 00:00:00+00:00,888.5,896.9030004882812,899.9817504882812,0.0,135641.117095539,60545.14480408867,-0.0712133227597147
2009-06-23 00:00:00+00:00,890.25,897.6280004882813,898.2280004882813,0.0,135641.117095539,60664.395229983034,-0.0712133227597147
2009-06-24 00:00:00+00:00,898.0,898.7830004882812,896.3830004882813,0.0,135641.117095539,61192.50425894386,-0.0712133227597147
2009-06-25 00:00:00+00:00,916.5,900.1430004882812,894.8330004882813,1.0,138435.5053653246,62453.15161839872,-0.052079076068238805
2009-06-26 00:00:00+00:00,914.0,901.1930004882812,893.2367504882812,1.0,138057.8853288671,62282.793867121036,-0.054664785080600464
2009-06-29 00:00:00+00:00,921.25,902.2830004882812,891.5880004882813,1.0,139152.9834345939,62776.831345826315,-0.047166228944751754
2009-06-30 00:00:00+00:00,915.5,903.9330004882812,889.8792504882813,1.0,138284.4573507416,62385.00851788764,-0.053113359673183425
2009-07-01 00:00:00+00:00,919.25,905.3630004882813,888.5005004882812,1.0,138850.88740542787,62640.545144804164,-0.0492347961546411
2009-07-02 00:00:00+00:00,893.25,906.4880004882813,886.8955004882813,1.0,134923.63902626972,60868.82453151625,-0.07612616988320176
2009-07-06 00:00:00+00:00,895.5,907.4230004882812,885.5692504882812,1.0,135263.4970590815,61022.14650766618,-0.07379903177207614
2009-07-07 00:00:00+00:00,879.25,907.6780004882812,883.9742504882812,1.0,132808.96682210764,59914.82112436123,-0.09060614035242665
2009-07-08 00:00:00+00:00,873.75,908.0180004882812,881.9464501953125,1.0,131978.20274190113,59540.034071550326,-0.09629470017962205
2009-07-09 00:00:00+00:00,879.0,908.5630004882812,880.2727001953125,1.0,132771.2048184619,59897.78534923347,-0.0908647112536628
2009-07-10 00:00:00+00:00,874.25,908.6680004882812,878.7089501953125,1.0,132053.72674919263,59574.10562180587,-0.09577755837714974
2009-07-13 00:00:00+00:00,895.5,909.1780004882812,877.2214501953125,1.0,135263.4970590815,61022.146507666184,-0.07379903177207614
2009-07-14 00:00:00+00:00,901.5,909.6880004882812,875.6614501953125,1.0,136169.78514657952,61431.00511073263,-0.06759333014240843
2009-07-15 00:00:00+00:00,927.25,910.1780004882812,874.2252001953125,1.0,140059.2715220919,63185.68994889277,-0.04096052731508404
2009-07-16 00:00:00+00:00,935.75,910.8230004882812,873.3102001953125,1.0,141343.17964604744,63764.90630323689,-0.032169116673054665
2009-07-17 00:00:00+00:00,937.0,911.2180004882813,872.1502001953126,1.0,141531.98966427622,63850.085178875735,-0.03087626216687378
2009-07-20 00:00:00+00:00,949.0,912.0580004882812,871.0527001953125,1.0,143344.56583927228,64667.80238500861,-0.01846485890753813
2009-07-21 00:00:00+00:00,953.5,912.6330004882813,870.1977001953124,1.0,144024.28190489582,64974.44633730844,-0.013810582685287232
2009-07-22 00:00:00+00:00,949.5,913.4430004882812,869.4039501953125,1.0,143420.08984656382,64701.87393526416,-0.017947717105065597
2009-07-23 00:00:00+00:00,969.0,914.6880004882812,868.9827001953125,1.0,146365.5261309324,66030.6643952301,0.0
2009-07-24 00:00:00+00:00,977.75,916.5380004882812,868.8427001953125,1.0,147687.19625853372,66626.91652470197,0.0
2009-07-27 00:00:00+00:00,980.0,918.3480004882813,868.8377001953126,1.0,148027.05429134547,66780.23850085189,0.0
2009-07-28 00:00:00+00:00,976.0,920.2080004882813,869.1552001953125,1.0,147422.86223301347,66507.66609880759,-0.004081632653061051
2009-07-29 00:00:00+00:00,975.0,921.5680004882812,869.5752001953125,1.0,147271.81421843046,66439.52299829652,-0.00510204081632637
2009-07-30 00:00:00+00:00,982.25,923.0830004882813,869.4027001953125,1.0,148366.91232415725,66933.5604770018,0.0
2009-07-31 00:00:00+00:00,984.5,924.7730004882812,869.3139501953125,1.0,148706.77035696903,67086.88245315172,0.0
2009-08-03 00:00:00+00:00,1000.75,927.0130004882812,869.8014501953126,1.0,151161.30059394287,68194.20783645666,0.0
2009-08-04 00:00:00+00:00,1004.75,929.4080004882812,870.1202001953125,1.0,151765.49265227487,68466.78023850094,0.0
2009-08-05 00:00:00+00:00,1000.75,931.2480004882813,870.4564501953125,1.0,151161.30059394287,68194.20783645666,-0.003981089823339001
2009-08-06 00:00:00+00:00,995.0,933.2980004882812,870.4789501953124,1.0,150292.7745100906,67802.38500851799,-0.00970390644438901
2009-08-07 00:00:00+00:00,1006.5,935.3280004882813,870.7152001953125,1.0,152029.82667779515,68586.03066439532,0.0
2009-08-10 00:00:00+00:00,1007.5,937.1180004882813,871.2389501953126,1.0,152180.87469237816,68654.1737649064,0.0
2009-08-11 00:00:00+00:00,993.0,938.1980004882812,871.6277001953125,1.0,149990.67848092457,67666.09880749583,-0.014392059553349879
2009-08-12 00:00:00+00:00,1002.25,939.3930004882812,872.3089501953125,1.0,151387.87261581738,68296.42248722326,-0.00521091811414387
2009-08-13 00:00:00+00:00,1013.5,941.0280004882812,873.2027001953124,1.0,153087.1627798762,69063.03236797285,0.0
2009-08-14 00:00:00+00:00,1005.75,942.3330004882813,873.5377001953125,1.0,151916.54066685794,68534.92333901204,-0.00764676862358149
2009-08-17 00:00:00+00:00,978.25,943.0880004882813,873.7939501953125,1.0,147762.72026582528,66660.98807495751,-0.034780463739516376
2009-08-18 00:00:00+00:00,989.5,944.1030004882813,873.9339501953125,1.0,149462.01042988407,67427.59795570708,-0.023680315737543145
2009-08-19 00:00:00+00:00,997.0,945.2530004882813,874.0827001953126,1.0,150594.87053925663,67938.67120954015,-0.016280217069560843
2009-08-20 00:00:00+00:00,1004.75,946.5380004882812,874.2589501953125,1.0,151765.49265227493,68466.78023850097,-0.00863344844597913
2009-08-21 00:00:00+00:00,1025.25,948.2030004882813,874.3689501953126,1.0,154861.97695122653,69863.71379897797,0.0
2009-08-24 00:00:00+00:00,1024.5,949.7980004882812,874.7014501953125,1.0,154748.6909402893,69812.60647359467,-0.000731528895391298
2009-08-25 00:00:00+00:00,1026.0,951.8480004882813,875.3089501953125,1.0,154975.2629621638,69914.82112436127,0.0
2009-08-26 00:00:00+00:00,1026.75,954.1430004882812,875.7614501953125,1.0,155088.54897310105,69965.92844974459,0.0
2009-08-27 00:00:00+00:00,1029.25,956.5330004882812,876.3002001953125,1.0,155466.16900955854,70136.28620102226,0.0
2009-08-28 00:00:00+00:00,1027.5,958.7280004882813,876.9727001953125,1.0,155201.8349840383,70017.03577512788,-0.0017002671848432849
2009-08-31 00:00:00+00:00,1019.75,960.6,877.8039501953125,1.0,154031.21287102,69488.92674616705,-0.009230021860578086
2009-09-01 00:00:00+00:00,996.5,962.76,878.2477001953125,1.0,150519.34653196513,67904.5996592846,-0.031819285887782156
2009-09-02 00:00:00+00:00,994.25,964.84,878.9114501953125,1.0,150179.48849915338,67751.27768313469,-0.034005343696866364
2009-09-03 00:00:00+00:00,1001.75,966.915,879.6652001953125,1.0,151312.3486085259,68262.35093696775,-0.02671848433325219
2009-09-04 00:00:00+00:00,1014.0,968.865,880.4027001953125,1.0,153162.68678716774,69097.10391822839,-0.014816614039348752
2009-09-08 00:00:00+00:00,1025.0,971.085,881.4652001953125,1.0,154824.2149475808,69846.6780238502,-0.004129220306047898
2009-09-09 00:00:00+00:00,1032.5,973.31,882.8864501953125,1.0,155957.07505695333,70357.75127768324,0.0
2009-09-10 00:00:00+00:00,1041.75,975.835,884.1352001953124,1.0,157354.2691918461,70988.07495741067,0.0
2009-09-11 00:00:00+00:00,1041.5,978.28,885.1027001953125,1.0,157316.50718820037,70971.0391822829,-0.00023998080153575518
2009-09-14 00:00:00+00:00,1048.0,981.375,886.0764501953125,1.0,158298.3192829899,71413.96933560488,0.0
2009-09-15 00:00:00+00:00,1050.25,984.47,886.8964501953125,1.0,158638.17731580167,71567.2913117548,0.0
2009-09-16 00:00:00+00:00,1068.0,988.245,887.7602001953124,1.0,161319.27957465002,72776.83134582636,0.0
2009-09-17 00:00:00+00:00,1067.5,992.12,889.0189501953125,1.0,161243.75556735852,72742.75979557082,-0.000468164794007464
2009-09-18 00:00:00+00:00,1071.5699462890625,995.9713989257813,890.1317999267578,1.0,161858.5128737809,73020.09855462109,0.0
2009-09-21 00:00:00+00:00,1060.5,999.6963989257813,891.0917999267579,1.0,160186.4194652775,72265.75809199331,-0.010330586750215254
2009-09-22 00:00:00+00:00,1067.25,1003.1313989257812,892.1905499267579,1.0,161205.99356371278,72725.72402044306,-0.004031417924721503
2009-09-23 00:00:00+00:00,1059.0,1006.2813989257812,893.1230499267579,1.0,159959.84744340298,72163.5434412267,-0.011730402044769384
2009-09-24 00:00:00+00:00,1044.25,1008.6213989257812,893.8205499267578,1.0,157731.88922830363,71158.43270868839,-0.02549525244121864
2009-09-25 00:00:00+00:00,1041.0,1010.7263989257813,894.5780499267578,1.0,157240.98318090886,70936.96763202739,-0.028528185579419274
2009-09-28 00:00:00+00:00,1059.0,1013.1663989257812,895.3942999267579,1.0,159959.84744340298,72163.54344122672,-0.011730402044769384
2009-09-29 00:00:00+00:00,1054.75,1015.2813989257812,896.2930499267578,1.0,159317.8933814252,71873.93526405466,-0.01569654537933951
2009-09-30 00:00:00+00:00,1053.0,1017.2713989257812,897.1280499267579,1.0,159053.55935590496,71754.68483816028,-0.017329663222985903
2009-10-01 00:00:00+00:00,1027.5,1018.8313989257813,897.8992999267579,1.0,155201.8349840383,70017.0357751279,-0.041126523230406664
2009-10-02 00:00:00+00:00,1021.75,1019.8863989257812,898.4405499267579,1.0,154333.308900186,69625.21294718923,-0.04649248185953092
2009-10-05 00:00:00+00:00,1036.5,1021.0613989257813,899.1017999267578,1.0,156561.26711528533,70630.32367972756,-0.032727631463081774
2009-10-06 00:00:00+00:00,1048.5,1022.4313989257812,899.8667999267578,1.0,158373.8432902814,71448.04088586044,-0.021529109106648625
2009-10-07 00:00:00+00:00,1053.5,1023.9813989257813,900.6855999755859,1.0,159129.08336319643,71788.7563884158,-0.016863058124801378
2009-10-08 00:00:00+00:00,1063.75,1025.7563989257812,901.648099975586,1.0,160677.32551267222,72487.22316865431,-0.007297653612014843
2009-10-09 00:00:00+00:00,1068.0,1027.4713989257812,902.695599975586,1.0,161319.27957465,72776.83134582636,-0.003331510277444716
2009-10-12 00:00:00+00:00,1071.5,1029.2113989257812,903.7280999755859,1.0,161847.9476256905,73015.3321976151,-6.527459015182036e-05
2009-10-13 00:00:00+00:00,1068.75,1030.5713989257813,904.726849975586,1.0,161432.56558558723,72827.93867120966,-0.0026316026301677065
2009-10-14 00:00:00+00:00,1087.75,1032.2313989257811,905.8130999755859,1.0,164302.47786266432,74122.65758092004,0.0
2009-10-15 00:00:00+00:00,1089.75,1034.0113989257814,906.820599975586,1.0,164604.57389183034,74258.9437819422,0.0
2009-10-16 00:00:00+00:00,1082.0,1035.7513989257814,907.730599975586,1.0,163433.95177881207,73730.83475298138,-0.007111722872218285
2009-10-19 00:00:00+00:00,1091.0,1037.4413989257812,908.558099975586,1.0,164793.3839100591,74344.12265758103,0.0
2009-10-20 00:00:00+00:00,1089.5,1039.0813989257813,909.3680999755859,1.0,164566.8118881846,74241.90800681442,-0.001374885426214556
2009-10-21 00:00:00+00:00,1078.0,1040.7813989257813,910.105599975586,1.0,162829.75972048004,73458.26235093709,-0.01191567369385882
2009-10-22 00:00:00+00:00,1090.75,1042.5513989257813,911.033099975586,1.0,164755.62190641335,74327.08688245327,-0.00022914757103587036
2009-10-23 00:00:00+00:00,1077.0,1043.8213989257813,911.8843499755859,1.0,162678.71170589703,73390.119250426,-0.012832263978001857
2009-10-26 00:00:00+00:00,1066.5,1045.0363989257812,912.789349975586,1.0,161092.70755277548,72674.61669505974,-0.022456461961503194
2009-10-27 00:00:00+00:00,1060.5,1046.6813989257812,913.751849975586,1.0,160186.41946527743,72265.7580919933,-0.027956003666361195
2009-10-28 00:00:00+00:00,1038.5,1047.6613989257812,914.601849975586,1.0,156863.36314445132,70766.60988074967,-0.04812098991750691
2009-10-29 00:00:00+00:00,1061.5,1048.9513989257812,915.710599975586,1.0,160337.4674798604,72333.90119250436,-0.02703941338221838
2009-10-30 00:00:00+00:00,1033.0,1049.5163989257812,916.679349975586,1.0,156032.59906424477,70391.82282793877,-0.05316223648029339
2009-11-02 00:00:00+00:00,1039.0,1049.7913989257813,917.631849975586,1.0,156938.8871517428,70800.68143100521,-0.04766269477543561
2009-11-03 00:00:00+00:00,1041.75,1050.1363989257814,918.8105999755859,1.0,157354.26919184602,70988.07495741064,-0.04514207149404259
2009-11-04 00:00:00+00:00,1047.0,1050.5563989257812,919.861849975586,1.0,158147.2712684068,71345.82623509379,-0.040329972502291866
2009-11-05 00:00:00+00:00,1063.25,1051.2863989257812,921.0505999755859,1.0,160601.80150538063,72453.15161839873,-0.025435380384968398
2009-11-06 00:00:00+00:00,1066.25,1052.0263989257812,922.2643499755859,1.0,161054.94554912965,72657.58091993195,-0.022685609532539397
2009-11-09 00:00:00+00:00,1091.75,1053.3113989257813,923.569349975586,1.0,164906.6699209963,74395.2299829643,0.0
2009-11-10 00:00:00+00:00,1092.0,1054.7563989257812,924.8330999755859,1.0,164944.43192464203,74412.26575809206,0.0
2009-11-11 00:00:00+00:00,1096.25,1056.7513989257814,925.9568499755859,1.0,165586.3859866198,74701.87393526413,0.0
2009-11-12 00:00:00+00:00,1087.25,1058.6113989257813,927.179349975586,1.0,164226.95385537276,74088.58603066446,-0.00820980615735456
2009-11-13 00:00:00+00:00,1091.5,1060.4063989257813,928.5243499755859,1.0,164868.90791735053,74378.19420783652,-0.004332953249714944
2009-11-16 00:00:00+00:00,1106.25,1062.2513989257814,929.949349975586,1.0,167096.86613244988,75383.30494037486,0.0
2009-11-17 00:00:00+00:00,1107.5,1063.9013989257812,931.329349975586,1.0,167285.67615067863,75468.48381601372,0.0
2009-11-18 00:00:00+00:00,1108.5,1065.4213989257812,932.7230999755859,1.0,167436.72416526164,75536.62691652478,0.0
2009-11-19 00:00:00+00:00,1094.25,1066.4713989257812,933.991849975586,1.0,165284.28995745382,74565.58773424198,-0.012855209742895779
2009-11-20 00:00:00+00:00,1090.0,1067.4413989257812,935.1030999755859,1.0,164642.33589547602,74275.97955706992,-0.016689219666215727
2009-11-23 00:00:00+00:00,1103.75,1068.5563989257812,936.2968499755859,1.0,166719.2460959924,75212.94718909718,-0.004285069914298445
2009-11-24 00:00:00+00:00,1103.0,1069.6113989257813,937.6768499755859,1.0,166605.96008505512,75161.83986371387,-0.004961659900766691
2009-11-25 00:00:00+00:00,1109.0,1070.4313989257812,939.064349975586,1.0,167512.24817255317,75570.69846678032,0.0
2009-11-27 00:00:00+00:00,1089.5,1070.8713989257812,940.334349975586,1.0,164566.81188818457,74241.90800681438,-0.017583408476104512
2009-11-30 00:00:00+00:00,1094.75,1071.335,941.7080999755859,1.0,165359.81396474532,74599.65928449751,-0.012849413886384276
2009-12-01 00:00:00+00:00,1108.5,1072.295,943.3230999755859,1.0,167436.72416526164,75536.62691652476,-0.0004508566275925885
2009-12-02 00:00:00+00:00,1108.0,1073.11,944.965599975586,1.0,167361.2001579701,75502.55536626923,-0.000901713255185177
2009-12-03 00:00:00+00:00,1098.0,1073.89,946.558099975586,1.0,165850.72001214005,74821.12436115848,-0.009918845807033727
2009-12-04 00:00:00+00:00,1108.0,1075.165,948.2505999755859,1.0,167361.2001579701,75502.55536626923,-0.000901713255185177
2009-12-07 00:00:00+00:00,1103.75,1076.42,950.044349975586,1.0,166719.24609599233,75212.94718909716,-0.004733994589720791
2009-12-08 00:00:00+00:00,1090.0,1077.04,951.6505999755859,1.0,164642.33589547602,74275.9795570699,-0.01713255184851248
2009-12-09 00:00:00+00:00,1095.5,1077.855,953.320599975586,1.0,165473.09997568256,74650.76660988081,-0.01217312894499567
2009-12-10 00:00:00+00:00,1102.0,1078.835,955.070599975586,1.0,166454.91207047208,75093.6967632028,-0.00631199278629424
2009-12-11 00:00:00+00:00,1108.0,1080.445,956.939349975586,1.0,167361.2001579701,75502.55536626923,-0.000901713255185177
2009-12-14 00:00:00+00:00,1113.5,1082.28,958.9793499755859,1.0,168191.96423817668,75877.34241908015,0.0
2009-12-15 00:00:00+00:00,1108.75,1083.725,961.075599975586,1.0,167474.4861689074,75553.66269165254,-0.004265828468792088
2009-12-16 00:00:00+00:00,1110.5,1084.965,963.085599975586,1.0,167738.82019442762,75672.91311754691,-0.0026942074539741956
2009-12-17 00:00:00+00:00,1099.0,1085.875,965.1505999755859,1.0,166001.76802672306,74889.26746166956,-0.013022002694207613
2009-12-18 00:00:00+00:00,1102.3800048828125,1086.6476000976563,967.22375,1.0,166512.31105355272,75119.59147412697,-0.009986524577627276
2009-12-21 00:00:00+00:00,1108.25,1087.4526000976562,969.385,1.0,167398.96216161584,75519.59114139699,-0.004714863044454787
2009-12-22 00:00:00+00:00,1113.5,1088.2926000976563,971.3725,1.0,168191.96423817662,75877.34241908012,-3.3306690738754696e-16
2009-12-23 00:00:00+00:00,1115.5,1089.2276000976562,973.3475,1.0,168494.0602673426,76013.62862010226,0.0
2009-12-24 00:00:00+00:00,1122.0,1089.9126000976562,975.2,1.0,169475.87236213216,76456.55877342423,0.0
2009-12-28 00:00:00+00:00,1123.0,1090.5776000976562,977.02625,1.0,169626.92037671516,76524.70187393531,0.0
2009-12-29 00:00:00+00:00,1121.75,1091.3726000976562,978.84875,1.0,169438.1103584864,76439.52299829647,-0.0011130899376671222
2009-12-30 00:00:00+00:00,1122.0,1091.9926000976564,980.565,1.0,169475.87236213216,76456.55877342423,-0.0008904719501335867
2009-12-31 00:00:00+00:00,1110.75,1092.4176000976563,982.14125,1.0,167776.58219807333,75689.94889267466,-0.010908281389136354
2010-01-04 00:00:00+00:00,1128.75,1093.4326000976562,983.86375,1.0,170495.44646056741,76916.52470187398,0.0
2010-01-05 00:00:00+00:00,1132.25,1094.2626000976563,985.5779998779296,1.0,171024.1145116079,77155.02555366272,0.0
2010-01-06 00:00:00+00:00,1133.0,1095.3826000976562,987.1567498779297,1.0,171137.4005225452,77206.13287904604,0.0
2010-01-07 00:00:00+00:00,1137.5,1096.8026000976563,988.8267498779297,1.0,171817.11658816872,77512.77683134587,0.0
2010-01-08 00:00:00+00:00,1141.5,1098.4226000976562,990.4929998779297,1.0,172421.30864650075,77785.34923339017,0.0
2010-01-11 00:00:00+00:00,1142.5,1100.5026000976563,992.0692498779297,1.0,172572.35666108376,77853.49233390123,0.0
2010-01-12 00:00:00+00:00,1134.0,1101.9526000976562,993.6592498779297,1.0,171288.44853712822,77274.2759795571,-0.007439824945295381
2010-01-13 00:00:00+00:00,1141.5,1104.1226000976562,995.4454998779297,1.0,172421.30864650075,77785.34923339014,-0.0008752735229758946
2010-01-14 00:00:00+00:00,1145.25,1106.2476000976562,997.1979998779296,1.0,172987.738701187,78040.88586030666,0.0
2010-01-15 00:00:00+00:00,1132.25,1108.0576000976562,998.8129998779297,1.0,171024.1145116079,77155.02555366271,-0.011351233355162638
2010-01-19 00:00:00+00:00,1145.75,1110.0326000976563,1000.3642498779296,1.0,173063.26270847852,78074.9574105622,0.0
2010-01-20 00:00:00+00:00,1134.0,1111.4476000976563,1001.8317498779297,1.0,171288.4485371282,77274.27597955709,-0.010255291293912339
2010-01-21 00:00:00+00:00,1111.0,1112.3426000976563,1003.2342498779296,1.0,167814.34420171907,75706.9846678024,-0.030329478507527874
2010-01-22 00:00:00+00:00,1091.0,1112.3276000976562,1004.6192498779296,1.0,164793.38391005897,74344.12265758094,-0.04778529347588911
2010-01-25 00:00:00+00:00,1092.5,1112.3376000976561,1005.9692498779297,1.0,165019.95593193348,74446.33730834756,-0.04647610735326202
2010-01-26 00:00:00+00:00,1087.25,1112.1576000976563,1007.1429998779297,1.0,164226.9538553727,74088.58603066442,-0.051058258782456845
2010-01-27 00:00:00+00:00,1094.5,1112.3026000976563,1008.3454998779297,1.0,165322.0519610995,74582.62350936969,-0.044730525856425896
2010-01-28 00:00:00+00:00,1079.25,1112.0576000976562,1009.5404998779297,1.0,163018.56973870867,73543.44122657583,-0.05804058476980134
2010-01-29 00:00:00+00:00,1070.5,1111.3426000976563,1010.6504998779296,1.0,161696.8996111074,72947.18909710394,-0.06567750381845927
2010-02-01 00:00:00+00:00,1086.25,1110.9176000976563,1011.7742498779297,1.0,164075.90584078972,74020.44293015334,-0.051931049530874795
2010-02-02 00:00:00+00:00,1097.25,1110.6926000976562,1012.9267498779296,1.0,165737.4340012028,74770.01703577515,-0.04233035129827589
2010-02-03 00:00:00+00:00,1096.5,1110.7376000976562,1014.2442498779296,1.0,165624.14799026554,74718.90971039185,-0.04298494435958955
2010-02-04 00:00:00+00:00,1061.75,1110.1726000976562,1015.3142498779297,1.0,160375.22948350612,72350.93696763205,-0.07331442286711731
2010-02-05 00:00:00+00:00,1059.75,1109.2926000976563,1016.4279998779297,1.0,160073.1334543401,72214.6507666099,-0.07506000436395344
2010-02-08 00:00:00+00:00,1056.0,1108.3526000976562,1017.4642498779297,1.0,159506.7033996538,71959.11413969337,-0.07833296967052128
2010-02-09 00:00:00+00:00,1066.25,1107.4976000976562,1018.4629998779296,1.0,161054.94554912962,72657.58091993188,-0.06938686449923603
2010-02-10 00:00:00+00:00,1063.25,1106.9726000976561,1019.4954998779297,1.0,160601.8015053806,72453.15161839865,-0.07200523674449033
2010-02-11 00:00:00+00:00,1076.5,1106.6076000976564,1020.6192498779296,1.0,162603.18769860544,73356.04770017038,-0.06044075932795079
2010-02-12 00:00:00+00:00,1079.0,1106.0176000976562,1021.6692498779297,1.0,162980.807735063,73526.40545144808,-0.05825878245690541
2010-02-16 00:00:00+00:00,1093.25,1105.7226000976561,1022.7854998779297,1.0,165133.2419428708,74497.44463373088,-0.04582151429194803
2010-02-17 00:00:00+00:00,1099.5,1105.7526000976563,1023.9029998779297,1.0,166077.2920340146,74923.3390119251,-0.04036657211433514
2010-02-18 00:00:00+00:00,1105.5,1105.7026000976562,1024.9167498779298,1.0,166983.5801215126,75332.19761499153,-0.03512982762382688
2010-02-19 00:00:00+00:00,1106.25,1105.7526000976563,1025.9304998779296,1.0,167096.86613244988,75383.30494037483,-0.034475234562513224
2010-02-22 00:00:00+00:00,1107.5,1106.1026000976562,1026.8817498779297,1.0,167285.67615067863,75468.48381601367,-0.033384246126990647
2010-02-23 00:00:00+00:00,1097.25,1106.1376000976563,1027.8329998779298,1.0,165737.4340012028,74770.01703577518,-0.04233035129827589
2010-02-24 00:00:00+00:00,1103.5,1106.1676000976563,1028.7267498779297,1.0,166681.48409234663,75195.91141396938,-0.03687540912066278
2010-02-25 00:00:00+00:00,1102.25,1106.0526000976563,1029.6929998779297,1.0,166492.67407411785,75110.73253833054,-0.03796639755618547
2010-02-26 00:00:00+00:00,1103.5,1105.8526000976562,1030.6767498779298,1.0,166681.48409234663,75195.91141396938,-0.03687540912066278
2010-03-01 00:00:00+00:00,1114.5,1105.9676000976563,1031.8229998779298,1.0,168343.01225275968,75945.48551959118,-0.027274710888064102
2010-03-02 00:00:00+00:00,1117.5,1106.1076000976564,1032.9629998779296,1.0,168796.1562965087,76149.9148211244,-0.024656338642809805
2010-03-03 00:00:00+00:00,1118.5,1106.4976000976562,1034.1404998779296,1.0,168947.20431109171,76218.05792163548,-0.023783547894391743
2010-03-04 00:00:00+00:00,1122.25,1106.895,1035.2167498779297,1.0,169513.634365778,76473.59454855202,-0.0205105825878239
2010-03-05 00:00:00+00:00,1136.5,1107.46,1036.3667498779296,1.0,171666.06857358583,77444.6337308348,-0.008073314422866518
2010-03-08 00:00:00+00:00,1137.0,1107.93,1037.5517498779298,1.0,171741.5925808773,77478.70528109033,-0.007636919048657598
2010-03-09 00:00:00+00:00,1140.5,1108.43,1038.8104998779297,1.0,172270.26063191783,77717.20613287909,-0.004582151429194381
2010-03-10 00:00:00+00:00,1145.75,1108.905,1040.1142498779298,1.0,173063.26270847864,78074.95741056223,0.0
2010-03-11 00:00:00+00:00,1150.5,1109.455,1041.3229998779298,1.0,173780.7407777479,78398.63713798982,0.0
2010-03-12 00:00:00+00:00,1151.25,1110.045,1042.6167498779296,1.0,173894.02678868515,78449.74446337312,0.0
2010-03-15 00:00:00+00:00,1150.25,1110.61,1043.8429998779297,1.0,173742.97877410214,78381.60136286206,-0.0008686210640608261
2010-03-16 00:00:00+00:00,1159.5,1111.585,1045.0504998779297,1.0,175140.17290899492,79011.92504258947,0.0
2010-03-17 00:00:00+00:00,1165.75,1112.325,1046.1842498779297,1.0,176084.2230001387,79437.81942078368,0.0
2010-03-18 00:00:00+00:00,1166.0,1113.0,1047.3017498779298,1.0,176121.98500378444,79454.85519591143,0.0
2010-03-19 00:00:00+00:00,1172.949951171875,1113.7989990234375,1048.507749633789,1.0,177171.761329745,79928.44641716356,0.0
2010-03-22 00:00:00+00:00,1162.0,1114.2889990234376,1049.615249633789,1.0,175517.7929454524,79182.28279386714,-0.009335395053245987
2010-03-23 00:00:00+00:00,1169.5,1114.8489990234375,1050.760249633789,1.0,176650.65305482497,79693.35604770019,-0.0029412603397341863
2010-03-24 00:00:00+00:00,1164.5,1115.2889990234376,1051.8889996337891,1.0,175895.41298190993,79352.64054514482,-0.00720401681540872
2010-03-25 00:00:00+00:00,1162.75,1115.8639990234376,1053.0052496337892,1.0,175631.07895638968,79233.39011925044,-0.008695981581894774
2010-03-26 00:00:00+00:00,1163.5,1116.3039990234374,1054.1202496337892,1.0,175744.36496732692,79284.49744463374,-0.008056568110543672
2010-03-29 00:00:00+00:00,1168.75,1116.7739990234375,1055.2539996337891,1.0,176537.36704388773,79642.24872231689,-0.0035806738110852887
2010-03-30 00:00:00+00:00,1169.5,1117.5189990234376,1056.377749633789,1.0,176650.653054825,79693.3560477002,-0.0029412603397339643
2010-03-31 00:00:00+00:00,1165.25,1117.9089990234374,1057.5864996337891,1.0,176008.6989928472,79403.74787052814,-0.006564603344057507
2010-04-01 00:00:00+00:00,1173.75,1118.7039990234375,1058.895249633789,1.0,177292.60711680274,79982.96422487227,0.0
2010-04-05 00:00:00+00:00,1183.0,1120.1439990234376,1060.261499633789,1.0,178689.80125169555,80613.2879045997,0.0
2010-04-06 00:00:00+00:00,1185.75,1122.0389990234376,1061.601499633789,1.0,179105.1832917988,80800.68143100514,0.0
2010-04-07 00:00:00+00:00,1179.0,1123.7689990234376,1062.8657495117188,1.0,178085.60919336352,80340.7155025554,-0.005692599620493399
2010-04-08 00:00:00+00:00,1183.75,1125.6989990234374,1064.3419995117188,1.0,178803.08726263276,80664.39522998298,-0.0016866961838500893
2010-04-09 00:00:00+00:00,1192.5,1127.6589990234374,1065.8532495117188,1.0,180124.75739023407,81260.64735945489,0.0
2010-04-12 00:00:00+00:00,1192.5,1129.9239990234375,1067.3257495117186,1.0,180124.75739023407,81260.64735945489,0.0
2010-04-13 00:00:00+00:00,1193.0,1132.3739990234376,1068.7082495117188,1.0,180200.28139752557,81294.71890971043,0.0
2010-04-14 00:00:00+00:00,1206.5,1134.7789990234376,1070.1707495117187,1.0,182239.42959439615,82214.6507666099,0.0
2010-04-15 00:00:00+00:00,1208.5,1137.0039990234375,1071.6069995117186,1.0,182541.52562356213,82350.93696763205,0.0
2010-04-16 00:00:00+00:00,1190.25,1138.8789990234375,1072.9807495117188,1.0,179784.8993574223,81107.32538330497,-0.015101365328920036
2010-04-19 00:00:00+00:00,1195.5,1141.5539990234374,1074.3619995117188,1.0,180577.90143398306,81465.0766609881,-0.010757136946628054
2010-04-20 00:00:00+00:00,1205.5,1144.4689990234374,1075.9232495117187,1.0,182088.3815798131,82146.50766609881,-0.0024824162184526877
2010-04-21 00:00:00+00:00,1200.5,1147.3589990234375,1077.4482495117188,1.0,181333.14150689807,81805.79216354345,-0.0066197765825404264
2010-04-22 00:00:00+00:00,1201.75,1150.0689990234375,1079.0607495117188,1.0,181521.95152512685,81890.97103918229,-0.005585436491518436
2010-04-23 00:00:00+00:00,1212.25,1153.0489990234375,1080.7532495117186,1.0,183107.95567824837,82606.47359454856,0.0
2010-04-26 00:00:00+00:00,1208.25,1155.6839990234375,1082.3994995117187,1.0,182503.76361991637,82333.90119250427,-0.0032996494122498055
2010-04-27 00:00:00+00:00,1181.0,1157.7239990234375,1083.9332495117187,1.0,178387.70522252948,80477.00170357752,-0.02577851103320261
2010-04-28 00:00:00+00:00,1190.0,1159.6589990234374,1085.4057495117188,1.0,179747.1373537765,81090.28960817716,-0.01835429985564041
2010-04-29 00:00:00+00:00,1205.25,1161.7739990234375,1086.9244995117188,1.0,182050.61957616732,82129.47189097104,-0.005774386471437465
2010-04-30 00:00:00+00:00,1183.5,1163.3339990234374,1088.2057495117188,1.0,178765.32525898697,80647.35945485518,-0.02371623015054647
2010-05-03 00:00:00+00:00,1198.5,1165.1789990234374,1089.5194995117188,1.0,181031.04547773206,81669.50596252129,-0.011342544854609171
2010-05-04 00:00:00+00:00,1172.5,1166.4789990234376,1090.6969995117188,1.0,177103.7970985739,79897.78534923338,-0.03279026603423385
2010-05-05 00:00:00+00:00,1164.0,1167.8139990234374,1091.7719995117188,1.0,175819.88897461834,79318.56899488925,-0.03980202103526509
2010-05-06 00:00:00+00:00,1122.5,1168.1939990234375,1092.6169995117189,1.0,169551.39636942363,76490.63032367972,-0.07403588368735825
2010-05-07 00:00:00+00:00,1107.0,1168.2889990234376,1093.4044995117188,1.0,167210.15214338704,75434.41226575809,-0.08682202515982684
2010-05-10 00:00:00+00:00,1156.5,1169.3489990234375,1094.3419995117188,1.0,174687.0288652458,78807.4957410562,-0.04598886368323374
2010-05-11 00:00:00+00:00,1152.25,1170.1039990234376,1095.2144995117187,1.0,174045.07480326804,78517.88756388414,-0.04949474118374919
2010-05-12 00:00:00+00:00,1169.75,1171.1489990234375,1096.1632495117187,1.0,176688.41505847062,79710.39182282794,-0.03505877500515575
2010-05-13 00:00:00+00:00,1156.75,1171.9139990234376,1097.0669995117187,1.0,174724.79086889155,78824.53151618398,-0.04578263559496809
2010-05-14 00:00:00+00:00,1135.25,1172.1739990234375,1097.8682495117187,1.0,171477.2585553569,77359.4548551959,-0.06351825118581178
2010-05-17 00:00:00+00:00,1134.5,1172.1339990234376,1098.6294995117187,1.0,171363.97254441967,77308.3475298126,-0.0641369354506085
2010-05-18 00:00:00+00:00,1118.75,1171.7689990234376,1099.3007495117188,1.0,168984.9663147373,76235.0936967632,-0.07712930501134285
2010-05-19 00:00:00+00:00,1110.0,1171.1589990234374,1099.8469995117186,1.0,167663.296187136,75638.84156729131,-0.08434728810063963
2010-05-20 00:00:00+00:00,1070.0,1169.6439990234376,1100.1732495117187,1.0,161621.3756038158,72913.11754684837,-0.11734378222313901
2010-05-21 00:00:00+00:00,1084.5,1168.3239990234374,1100.5919995117188,1.0,163811.5718152694,73901.19250425894,-0.1053825531037329
2010-05-24 00:00:00+00:00,1071.0,1166.7189990234374,1100.9719995117186,1.0,161772.4236183988,72981.26064735946,-0.11651886987007654
2010-05-25 00:00:00+00:00,1073.0,1165.1739990234375,1101.3044995117189,1.0,162074.5196475648,73117.54684838161,-0.11486904516395169
2010-05-26 00:00:00+00:00,1061.25,1163.2089990234374,1101.5732495117188,1.0,160299.7054762145,72316.8654173765,-0.12456176531243579
2010-05-27 00:00:00+00:00,1101.0,1161.9139990234376,1102.1132495117188,1.0,166303.86405588896,75025.55366269166,-0.09177149927820194
2010-05-28 00:00:00+00:00,1088.5,1160.3639990234376,1102.5444995117186,1.0,164415.76387360136,74173.76490630324,-0.1020829036914832
2010-06-01 00:00:00+00:00,1069.5,1158.295,1102.8244995117188,1.0,161545.85159652427,72879.04599659285,-0.11775623839967042
2010-06-02 00:00:00+00:00,1096.75,1156.99,1103.2794995117188,1.0,165661.90999391116,74735.9454855196,-0.09527737677871773
2010-06-03 00:00:00+00:00,1103.5,1155.67,1103.9057495117188,1.0,166681.48409234648,75195.91141396934,-0.08970921839554569
2010-06-04 00:00:00+00:00,1066.0,1153.7,1104.2882495117187,1.0,161017.18354548377,72640.5451448041,-0.12064343163538904
2010-06-07 00:00:00+00:00,1048.0,1151.405,1104.5432495117188,1.0,158298.3192829897,71413.96933560476,-0.13549185399051367
2010-06-08 00:00:00+00:00,1059.25,1149.32,1104.8157495117186,1.0,159997.60944704845,72180.57921635434,-0.12621159001856097
2010-06-09 00:00:00+00:00,1055.5,1147.055,1104.9669995117188,1.0,159431.1793923622,71925.04258943781,-0.12930501134254524
2010-06-10 00:00:00+00:00,1083.75,1145.34,1105.2632495117186,1.0,163698.2858043321,73850.08517887563,-0.10600123736853007
2010-06-11 00:00:00+00:00,1089.25,1143.82,1105.5794995117187,1.0,164529.04988453863,74224.87223168652,-0.10146421942668626
2010-06-14 00:00:00+00:00,1090.5,1142.155,1105.8982495117189,1.0,164717.8599027674,74310.05110732537,-0.10043307898535803
2010-06-15 00:00:00+00:00,1113.5,1140.765,1106.3194995117187,1.0,168191.9642381765,75877.34241908006,-0.081460094864921
2010-06-16 00:00:00+00:00,1114.0,1139.33,1106.7519995117189,1.0,168267.488245468,75911.41396933558,-0.08104763868838982
2010-06-17 00:00:00+00:00,1116.25,1138.075,1107.2344995117187,1.0,168607.3462782798,76064.7359454855,-0.0791915858939991
2010-06-18 00:00:00+00:00,1118.8299560546875,1136.7765991210938,1107.846149291992,1.0,168997.04351805174,76240.54215023424,-0.07706334827412897
2010-06-21 00:00:00+00:00,1110.5,1135.1365991210937,1108.4273992919923,1.0,167738.8201944275,75672.91311754684,-0.08393483192410833
2010-06-22 00:00:00+00:00,1090.5,1133.0965991210937,1108.8711492919922,1.0,164717.8599027674,74310.05110732537,-0.10043307898535803
2010-06-23 00:00:00+00:00,1087.5,1130.9865991210938,1109.2386492919923,1.0,164264.71585901835,74105.62180579215,-0.10290781604454569
2010-06-24 00:00:00+00:00,1070.5,1128.2665991210938,1109.4661492919922,1.0,161696.89961110728,72947.1890971039,-0.11693132604660794
2010-06-25 00:00:00+00:00,1074.75,1125.5915991210939,1109.6773992919923,1.0,162338.85367308505,73236.79727427596,-0.11342544854609238
2010-06-28 00:00:00+00:00,1071.0,1123.2065991210939,1109.8236492919923,1.0,161772.42361839875,72981.26064735942,-0.11651886987007687
2010-06-29 00:00:00+00:00,1035.25,1120.0015991210937,1109.7923992919923,1.0,156372.45709705632,70545.14480408856,-0.1460094864920607
2010-06-30 00:00:00+00:00,1026.5,1116.4215991210938,1109.6848992919922,1.0,155050.78696945502,69948.89267461667,-0.15322746958135747
2010-07-01 00:00:00+00:00,1021.75,1112.8465991210937,1109.5423992919923,1.0,154333.30890018574,69625.21294718908,-0.15714580325840422
2010-07-02 00:00:00+00:00,1014.25,1109.0965991210937,1109.2736492919921,1.0,153200.4487908132,69114.13969335603,-0.16333264590637286
2010-07-06 00:00:00+00:00,1024.25,1105.3365991210937,1109.0573992919922,0.0,153200.4487908132,69795.57069846676,-0.16333264590637286
2010-07-07 00:00:00+00:00,1059.25,1102.3565991210937,1108.9957995605469,0.0,153200.4487908132,72180.57921635432,-0.16333264590637286
2010-07-08 00:00:00+00:00,1067.0,1100.0765991210938,1109.0282995605469,0.0,153200.4487908132,72708.68824531513,-0.16333264590637286
2010-07-09 00:00:00+00:00,1072.5,1097.7265991210938,1109.0545495605468,0.0,153200.4487908132,73083.47529812604,-0.16333264590637286
2010-07-12 00:00:00+00:00,1076.5,1095.1515991210938,1109.1420495605469,0.0,153200.4487908132,73356.04770017033,-0.16333264590637286
2010-07-13 00:00:00+00:00,1089.75,1093.2765991210938,1109.3695495605468,0.0,153200.4487908132,74258.94378194203,-0.16333264590637286
2010-07-14 00:00:00+00:00,1091.0,1091.1265991210937,1109.6195495605468,0.0,153200.4487908132,74344.12265758088,-0.16333264590637286
2010-07-15 00:00:00+00:00,1090.5,1089.4865991210938,1109.7770495605469,0.0,153200.4487908132,74310.05110732534,-0.16333264590637286
2010-07-16 00:00:00+00:00,1063.0,1087.4665991210939,1109.8182995605468,0.0,153200.4487908132,72436.11584327082,-0.16333264590637286
2010-07-19 00:00:00+00:00,1063.75,1086.2915991210937,1109.8720495605469,0.0,153200.4487908132,72487.22316865412,-0.16333264590637286
2010-07-20 00:00:00+00:00,1080.0,1085.7515991210937,1110.134549560547,0.0,153200.4487908132,73594.54855195906,-0.16333264590637286
2010-07-21 00:00:00+00:00,1064.0,1083.9015991210938,1110.3457995605468,0.0,153200.4487908132,72504.25894378188,-0.16333264590637286
2010-07-22 00:00:00+00:00,1087.75,1082.6115991210938,1110.602049560547,0.0,153200.4487908132,74122.65758091987,-0.16333264590637286
2010-07-23 00:00:00+00:00,1100.5,1081.2265991210938,1110.862049560547,0.0,153200.4487908132,74991.48211243605,-0.16333264590637286
2010-07-26 00:00:00+00:00,1109.5,1080.2815991210937,1111.1420495605469,0.0,153200.4487908132,75604.7700170357,-0.16333264590637286
2010-07-27 00:00:00+00:00,1111.0,1079.7965991210938,1111.3782995605468,0.0,153200.4487908132,75706.9846678023,-0.16333264590637286
2010-07-28 00:00:00+00:00,1102.0,1079.1465991210937,1111.5482995605469,0.0,153200.4487908132,75093.69676320265,-0.16333264590637286
2010-07-29 00:00:00+00:00,1097.0,1078.7115991210937,1111.675799560547,0.0,153200.4487908132,74752.98126064728,-0.16333264590637286
2010-07-30 00:00:00+00:00,1098.25,1078.4765991210938,1111.823299560547,0.0,153200.4487908132,74838.16013628613,-0.16333264590637286
2010-08-02 00:00:00+00:00,1121.75,1079.5115991210937,1111.9932995605468,0.0,153200.4487908132,76439.52299829634,-0.16333264590637286
2010-08-03 00:00:00+00:00,1118.25,1080.1865991210936,1112.135799560547,0.0,153200.4487908132,76201.02214650757,-0.16333264590637286
2010-08-04 00:00:00+00:00,1124.5,1081.2565991210938,1112.3482995605468,0.0,153200.4487908132,76626.9165247018,-0.16333264590637286
2010-08-05 00:00:00+00:00,1123.5,1082.2665991210938,1112.510799560547,0.0,153200.4487908132,76558.77342419072,-0.16333264590637286
2010-08-06 00:00:00+00:00,1119.5,1083.4315991210938,1112.6607995605468,0.0,153200.4487908132,76286.20102214643,-0.16333264590637286
2010-08-09 00:00:00+00:00,1125.5,1083.9215991210938,1112.8982995605468,0.0,153200.4487908132,76695.05962521286,-0.16333264590637286
2010-08-10 00:00:00+00:00,1119.75,1084.5465991210938,1113.043299560547,0.0,153200.4487908132,76303.23679727419,-0.16333264590637286
2010-08-11 00:00:00+00:00,1085.0,1084.8565991210937,1113.083299560547,0.0,153200.4487908132,73935.2640545144,-0.16333264590637286
2010-08-12 00:00:00+00:00,1079.25,1084.5065991210938,1113.147049560547,0.0,153200.4487908132,73543.44122657573,-0.16333264590637286
2010-08-13 00:00:00+00:00,1076.0,1083.9565991210939,1113.2245495605468,0.0,153200.4487908132,73321.97614991474,-0.16333264590637286
2010-08-16 00:00:00+00:00,1077.0,1084.1765991210937,1113.417049560547,0.0,153200.4487908132,73390.1192504258,-0.16333264590637286
2010-08-17 00:00:00+00:00,1089.0,1084.9965991210938,1113.5545495605468,0.0,153200.4487908132,74207.8364565587,-0.16333264590637286
2010-08-18 00:00:00+00:00,1086.75,1085.5465991210938,1113.823299560547,0.0,153200.4487908132,74054.51448040878,-0.16333264590637286
2010-08-19 00:00:00+00:00,1071.25,1085.8615991210938,1113.9845495605468,0.0,153200.4487908132,72998.29642248712,-0.16333264590637286
2010-08-20 00:00:00+00:00,1070.25,1085.5915991210939,1114.1270495605468,0.0,153200.4487908132,72930.15332197606,-0.16333264590637286
2010-08-23 00:00:00+00:00,1065.5,1085.1165991210937,1114.219549560547,0.0,153200.4487908132,72606.47359454846,-0.16333264590637286
2010-08-24 00:00:00+00:00,1049.75,1084.3015991210937,1114.1520495605469,0.0,153200.4487908132,71533.21976149906,-0.16333264590637286
2010-08-25 00:00:00+00:00,1054.5,1083.1215991210938,1114.093299560547,0.0,153200.4487908132,71856.89948892665,-0.16333264590637286
2010-08-26 00:00:00+00:00,1044.75,1081.7365991210938,1113.8582995605468,0.0,153200.4487908132,71192.50425894369,-0.16333264590637286
2010-08-27 00:00:00+00:00,1063.75,1080.6865991210936,1113.717049560547,0.0,153200.4487908132,72487.22316865408,-0.16333264590637286
2010-08-30 00:00:00+00:00,1045.0,1079.21,1113.4607995605468,0.0,153200.4487908132,71209.54003407146,-0.16333264590637286
2010-08-31 00:00:00+00:00,1048.25,1077.965,1113.2657995605468,0.0,153200.4487908132,71431.00511073245,-0.16333264590637286
2010-09-01 00:00:00+00:00,1081.75,1077.79,1113.217049560547,0.0,153200.4487908132,73713.7989778534,-0.16333264590637286
2010-09-02 00:00:00+00:00,1089.5,1077.83,1113.133299560547,0.0,153200.4487908132,74241.9080068142,-0.16333264590637286
2010-09-03 00:00:00+00:00,1103.5,1078.49,1113.113299560547,0.0,153200.4487908132,75195.91141396922,-0.16333264590637286
2010-09-07 00:00:00+00:00,1091.25,1078.82,1113.0270495605469,0.0,153200.4487908132,74361.15843270859,-0.16333264590637286
2010-09-08 00:00:00+00:00,1099.25,1079.385,1113.052049560547,0.0,153200.4487908132,74906.30323679716,-0.16333264590637286
2010-09-09 00:00:00+00:00,1102.5,1080.73,1113.114549560547,0.0,153200.4487908132,75127.76831345816,-0.16333264590637286
2010-09-10 00:00:00+00:00,1109.75,1082.395,1113.144549560547,0.0,153200.4487908132,75621.80579216345,-0.16333264590637286
2010-09-13 00:00:00+00:00,1121.25,1084.385,1113.2357995605469,0.0,153200.4487908132,76405.45144804078,-0.16333264590637286
2010-09-14 00:00:00+00:00,1120.75,1086.515,1113.2945495605468,0.0,153200.4487908132,76371.37989778524,-0.16333264590637286
2010-09-15 00:00:00+00:00,1125.75,1088.545,1113.4757995605469,0.0,153200.4487908132,76712.09540034061,-0.16333264590637286
2010-09-16 00:00:00+00:00,1127.75,1089.915,1113.6407995605468,0.0,153200.4487908132,76848.38160136275,-0.16333264590637286
2010-09-17 00:00:00+00:00,1131.1500244140625,1091.1980004882812,1113.7540496826173,0.0,153200.4487908132,77080.06980675031,-0.16333264590637286
2010-09-20 00:00:00+00:00,1136.5,1092.4780004882812,1113.8965496826172,0.0,153200.4487908132,77444.63373083463,-0.16333264590637286
2010-09-21 00:00:00+00:00,1134.75,1093.6430004882814,1114.0802996826171,0.0,153200.4487908132,77325.38330494025,-0.16333264590637286
2010-09-22 00:00:00+00:00,1129.75,1094.4430004882813,1114.1890496826172,0.0,153200.4487908132,76984.66780238488,-0.16333264590637286
2010-09-23 00:00:00+00:00,1120.5,1095.0330004882812,1114.2727996826172,0.0,153200.4487908132,76354.34412265745,-0.16333264590637286
2010-09-24 00:00:00+00:00,1143.25,1096.0880004882813,1114.5390496826171,0.0,153200.4487908132,77904.59965928436,-0.16333264590637286
2010-09-27 00:00:00+00:00,1137.75,1097.5830004882812,1114.7502996826172,0.0,153200.4487908132,77529.81260647345,-0.16333264590637286
2010-09-28 00:00:00+00:00,1141.75,1099.1430004882814,1114.9490496826172,0.0,153200.4487908132,77802.38500851774,-0.16333264590637286
2010-09-29 00:00:00+00:00,1141.0,1100.3630004882812,1115.1140496826172,0.0,153200.4487908132,77751.27768313444,-0.16333264590637286
2010-09-30 00:00:00+00:00,1136.75,1101.8180004882813,1115.2302996826172,0.0,153200.4487908132,77461.66950596237,-0.16333264590637286
2010-10-01 00:00:00+00:00,1142.25,1102.9080004882812,1115.3977996826172,0.0,153200.4487908132,77836.45655877326,-0.16333264590637286
2010-10-04 00:00:00+00:00,1134.75,1103.5930004882812,1115.5190496826172,0.0,153200.4487908132,77325.38330494022,-0.16333264590637286
2010-10-05 00:00:00+00:00,1154.75,1104.4980004882811,1115.797799682617,0.0,153200.4487908132,78688.24531516168,-0.16333264590637286
2010-10-06 00:00:00+00:00,1155.75,1105.3930004882814,1116.064649658203,0.0,153200.4487908132,78756.38841567274,-0.16333264590637286
2010-10-07 00:00:00+00:00,1156.5,1106.4830004882813,1116.305899658203,0.0,153200.4487908132,78807.49574105606,-0.16333264590637286
2010-10-08 00:00:00+00:00,1160.5,1107.7530004882813,1116.5408996582032,0.0,153200.4487908132,79080.06814310035,-0.16333264590637286
2010-10-11 00:00:00+00:00,1162.25,1109.0330004882812,1116.774649658203,0.0,153200.4487908132,79199.31856899474,-0.16333264590637286
2010-10-12 00:00:00+00:00,1164.5,1109.8880004882812,1116.9871496582032,0.0,153200.4487908132,79352.64054514463,-0.16333264590637286
2010-10-13 00:00:00+00:00,1174.25,1111.0080004882811,1117.243399658203,0.0,153200.4487908132,80017.0357751276,-0.16333264590637286
2010-10-14 00:00:00+00:00,1173.5,1111.9880004882812,1117.502149658203,0.0,153200.4487908132,79965.9284497443,-0.16333264590637286
2010-10-15 00:00:00+00:00,1175.0,1113.0180004882814,1117.7671496582032,0.0,153200.4487908132,80068.1431005109,-0.16333264590637286
2010-10-18 00:00:00+00:00,1178.25,1114.1930004882813,1118.104649658203,0.0,153200.4487908132,80289.60817717187,-0.16333264590637286
2010-10-19 00:00:00+00:00,1163.75,1114.9580004882812,1118.2796496582032,0.0,153200.4487908132,79301.53321976132,-0.16333264590637286
2010-10-20 00:00:00+00:00,1174.75,1116.0580004882813,1118.492149658203,0.0,153200.4487908132,80051.10732538311,-0.16333264590637286
2010-10-21 00:00:00+00:00,1175.75,1117.8730004882811,1118.7058996582032,0.0,153200.4487908132,80119.25042589419,-0.16333264590637286
2010-10-22 00:00:00+00:00,1180.75,1119.9030004882814,1118.9221496582031,0.0,153200.4487908132,80459.96592844956,-0.16333264590637286
2010-10-25 00:00:00+00:00,1182.75,1122.0380004882813,1119.128399658203,1.0,153459.94563399052,80596.25212947172,-0.16191546639488685
2010-10-26 00:00:00+00:00,1182.75,1124.1530004882814,1119.3296496582032,1.0,153459.94563399052,80596.25212947172,-0.16191546639488685
2010-10-27 00:00:00+00:00,1178.75,1125.9480004882812,1119.553399658203,1.0,152940.95194763588,80323.67972742743,-0.16474982541785899
2010-10-28 00:00:00+00:00,1179.25,1127.7980004882813,1119.742149658203,1.0,153005.82615843022,80357.75127768297,-0.16439553053998746
2010-10-29 00:00:00+00:00,1179.75,1129.9680004882812,1119.9146496582032,1.0,153070.7003692246,80391.82282793851,-0.1640412356621157
2010-11-01 00:00:00+00:00,1183.0,1132.2230004882813,1120.168399658203,1.0,153492.3827393877,80613.28790459948,-0.16173831895595092
2010-11-02 00:00:00+00:00,1192.75,1134.7680004882814,1120.4033996582032,1.0,154757.42984987717,81277.68313458245,-0.15482956883745602
2010-11-03 00:00:00+00:00,1197.25,1137.7180004882812,1120.719649658203,1.0,155341.29774702617,81584.32708688227,-0.15164091493661214
2010-11-04 00:00:00+00:00,1218.5,1140.9980004882811,1121.2571496582032,1.0,158098.45170578524,83032.36797274259,-0.13658338262707204
2010-11-05 00:00:00+00:00,1222.0,1144.5430004882812,1121.9121496582031,1.0,158552.5711813456,83270.86882453135,-0.1341033184819711
2010-11-08 00:00:00+00:00,1220.0,1147.6680004882812,1122.5496496582032,1.0,158293.07433816826,83134.58262350921,-0.13552049799345722
2010-11-09 00:00:00+00:00,1211.0,1150.9880004882812,1123.168399658203,1.0,157125.33854387028,82521.29471890956,-0.14189780579514488
2010-11-10 00:00:00+00:00,1214.0,1154.3030004882812,1123.7658996582031,1.0,157514.58380863626,82725.72402044277,-0.1397720365279157
2010-11-11 00:00:00+00:00,1211.0,1156.8880004882812,1124.4246496582032,1.0,157125.33854387028,82521.29471890956,-0.14189780579514488
2010-11-12 00:00:00+00:00,1195.5,1159.0080004882811,1125.0496496582032,1.0,155114.23800924604,81465.07666098792,-0.15288094700916233
2010-11-15 00:00:00+00:00,1195.75,1160.8530004882812,1125.597149658203,1.0,155146.6751146432,81482.1124361157,-0.1527037995702265
2010-11-16 00:00:00+00:00,1174.75,1162.5230004882812,1125.9846496582031,1.0,152421.9582612813,80051.10732538316,-0.1675841844408309
2010-11-17 00:00:00+00:00,1177.5,1164.0880004882813,1126.389649658203,1.0,152778.76642065015,80238.5008517886,-0.1656355626125373
2010-11-18 00:00:00+00:00,1197.75,1165.9930004882813,1127.0696496582032,1.0,155406.17195782057,81618.39863713784,-0.15128662005874016
2010-11-19 00:00:00+00:00,1198.25,1167.7630004882812,1127.762149658203,1.0,155471.04616861488,81652.47018739337,-0.15093232518086874
2010-11-22 00:00:00+00:00,1198.0,1169.2980004882813,1128.472149658203,1.0,155438.6090632177,81635.43441226559,-0.15110947261980456
2010-11-23 00:00:00+00:00,1178.25,1170.4480004882812,1129.032149658203,1.0,152876.07773684163,80289.6081771719,-0.16510412029573007
2010-11-24 00:00:00+00:00,1196.5,1171.8630004882812,1129.698399658203,1.0,155243.98643083472,81533.21976149899,-0.15217235725341915
2010-11-26 00:00:00+00:00,1183.25,1172.9730004882813,1130.232149658203,1.0,153524.81984478494,80630.32367972727,-0.16156117151701477
2010-11-29 00:00:00+00:00,1186.5,1174.08,1130.7696496582032,1.0,153946.5022149481,80851.78875638825,-0.15925825481084988
2010-11-30 00:00:00+00:00,1179.5,1174.94,1131.200899658203,1.0,153038.26326382745,80374.78705281075,-0.1642183831010513
2010-12-01 00:00:00+00:00,1204.5,1176.335,1131.7258996582032,1.0,156281.97380354404,82078.36456558757,-0.14650363920747456
2010-12-02 00:00:00+00:00,1222.75,1178.195,1132.3121496582032,1.0,158649.8824975371,83321.97614991467,-0.13357187616516375
2010-12-03 00:00:00+00:00,1223.5,1180.255,1132.898399658203,1.0,158747.1938137286,83373.08347529799,-0.1330404338483563
2010-12-06 00:00:00+00:00,1222.0,1181.83,1133.470899658203,1.0,158552.57118134561,83270.86882453137,-0.13410331848197088
2010-12-07 00:00:00+00:00,1223.25,1183.54,1134.1008996582032,1.0,158714.75670833146,83356.04770017022,-0.133217581287292
2010-12-08 00:00:00+00:00,1228.75,1185.28,1134.7271496582032,1.0,159428.37302706912,83730.83475298113,-0.12932033763070505
2010-12-09 00:00:00+00:00,1233.0,1187.12,1135.3808996582031,1.0,159979.80381882092,84020.44293015319,-0.1263088311687971
2010-12-10 00:00:00+00:00,1241.0,1189.205,1136.0683996582031,1.0,161017.79119153024,84565.58773424178,-0.12064011312285239
2010-12-13 00:00:00+00:00,1241.25,1191.185,1136.702149658203,1.0,161050.22829692738,84582.62350936954,-0.12046296568391679
2010-12-14 00:00:00+00:00,1241.75,1193.325,1137.323399658203,1.0,161115.10250772172,84616.69505962508,-0.12010867080604526
2010-12-15 00:00:00+00:00,1237.0,1194.97,1137.9158996582032,1.0,160498.79750517558,84293.01533219748,-0.12347447214582474
2010-12-16 00:00:00+00:00,1243.5,1196.725,1138.522149658203,1.0,161342.16224550185,84735.94548551946,-0.11886863873349496
2010-12-17 00:00:00+00:00,1242.3499755859375,1198.4419995117187,1139.0513995361327,1.0,161192.94839298882,84657.57925628181,-0.11968353425215406
2010-12-20 00:00:00+00:00,1241.25,1200.0569995117187,1139.5726495361328,1.0,161050.22829692738,84582.62350936954,-0.12046296568391679
2010-12-21 00:00:00+00:00,1250.75,1201.8269995117187,1140.1238995361327,1.0,162282.83830201966,85229.98296422475,-0.11373136300435771
2010-12-22 00:00:00+00:00,1254.5,1203.6269995117189,1140.6676495361328,1.0,162769.39488297715,85485.51959114127,-0.11107415142032118
2010-12-23 00:00:00+00:00,1253.0,1205.2019995117187,1141.1801495361328,1.0,162574.77225059413,85383.30494037466,-0.11213703605393588
2010-12-27 00:00:00+00:00,1253.25,1206.7969995117187,1141.6901495361328,1.0,162607.2093559913,85400.34071550242,-0.11195988861500017
2010-12-28 00:00:00+00:00,1254.0,1208.3769995117189,1142.2088995361328,1.0,162704.5206721828,85451.44804088573,-0.11142844629819271
2010-12-29 00:00:00+00:00,1255.75,1209.9269995117188,1142.6901495361328,1.0,162931.58040996297,85570.69846678012,-0.1101884142256424
2010-12-30 00:00:00+00:00,1254.5,1211.7419995117189,1143.1338995361327,1.0,162769.39488297715,85485.51959114127,-0.11107415142032118
2010-12-31 00:00:00+00:00,1253.0,1213.3069995117187,1143.568899536133,1.0,162574.77225059413,85383.30494037466,-0.11213703605393588
2011-01-03 00:00:00+00:00,1265.25,1215.0969995117186,1144.0303997802735,1.0,164164.19041505526,86218.05792163532,-0.10345681154608333
2011-01-04 00:00:00+00:00,1265.25,1216.7869995117187,1144.5466497802734,1.0,164164.19041505526,86218.05792163532,-0.10345681154608333
2011-01-05 00:00:00+00:00,1271.75,1218.5669995117187,1145.0578997802734,1.0,165007.55515538156,86660.98807495729,-0.09885097813375332
2011-01-06 00:00:00+00:00,1270.25,1220.3169995117187,1145.5866497802735,1.0,164812.93252299857,86558.77342419069,-0.09991386276736791
2011-01-07 00:00:00+00:00,1267.5,1222.0919995117188,1146.1103997802734,1.0,164456.1243636298,86371.37989778524,-0.10186248459566116
2011-01-10 00:00:00+00:00,1265.5,1223.8169995117187,1146.6203997802734,1.0,164196.62752045246,86235.0936967631,-0.10327966410714728
2011-01-11 00:00:00+00:00,1270.5,1225.6319995117187,1147.1291497802733,1.0,164845.36962839577,86575.80919931846,-0.09973671532843198
2011-01-12 00:00:00+00:00,1283.5,1227.6419995117187,1147.6991497802735,1.0,166532.09910904837,87461.66950596242,-0.09052504850377219
2011-01-13 00:00:00+00:00,1281.25,1229.4119995117187,1148.2791497802734,1.0,166240.16516047387,87308.3475298125,-0.09211937545419413
2011-01-14 00:00:00+00:00,1289.5,1231.2569995117187,1148.8578997802733,1.0,167310.5896385803,87870.52810902886,-0.08627350996931393
2011-01-18 00:00:00+00:00,1294.75,1232.7819995117188,1149.4166497802735,1.0,167991.7688519208,88228.27938671199,-0.08255341375166281
2011-01-19 00:00:00+00:00,1278.5,1233.9119995117187,1149.8803997802734,1.0,165883.35700110503,87120.95400340705,-0.0940679972824876
2011-01-20 00:00:00+00:00,1276.25,1235.0369995117187,1150.3666497802735,1.0,165591.42305253056,86967.63202725715,-0.09566232423290943
2011-01-21 00:00:00+00:00,1279.75,1236.4119995117187,1150.8466497802735,1.0,166045.54252809088,87206.13287904591,-0.09318226008780872
2011-01-24 00:00:00+00:00,1288.5,1237.9019995117187,1151.3266497802733,1.0,167180.8412169917,87802.3850085178,-0.08698209972505666
2011-01-25 00:00:00+00:00,1287.5,1239.4319995117187,1151.8016497802735,1.0,167051.09279540303,87734.24190800673,-0.08769068948079983
2011-01-26 00:00:00+00:00,1293.5,1241.3919995117187,1152.3041497802735,1.0,167829.58332493503,88143.10051107316,-0.08343915094634136
2011-01-27 00:00:00+00:00,1295.75,1243.3919995117187,1152.7503997802735,1.0,168121.51727350953,88296.4224872231,-0.08184482399591941
2011-01-28 00:00:00+00:00,1271.5,1245.3269995117187,1153.0653997802735,1.0,164975.11804998445,86643.95229982956,-0.09902812557268881
2011-01-31 00:00:00+00:00,1282.5,1247.4269995117188,1153.5266497802734,1.0,166402.35068745975,87393.52640545135,-0.09123363825951503
2011-02-01 00:00:00+00:00,1302.75,1249.5269995117187,1154.0628997802735,1.0,169029.75622463017,88773.4241908006,-0.07688469570571788
2011-02-02 00:00:00+00:00,1300.0,1251.5619995117188,1154.5353997802733,1.0,168672.94806526133,88586.03066439515,-0.07883331753401146
2011-02-03 00:00:00+00:00,1303.25,1253.6669995117188,1155.0491497802734,1.0,169094.63043542448,88807.49574105613,-0.07653040082784646
2011-02-04 00:00:00+00:00,1307.25,1256.2469995117187,1155.5766497802733,1.0,169613.62412177914,89080.06814310043,-0.0736960418048741
2011-02-07 00:00:00+00:00,1315.75,1258.6319995117187,1156.0941497802735,1.0,170716.48570528277,89659.28449744456,-0.06767302888105808
2011-02-08 00:00:00+00:00,1321.75,1261.4019995117187,1156.6616497802734,1.0,171494.97623481476,90068.143100511,-0.0634214903465995
2011-02-09 00:00:00+00:00,1319.25,1264.0569995117187,1157.3528997802734,1.0,171170.6051808431,89897.78534923332,-0.06519296473595726
2011-02-10 00:00:00+00:00,1318.75,1266.8419995117188,1157.9966497802734,1.0,171105.73097004878,89863.71379897777,-0.06554725961382868
2011-02-11 00:00:00+00:00,1327.25,1269.2969995117187,1158.6066497802735,1.0,172208.59255355244,90442.93015332191,-0.05952424669001244
2011-02-14 00:00:00+00:00,1327.75,1271.3969995117188,1159.3278997802734,1.0,172273.46676434678,90477.00170357745,-0.05916995181214091
2011-02-15 00:00:00+00:00,1326.25,1273.4519995117187,1159.9666497802734,1.0,172078.8441319638,90374.78705281083,-0.0602328364457555
2011-02-16 00:00:00+00:00,1333.0,1275.6719995117187,1160.7691497802734,1.0,172954.6459776873,90834.75298126058,-0.05544985559448956
2011-02-17 00:00:00+00:00,1337.75,1277.9619995117187,1161.6378997802735,1.0,173570.95098023344,91158.43270868818,-0.05208405425471008
2011-02-18 00:00:00+00:00,1342.5,1280.2369995117188,1162.7378997802734,1.0,174187.25598277958,91482.11243611577,-0.04871825291493048
2011-02-22 00:00:00+00:00,1314.5,1281.8669995117189,1163.7753997802733,1.0,170554.30017829704,89574.10562180572,-0.06855876607573641
2011-02-23 00:00:00+00:00,1305.5,1283.1569995117188,1164.5203997802735,1.0,169386.56438399907,88960.81771720607,-0.07493607387742407
2011-02-24 00:00:00+00:00,1302.75,1284.3869995117188,1165.2728997802735,1.0,169029.75622463026,88773.42419080062,-0.07688469570571743
2011-02-25 00:00:00+00:00,1318.75,1285.9269995117188,1166.0178997802734,1.0,171105.73097004884,89863.71379897778,-0.06554725961382835
2011-02-28 00:00:00+00:00,1326.0,1287.7069995117188,1166.8641497802735,1.0,172046.40702656665,90357.75127768307,-0.0604099838846911
2011-03-01 00:00:00+00:00,1301.0,1288.8569995117186,1167.6928997802734,1.0,168802.69648685007,88654.17376490623,-0.07812472777826796
2011-03-02 00:00:00+00:00,1305.75,1290.125,1168.5491497802734,1.0,169419.0014893962,88977.85349233383,-0.07475892643848836
2011-03-03 00:00:00+00:00,1329.75,1291.895,1169.6041497802735,1.0,172532.9636075241,90613.28790459957,-0.057752772300654676
2011-03-04 00:00:00+00:00,1320.25,1293.285,1170.6553997802735,1.0,171300.3536024318,89965.92844974437,-0.06448437498021398
2011-03-07 00:00:00+00:00,1309.0,1294.375,1171.8503997802734,1.0,169840.68385955936,89199.3185689948,-0.07245600973232347
2011-03-08 00:00:00+00:00,1320.0,1295.715,1173.0278997802734,1.0,171267.91649703466,89948.8926746166,-0.06466152241914958
2011-03-09 00:00:00+00:00,1315.5,1296.96,1174.2503997802735,1.0,170684.04859988566,89642.24872231677,-0.06785017631999357
2011-03-10 00:00:00+00:00,1294.25,1297.765,1175.3566497802735,1.0,167926.89464112656,88194.20783645647,-0.08290770862953378
2011-03-11 00:00:00+00:00,1306.0,1298.77,1176.5803997802734,1.0,169451.43859479335,88994.88926746156,-0.07458177899955276
2011-03-14 00:00:00+00:00,1295.5,1299.59,1177.5528997802735,1.0,168089.08016811238,88279.3867120953,-0.08202197143485501
2011-03-15 00:00:00+00:00,1280.0,1300.13,1178.5103997802735,1.0,166077.9796334881,87223.16865417367,-0.09300511264887257
2011-03-16 00:00:00+00:00,1258.75,1300.0,1179.4566497802734,1.0,163320.82567472904,85775.12776831337,-0.10806264495841278
2011-03-17 00:00:00+00:00,1273.75,1300.17,1180.3416497802734,1.0,165267.05199855895,86797.27427597945,-0.09743379862226687
2011-03-18 00:00:00+00:00,1287.7099609375,1300.48919921875,1181.262699584961,1.0,167078.33489563898,87748.54929727416,-0.08754191331138084
2011-03-21 00:00:00+00:00,1293.0,1300.94419921875,1182.397699584961,1.0,167764.70911414069,88109.02896081761,-0.08379344582421289
2011-03-22 00:00:00+00:00,1288.25,1301.35919921875,1183.598949584961,1.0,167148.40411159454,87785.34923339,-0.08715924716399248
2011-03-23 00:00:00+00:00,1292.0,1301.88919921875,1184.762699584961,1.0,167634.96069255203,88040.88586030655,-0.08450203557995595
2011-03-24 00:00:00+00:00,1305.25,1302.58419921875,1186.011449584961,1.0,169354.1272786018,88943.78194207826,-0.07511322131636033
2011-03-25 00:00:00+00:00,1310.0,1303.11419921875,1187.1426995849608,1.0,169970.43228114795,89267.46166950586,-0.07174741997658074
2011-03-28 00:00:00+00:00,1302.25,1303.53419921875,1188.207699584961,1.0,168964.88201383583,88739.35264054504,-0.07723899058358952
2011-03-29 00:00:00+00:00,1316.5,1304.07419921875,1189.337699584961,1.0,170813.79702147425,89710.39182282783,-0.06714158656425084
2011-03-30 00:00:00+00:00,1324.0,1304.65919921875,1190.390199584961,1.0,171786.91018338923,90221.46507666088,-0.061827163396177776
2011-03-31 00:00:00+00:00,1321.0,1305.50919921875,1191.4251995849609,1.0,171397.66491862325,90017.03577512768,-0.06395293266340696
2011-04-01 00:00:00+00:00,1327.75,1306.53919921875,1192.482699584961,1.0,172273.46676434673,90477.00170357742,-0.05916995181214124
2011-04-04 00:00:00+00:00,1329.25,1307.52919921875,1193.5347998046875,1.0,172468.08939672972,90579.21635434403,-0.05810706717852665
2011-04-05 00:00:00+00:00,1326.75,1308.29419921875,1194.6160498046875,1.0,172143.71834275805,90408.85860306634,-0.059878541567884414
2011-04-06 00:00:00+00:00,1329.0,1309.12419921875,1195.8085498046876,1.0,172435.65229133255,90562.18057921626,-0.05828421461746247
2011-04-07 00:00:00+00:00,1328.5,1309.82419921875,1197.0135498046875,1.0,172370.77808053824,90528.10902896074,-0.05863850949533389
2011-04-08 00:00:00+00:00,1323.75,1310.38419921875,1198.2797998046874,1.0,171754.47307799206,90204.42930153314,-0.062004310835113596
2011-04-11 00:00:00+00:00,1319.5,1311.34419921875,1199.5035498046875,1.0,171203.04228624026,89914.82112436109,-0.06501581729702155
2011-04-12 00:00:00+00:00,1308.25,1311.85919921875,1200.6897998046875,1.0,169743.3725433678,89148.21124361151,-0.07298745204913115
2011-04-13 00:00:00+00:00,1308.75,1311.97919921875,1202.0572998046875,1.0,169808.24675416216,89182.28279386705,-0.0726331571712594
2011-04-14 00:00:00+00:00,1310.25,1312.18419921875,1203.4760498046876,1.0,170002.86938654515,89284.49744463366,-0.07157027253764481
2011-04-15 00:00:00+00:00,1318.75,1312.49419921875,1204.9610498046875,1.0,171105.73097004878,89863.71379897778,-0.06554725961382868
2011-04-18 00:00:00+00:00,1301.0,1312.36919921875,1206.3947998046874,1.0,168802.69648685004,88654.17376490624,-0.07812472777826807
2011-04-19 00:00:00+00:00,1308.5,1312.22419921875,1207.8160498046875,1.0,169775.809648765,89165.24701873928,-0.07281030461019522
2011-04-20 00:00:00+00:00,1328.25,1312.35419921875,1209.1610498046875,1.0,172338.34097514107,90511.07325383298,-0.0588156569342696
2011-04-21 00:00:00+00:00,1331.0,1312.58919921875,1210.4810498046875,1.0,172695.1491345099,90698.46678023844,-0.05686703510597613
2011-04-25 00:00:00+00:00,1330.75,1312.82919921875,1211.7722998046875,1.0,172662.71202911274,90681.43100511066,-0.05704418254491184
2011-04-26 00:00:00+00:00,1341.0,1313.10419921875,1213.0947998046875,1.0,173992.63335039653,91379.89778534915,-0.04978113754854541
2011-04-27 00:00:00+00:00,1351.0,1313.56919921875,1214.4010498046875,1.0,175290.11756628315,92061.32879045988,-0.0426952399911148
2011-04-28 00:00:00+00:00,1355.0,1314.14419921875,1215.7210498046875,1.0,175809.1112526378,92333.90119250419,-0.03986088096814244
2011-04-29 00:00:00+00:00,1359.75,1314.67919921875,1217.0672998046875,1.0,176425.41625518395,92657.58091993179,-0.03649507962836285
2011-05-02 00:00:00+00:00,1357.75,1315.07919921875,1218.5410498046874,1.0,176165.91941200662,92521.29471890963,-0.03791225913984908
2011-05-03 00:00:00+00:00,1352.0,1315.26919921875,1219.9822998046875,1.0,175419.86598787183,92129.47189097096,-0.041986650235371625
2011-05-04 00:00:00+00:00,1343.0,1315.83919921875,1221.2972998046876,1.0,174252.13019357386,91516.1839863713,-0.048363958037059285
2011-05-05 00:00:00+00:00,1335.0,1316.42919921875,1222.6522998046876,1.0,173214.14282086457,90971.03918228271,-0.05403267608300377
2011-05-06 00:00:00+00:00,1334.5,1317.06419921875,1223.8860498046874,1.0,173149.26861007023,90936.96763202718,-0.0543869709608753
2011-05-09 00:00:00+00:00,1342.75,1317.54419921875,1225.0972998046875,1.0,174219.6930881767,91499.14821124353,-0.048541105475995106
2011-05-10 00:00:00+00:00,1353.75,1318.09919921875,1226.3185498046876,1.0,175646.92572565196,92248.72231686533,-0.040746618162821435
2011-05-11 00:00:00+00:00,1338.75,1318.85419921875,1227.4572998046874,1.0,173700.69940182203,91226.57580919923,-0.05137546449896735
2011-05-12 00:00:00+00:00,1347.5,1319.68919921875,1228.6847998046876,1.0,174835.9980907228,91822.82793867111,-0.04517530413621562
2011-05-13 00:00:00+00:00,1334.0,1319.77419921875,1229.8697998046875,1.0,173084.39439927586,90902.89608177163,-0.054741265838747055
2011-05-16 00:00:00+00:00,1325.5,1319.87919921875,1231.0060498046876,1.0,171981.53281577223,90323.6797274275,-0.060764278762563184
2011-05-17 00:00:00+00:00,1325.5,1320.20919921875,1232.0247998046875,1.0,171981.53281577223,90323.6797274275,-0.060764278762563184
2011-05-18 00:00:00+00:00,1338.5,1320.57919921875,1233.1260498046875,1.0,173668.26229642486,91209.54003407146,-0.05155261193790317
2011-05-19 00:00:00+00:00,1341.75,1321.10419921875,1234.2122998046875,1.0,174089.944666588,91431.00511073245,-0.049249695231738166
2011-05-20 00:00:00+00:00,1327.75,1321.77419921875,1235.2335498046875,1.0,172273.46676434673,90477.00170357744,-0.05916995181214124
2011-05-23 00:00:00+00:00,1315.25,1321.95919921875,1236.2122998046875,1.0,170651.61149448843,89625.21294718901,-0.06802732375892961
2011-05-24 00:00:00+00:00,1313.5,1322.31919921875,1237.1522998046876,1.0,170424.55175670827,89505.96252129464,-0.06926735583148003
2011-05-25 00:00:00+00:00,1316.5,1323.04919921875,1238.1360498046874,1.0,170813.79702147428,89710.39182282786,-0.06714158656425062
2011-05-26 00:00:00+00:00,1326.5,1324.40419921875,1239.3435498046874,1.0,172111.28123736093,90391.8228279386,-0.0600556890068199
2011-05-27 00:00:00+00:00,1330.0,1325.52919921875,1240.5972998046875,1.0,172565.40071292123,90630.32367972734,-0.0575756248617193
2011-05-31 00:00:00+00:00,1344.0,1326.655,1241.9372998046874,1.0,174381.8786151625,91584.32708688236,-0.047655368281316224
2011-06-01 00:00:00+00:00,1312.0,1327.035,1243.1122998046876,1.0,170229.9291243253,89403.74787052802,-0.0703302404650944
2011-06-02 00:00:00+00:00,1312.5,1327.52,1244.2297998046874,1.0,170294.80333511965,89437.81942078358,-0.06997594558722287
2011-06-03 00:00:00+00:00,1296.25,1327.605,1245.2772998046876,1.0,168186.3914843039,88330.49403747864,-0.08149052911804766
2011-06-06 00:00:00+00:00,1285.0,1327.2,1246.3460498046875,1.0,166726.72174143145,87563.88415672905,-0.08946216387015715
2011-06-07 00:00:00+00:00,1284.75,1326.695,1247.4185498046875,1.0,166694.28463603425,87546.84838160129,-0.08963931130909308
2011-06-08 00:00:00+00:00,1277.0,1326.19,1248.4760498046876,1.0,165688.73436872213,87018.73935264048,-0.09513088191610175
2011-06-09 00:00:00+00:00,1287.5,1325.61,1249.6647998046874,1.0,167051.0927954031,87734.24190800673,-0.0876906894807995
2011-06-10 00:00:00+00:00,1269.25,1324.515,1250.7385498046874,1.0,164683.18410141,86490.63032367965,-0.10062245252311053
2011-06-13 00:00:00+00:00,1271.5,1323.525,1251.8722998046876,1.0,164975.1180499845,86643.95229982956,-0.09902812557268847
2011-06-14 00:00:00+00:00,1290.0,1322.77,1253.0035498046875,1.0,167375.46384937476,87904.59965928442,-0.08591921509144174
2011-06-15 00:00:00+00:00,1265.5,1321.495,1254.1060498046875,1.0,164196.62752045252,86235.09369676313,-0.10327966410714706
2011-06-16 00:00:00+00:00,1269.0,1320.34,1255.2097998046875,1.0,164650.74699601284,86473.59454855189,-0.10079959996204624
2011-06-17 00:00:00+00:00,1279.4000244140625,1319.3480004882813,1256.198049926758,1.0,166000.13374822098,87182.28445751697,-0.09343024920276388
2011-06-20 00:00:00+00:00,1273.75,1318.2530004882813,1257.1192999267578,1.0,165267.05199855895,86797.2742759795,-0.09743379862226687
2011-06-21 00:00:00+00:00,1288.0,1317.5380004882813,1258.041799926758,1.0,167115.96700619737,87768.31345826227,-0.0873363946029283
2011-06-22 00:00:00+00:00,1279.75,1316.7430004882813,1258.9842999267578,1.0,166045.5425280909,87206.13287904592,-0.0931822600878085
2011-06-23 00:00:00+00:00,1277.0,1316.1180004882813,1259.8730499267579,1.0,165688.7343687221,87018.73935264046,-0.09513088191610197
2011-06-24 00:00:00+00:00,1264.0,1315.2230004882813,1260.6805499267577,1.0,164002.00488806947,86132.87904599651,-0.10434254874076188
2011-06-27 00:00:00+00:00,1276.25,1314.5430004882812,1261.5130499267577,1.0,165591.42305253056,86967.63202725713,-0.09566232423290943
2011-06-28 00:00:00+00:00,1294.5,1314.0580004882813,1262.3792999267578,1.0,167959.33174652365,88211.24361158421,-0.08273056119059852
2011-06-29 00:00:00+00:00,1304.25,1314.1230004882811,1263.2967999267578,1.0,169224.3788570131,88875.63884156717,-0.07582181107210362
2011-06-30 00:00:00+00:00,1315.5,1314.2630004882812,1264.2455499267578,1.0,170684.04859988554,89642.24872231676,-0.06785017631999413
2011-07-01 00:00:00+00:00,1334.75,1314.3930004882814,1265.2805499267579,1.0,173181.7057154673,90954.00340715492,-0.05420982352194004
2011-07-05 00:00:00+00:00,1336.75,1314.5080004882811,1266.3085498046876,1.0,173441.20255864464,91090.28960817706,-0.052792644010453915
2011-07-06 00:00:00+00:00,1335.75,1314.6080004882813,1267.3047998046875,1.0,173311.45413705596,91022.146507666,-0.053501233766196976
2011-07-07 00:00:00+00:00,1351.75,1314.8230004882812,1268.3897998046875,1.0,175387.42888247457,92112.43611584317,-0.04216379767430789
2011-07-08 00:00:00+00:00,1341.75,1314.6380004882812,1269.4497998046875,1.0,174089.94466658795,91431.00511073244,-0.0492496952317385
2011-07-11 00:00:00+00:00,1318.5,1313.9080004882812,1270.4397998046875,1.0,171073.29386465155,89846.67802384998,-0.06572440705276483
2011-07-12 00:00:00+00:00,1310.75,1312.9280004882812,1271.2772998046876,1.0,170067.74359733943,89318.56899488915,-0.0712159776597735
2011-07-13 00:00:00+00:00,1312.25,1312.0180004882814,1272.1497998046875,1.0,170262.36622972242,89420.78364565577,-0.07015309302615891
2011-07-14 00:00:00+00:00,1306.75,1311.1130004882812,1272.9747998046876,1.0,169548.74991098477,89045.99659284485,-0.07405033668274585
2011-07-15 00:00:00+00:00,1315.0,1310.5530004882812,1273.8447998046875,1.0,170619.17438909123,89608.17717206122,-0.06820447119786555
2011-07-18 00:00:00+00:00,1300.5,1309.8630004882812,1274.6635498046876,1.0,168737.8222760556,88620.10221465064,-0.07847902265614015
2011-07-19 00:00:00+00:00,1321.25,1309.5980004882813,1275.5585498046876,1.0,171430.10202402037,90034.07155025541,-0.06377578522447147
2011-07-20 00:00:00+00:00,1321.25,1309.1680004882812,1276.4910498046875,1.0,171430.10202402037,90034.07155025541,-0.06377578522447147
2011-07-21 00:00:00+00:00,1342.5,1308.9430004882813,1277.4297998046875,1.0,174187.25598277943,91482.11243611571,-0.04871825291493137
2011-07-22 00:00:00+00:00,1341.0,1308.9880004882812,1278.3560498046875,1.0,173992.63335039644,91379.8977853491,-0.04978113754854585
2011-07-25 00:00:00+00:00,1333.5,1308.7080004882812,1279.2410498046875,1.0,173019.52018848146,90868.82453151605,-0.05509556071661903
2011-07-26 00:00:00+00:00,1326.25,1308.5530004882812,1280.0697998046876,1.0,172078.84413196365,90374.78705281077,-0.06023283644575628
2011-07-27 00:00:00+00:00,1299.0,1308.0230004882812,1280.7535498046875,1.0,168543.19964367262,88517.88756388403,-0.07954190728975474
2011-07-28 00:00:00+00:00,1296.75,1307.4480004882812,1281.4147998046874,1.0,168251.26569509812,88364.5655877341,-0.08113623424017669
2011-07-29 00:00:00+00:00,1288.5,1306.4480004882812,1281.9860498046876,1.0,167180.84121699166,87802.38500851775,-0.086982099725057
2011-08-01 00:00:00+00:00,1279.75,1305.2080004882812,1282.5172998046876,1.0,166045.54252809088,87206.13287904588,-0.09318226008780872
2011-08-02 00:00:00+00:00,1247.25,1303.5980004882813,1282.8785498046875,1.0,161828.71882645934,84991.48211243599,-0.11621142714945842
2011-08-03 00:00:00+00:00,1254.5,1302.3830004882811,1283.2597998046874,1.0,162769.39488297715,85485.51959114127,-0.11107415142032118
2011-08-04 00:00:00+00:00,1198.75,1300.0880004882813,1283.4347998046876,1.0,155535.92037940922,81686.54173764895,-0.1505780303029972
2011-08-05 00:00:00+00:00,1197.75,1297.7130004882813,1283.5497998046876,1.0,155406.17195782057,81618.39863713787,-0.15128662005874016
2011-08-08 00:00:00+00:00,1111.25,1293.4080004882812,1283.2272998046874,1.0,144182.93349040125,75724.02044293004,-0.2125796339305156
2011-08-09 00:00:00+00:00,1171.75,1290.2430004882813,1283.1822998046875,1.0,152032.71299651536,79846.67802384998,-0.16970995370805986
2011-08-10 00:00:00+00:00,1123.5,1285.8330004882812,1282.8860498046874,1.0,145772.3516548624,76558.7734241907,-0.20389940942266283
2011-08-11 00:00:00+00:00,1168.5,1282.9630004882813,1282.8147998046875,1.0,151611.0306263522,79625.212947189,-0.17201287041422486
2011-08-12 00:00:00+00:00,1176.75,1280.2480004882811,1282.8047998046875,1.0,152681.45510445867,80187.39352640534,-0.16616700492934455
2011-08-15 00:00:00+00:00,1198.5,1278.2930004882812,1282.9010498046875,0.0,152681.45510445867,81669.50596252119,-0.16616700492934455
2011-08-16 00:00:00+00:00,1192.25,1276.4380004882812,1282.9635498046875,0.0,152681.45510445867,81243.61158432697,-0.16616700492934455
2011-08-17 00:00:00+00:00,1190.0,1274.5430004882812,1282.9985498046874,0.0,152681.45510445867,81090.28960817706,-0.16616700492934455
2011-08-18 00:00:00+00:00,1143.5,1271.8730004882811,1282.7522998046875,0.0,152681.45510445867,77921.63543441216,-0.16616700492934455
2011-08-19 00:00:00+00:00,1124.0,1268.6030004882812,1282.3860498046874,0.0,152681.45510445867,76592.84497444624,-0.16616700492934455
2011-08-22 00:00:00+00:00,1123.25,1265.6830004882813,1281.9097998046875,0.0,152681.45510445867,76541.73764906294,-0.16616700492934455
2011-08-23 00:00:00+00:00,1158.5,1263.4230004882813,1281.5922998046874,0.0,152681.45510445867,78943.78194207826,-0.16616700492934455
2011-08-24 00:00:00+00:00,1172.0,1261.0630004882812,1281.3522998046874,0.0,152681.45510445867,79863.71379897774,-0.16616700492934455
2011-08-25 00:00:00+00:00,1157.5,1258.9030004882814,1281.0847998046875,0.0,152681.45510445867,78875.63884156718,-0.16616700492934455
2011-08-26 00:00:00+00:00,1176.0,1257.0430004882812,1280.8947998046874,0.0,152681.45510445867,80136.28620102203,-0.16616700492934455
2011-08-29 00:00:00+00:00,1208.0,1255.615,1280.8797998046875,0.0,152681.45510445867,82316.86541737638,-0.16616700492934455
2011-08-30 00:00:00+00:00,1204.75,1254.235,1280.9260498046874,0.0,152681.45510445867,82095.40034071538,-0.16616700492934455
2011-08-31 00:00:00+00:00,1217.75,1252.83,1281.0360498046875,0.0,152681.45510445867,82981.26064735933,-0.16616700492934455
2011-09-01 00:00:00+00:00,1201.25,1251.26,1281.1685498046875,0.0,152681.45510445867,81856.89948892663,-0.16616700492934455
2011-09-02 00:00:00+00:00,1169.25,1249.105,1281.1272998046875,0.0,152681.45510445867,79676.32027257228,-0.16616700492934455
2011-09-06 00:00:00+00:00,1164.5,1247.115,1280.9610498046875,0.0,152681.45510445867,79352.64054514469,-0.16616700492934455
2011-09-07 00:00:00+00:00,1199.0,1245.57,1280.9647998046876,0.0,152681.45510445867,81703.57751277671,-0.16616700492934455
2011-09-08 00:00:00+00:00,1185.75,1243.395,1280.9035498046876,0.0,152681.45510445867,80800.681431005,-0.16616700492934455
2011-09-09 00:00:00+00:00,1158.0,1240.47,1280.8022998046874,0.0,152681.45510445867,78909.71039182271,-0.16616700492934455
2011-09-12 00:00:00+00:00,1163.25,1237.425,1280.6360498046874,0.0,152681.45510445867,79267.46166950585,-0.16616700492934455
2011-09-13 00:00:00+00:00,1171.5,1234.16,1280.5772998046875,0.0,152681.45510445867,79829.64224872219,-0.16616700492934455
2011-09-14 00:00:00+00:00,1188.5,1231.195,1280.5872998046875,0.0,152681.45510445867,80988.07495741044,-0.16616700492934455
2011-09-15 00:00:00+00:00,1210.75,1228.695,1280.7435498046875,0.0,152681.45510445867,82504.25894378181,-0.16616700492934455
2011-09-16 00:00:00+00:00,1216.739990234375,1225.9947998046875,1280.8047497558593,0.0,152681.45510445867,82912.43545038317,-0.16616700492934455
2011-09-19 00:00:00+00:00,1197.75,1223.1147998046874,1280.6797497558593,0.0,152681.45510445867,81618.39863713786,-0.16616700492934455
2011-09-20 00:00:00+00:00,1196.0,1220.6647998046874,1280.5422497558593,0.0,152681.45510445867,81499.14821124348,-0.16616700492934455
2011-09-21 00:00:00+00:00,1155.75,1217.5647998046875,1280.2109997558593,0.0,152681.45510445867,78756.38841567279,-0.16616700492934455
2011-09-22 00:00:00+00:00,1123.5,1213.7897998046874,1279.7122497558594,0.0,152681.45510445867,76558.77342419067,-0.16616700492934455
2011-09-23 00:00:00+00:00,1129.75,1210.2497998046874,1279.2172497558595,0.0,152681.45510445867,76984.66780238488,-0.16616700492934455
2011-09-26 00:00:00+00:00,1158.5,1207.1197998046875,1278.8447497558593,0.0,152681.45510445867,78943.78194207823,-0.16616700492934455
2011-09-27 00:00:00+00:00,1169.5,1204.4997998046874,1278.4872497558595,0.0,152681.45510445867,79693.35604770004,-0.16616700492934455
2011-09-28 00:00:00+00:00,1148.75,1201.0497998046876,1278.0247497558594,0.0,152681.45510445867,78279.38671209528,-0.16616700492934455
2011-09-29 00:00:00+00:00,1156.25,1197.7497998046874,1277.5972497558594,0.0,152681.45510445867,78790.45996592833,-0.16616700492934455
2011-09-30 00:00:00+00:00,1126.0,1193.4197998046875,1277.0422497558593,0.0,152681.45510445867,76729.13117546837,-0.16616700492934455
2011-10-03 00:00:00+00:00,1086.25,1188.3247998046875,1276.2559997558594,0.0,152681.45510445867,74020.4429301532,-0.16616700492934455
2011-10-04 00:00:00+00:00,1113.5,1183.9247998046876,1275.6117498779297,0.0,152681.45510445867,75877.34241907996,-0.16616700492934455
2011-10-05 00:00:00+00:00,1135.0,1180.0997998046876,1275.0804998779297,0.0,152681.45510445867,77342.41908006802,-0.16616700492934455
2011-10-06 00:00:00+00:00,1157.5,1177.2697998046874,1274.6142498779298,0.0,152681.45510445867,78875.63884156717,-0.16616700492934455
2011-10-07 00:00:00+00:00,1155.0,1174.4347998046876,1274.1167498779296,0.0,152681.45510445867,78705.28109028949,-0.16616700492934455
2011-10-10 00:00:00+00:00,1191.0,1172.4847998046876,1273.8067498779296,0.0,152681.45510445867,81158.43270868812,-0.16616700492934455
2011-10-11 00:00:00+00:00,1189.5,1170.6797998046875,1273.4879998779297,0.0,152681.45510445867,81056.21805792152,-0.16616700492934455
2011-10-12 00:00:00+00:00,1198.25,1169.6997998046875,1273.2092498779298,0.0,152681.45510445867,81652.4701873934,-0.16616700492934455
2011-10-13 00:00:00+00:00,1198.0,1168.5697998046876,1272.9204998779296,0.0,152681.45510445867,81635.43441226563,-0.16616700492934455
2011-10-14 00:00:00+00:00,1219.25,1168.9797998046874,1272.7442498779296,0.0,152681.45510445867,83083.47529812594,-0.16616700492934455
2011-10-17 00:00:00+00:00,1194.0,1168.9047998046874,1272.4492498779298,0.0,152681.45510445867,81362.86201022135,-0.16616700492934455
2011-10-18 00:00:00+00:00,1223.0,1171.1397998046875,1272.2379998779297,0.0,152681.45510445867,83339.01192504248,-0.16616700492934455
2011-10-19 00:00:00+00:00,1206.5,1171.8347998046875,1271.9442498779297,0.0,152681.45510445867,82214.65076660976,-0.16616700492934455
2011-10-20 00:00:00+00:00,1210.0,1173.5647998046875,1271.6354998779298,0.0,152681.45510445867,82453.15161839852,-0.16616700492934455
2011-10-21 00:00:00+00:00,1235.25,1174.8997998046875,1271.4604998779296,0.0,152681.45510445867,84173.76490630313,-0.16616700492934455
2011-10-24 00:00:00+00:00,1247.0,1176.3047998046875,1271.3579998779296,0.0,152681.45510445867,84974.44633730824,-0.16616700492934455
2011-10-25 00:00:00+00:00,1224.5,1176.8247998046875,1271.1529998779297,0.0,152681.45510445867,83441.2265758091,-0.16616700492934455
2011-10-26 00:00:00+00:00,1237.5,1177.7297998046874,1270.9879998779297,0.0,152681.45510445867,84327.08688245303,-0.16616700492934455
2011-10-27 00:00:00+00:00,1282.5,1179.5797998046876,1270.9829998779296,0.0,152681.45510445867,87393.52640545134,-0.16616700492934455
2011-10-28 00:00:00+00:00,1281.0,1182.3297998046876,1270.9817498779296,0.0,152681.45510445867,87291.31175468474,-0.16616700492934455
2011-10-31 00:00:00+00:00,1249.25,1184.8347998046875,1270.7804998779297,0.0,152681.45510445867,85127.76831345816,-0.16616700492934455
2011-11-01 00:00:00+00:00,1224.5,1186.8597998046876,1270.4292498779296,0.0,152681.45510445867,83441.22657580911,-0.16616700492934455
2011-11-02 00:00:00+00:00,1234.25,1188.3747998046874,1270.2079998779298,0.0,152681.45510445867,84105.62180579208,-0.16616700492934455
2011-11-03 00:00:00+00:00,1255.75,1190.0497998046876,1270.1054998779298,0.0,152681.45510445867,85570.69846678014,-0.16616700492934455
2011-11-04 00:00:00+00:00,1251.0,1191.9197998046875,1269.9617498779296,0.0,152681.45510445867,85247.01873935254,-0.16616700492934455
2011-11-07 00:00:00+00:00,1257.5,1193.5497998046876,1269.8067498779296,0.0,152681.45510445867,85689.94889267451,-0.16616700492934455
2011-11-08 00:00:00+00:00,1273.25,1194.8547998046874,1269.7354998779297,0.0,152681.45510445867,86763.20272572392,-0.16616700492934455
2011-11-09 00:00:00+00:00,1225.75,1195.2747998046875,1269.3967498779298,0.0,152681.45510445867,83526.40545144794,-0.16616700492934455
2011-11-10 00:00:00+00:00,1237.5,1195.6697998046875,1269.1054998779298,0.0,152681.45510445867,84327.08688245305,-0.16616700492934455
2011-11-11 00:00:00+00:00,1261.5,1196.8747998046874,1269.0554998779296,0.0,152681.45510445867,85962.5212947188,-0.16616700492934455
2011-11-14 00:00:00+00:00,1252.5,1198.5397998046874,1268.9054998779297,0.0,152681.45510445867,85349.23339011915,-0.16616700492934455
2011-11-15 00:00:00+00:00,1254.0,1200.3297998046876,1268.6617498779297,0.0,152681.45510445867,85451.44804088575,-0.16616700492934455
2011-11-16 00:00:00+00:00,1231.0,1200.9697998046875,1268.3167498779296,0.0,152681.45510445867,83884.15672913106,-0.16616700492934455
2011-11-17 00:00:00+00:00,1214.75,1201.5497998046876,1267.8742498779297,0.0,152681.45510445867,82776.83134582613,-0.16616700492934455
2011-11-18 00:00:00+00:00,1214.0,1202.6697998046875,1267.4079998779298,0.0,152681.45510445867,82725.72402044282,-0.16616700492934455
2011-11-21 00:00:00+00:00,1190.75,1203.2197998046875,1266.7829998779298,0.0,152681.45510445867,81141.39693356038,-0.16616700492934455
2011-11-22 00:00:00+00:00,1182.75,1203.4447998046876,1266.0879998779296,0.0,152681.45510445867,80596.25212947179,-0.16616700492934455
2011-11-23 00:00:00+00:00,1160.0,1202.8747998046874,1265.2917498779298,0.0,152681.45510445867,79045.99659284488,-0.16616700492934455
2011-11-25 00:00:00+00:00,1153.5,1201.7297998046874,1264.4654998779297,0.0,152681.45510445867,78603.06643952291,-0.16616700492934455
2011-11-28 00:00:00+00:00,1191.0,1201.215,1263.7842498779296,0.0,152681.45510445867,81158.43270868815,-0.16616700492934455
2011-11-29 00:00:00+00:00,1196.5,1201.19,1263.1279998779296,0.0,152681.45510445867,81533.21976149906,-0.16616700492934455
2011-11-30 00:00:00+00:00,1246.0,1202.19,1262.7267498779297,0.0,152681.45510445867,84906.30323679716,-0.16616700492934455
2011-12-01 00:00:00+00:00,1243.5,1203.945,1262.2792498779297,0.0,152681.45510445867,84735.94548551948,-0.16616700492934455
2011-12-02 00:00:00+00:00,1243.5,1206.345,1261.8079998779297,0.0,152681.45510445867,84735.94548551948,-0.16616700492934455
2011-12-05 00:00:00+00:00,1255.0,1208.85,1261.3704998779297,0.0,152681.45510445867,85519.59114139681,-0.16616700492934455
2011-12-06 00:00:00+00:00,1255.0,1210.78,1261.0729998779298,0.0,152681.45510445867,85519.59114139681,-0.16616700492934455
2011-12-07 00:00:00+00:00,1264.0,1212.67,1260.8654998779298,0.0,152681.45510445867,86132.87904599648,-0.16616700492934455
2011-12-08 00:00:00+00:00,1236.0,1214.415,1260.5317498779298,0.0,152681.45510445867,84224.87223168643,-0.16616700492934455
2011-12-09 00:00:00+00:00,1258.75,1216.465,1260.2317498779296,0.0,152681.45510445867,85775.12776831335,-0.16616700492934455
2011-12-12 00:00:00+00:00,1235.25,1218.65,1259.7779998779297,0.0,152681.45510445867,84173.76490630314,-0.16616700492934455
2011-12-13 00:00:00+00:00,1226.25,1221.45,1259.4042498779297,0.0,152681.45510445867,83560.47700170348,-0.16616700492934455
2011-12-14 00:00:00+00:00,1212.5,1223.43,1258.9379998779298,0.0,152681.45510445867,82623.50936967622,-0.16616700492934455
2011-12-15 00:00:00+00:00,1218.0,1225.09,1258.3792498779296,0.0,152681.45510445867,82998.29642248712,-0.16616700492934455
2011-12-16 00:00:00+00:00,1224.0,1226.42,1257.8979998779296,0.0,152681.45510445867,83407.15502555358,-0.16616700492934455
2011-12-19 00:00:00+00:00,1199.0,1227.3,1257.3479998779296,0.0,152681.45510445867,81703.57751277674,-0.16616700492934455
2011-12-20 00:00:00+00:00,1236.0,1228.2,1256.9279998779298,0.0,152681.45510445867,84224.87223168646,-0.16616700492934455
2011-12-21 00:00:00+00:00,1236.25,1229.135,1256.5317498779298,0.0,152681.45510445867,84241.90800681422,-0.16616700492934455
2011-12-22 00:00:00+00:00,1249.0,1230.15,1256.3054998779296,0.0,152681.45510445867,85110.7325383304,-0.16616700492934455
2011-12-23 00:00:00+00:00,1260.25,1231.395,1256.0767498779296,0.0,152681.45510445867,85877.34241907999,-0.16616700492934455
2011-12-27 00:00:00+00:00,1260.25,1232.215,1255.9004998779296,0.0,152681.45510445867,85877.34241907999,-0.16616700492934455
2011-12-28 00:00:00+00:00,1244.5,1233.225,1255.7229998779296,0.0,152681.45510445867,84804.08858603059,-0.16616700492934455
2011-12-29 00:00:00+00:00,1257.5,1233.915,1255.7167498779297,0.0,152681.45510445867,85689.94889267453,-0.16616700492934455
2011-12-30 00:00:00+00:00,1252.5,1234.835,1255.6104998779297,0.0,152681.45510445867,85349.23339011916,-0.16616700492934455
2012-01-03 00:00:00+00:00,1272.0,1236.075,1255.5319500732421,0.0,152681.45510445867,86678.02385008508,-0.16616700492934455
2012-01-04 00:00:00+00:00,1273.0,1236.83,1255.4319500732422,0.0,152681.45510445867,86746.16695059616,-0.16616700492934455
2012-01-05 00:00:00+00:00,1273.0,1237.35,1255.3557000732421,0.0,152681.45510445867,86746.16695059616,-0.16616700492934455
2012-01-06 00:00:00+00:00,1274.25,1238.345,1255.2669500732422,0.0,152681.45510445867,86831.345826235,-0.16616700492934455
2012-01-09 00:00:00+00:00,1275.5,1239.105,1255.1182000732422,0.0,152681.45510445867,86916.52470187386,-0.16616700492934455
2012-01-10 00:00:00+00:00,1286.0,1239.175,1254.9982000732423,0.0,152681.45510445867,87632.02725724013,-0.16616700492934455
2012-01-11 00:00:00+00:00,1288.25,1239.32,1254.9282000732421,0.0,152681.45510445867,87785.34923339005,-0.16616700492934455
2012-01-12 00:00:00+00:00,1291.75,1240.17,1254.8044500732422,0.0,152681.45510445867,88023.85008517881,-0.16616700492934455
2012-01-13 00:00:00+00:00,1289.0,1241.46,1254.6294500732422,0.0,152681.45510445867,87836.45655877335,-0.16616700492934455
2012-01-17 00:00:00+00:00,1289.25,1242.56,1254.4707000732421,0.0,152681.45510445867,87853.49233390113,-0.16616700492934455
2012-01-18 00:00:00+00:00,1302.25,1243.49,1254.343200073242,0.0,152681.45510445867,88739.35264054508,-0.16616700492934455
2012-01-19 00:00:00+00:00,1310.5,1244.68,1254.249450073242,0.0,152681.45510445867,89301.53321976143,-0.16616700492934455
2012-01-20 00:00:00+00:00,1310.75,1245.745,1254.1694500732422,0.0,152681.45510445867,89318.5689948892,-0.16616700492934455
2012-01-23 00:00:00+00:00,1311.0,1246.5,1254.0794500732422,0.0,152681.45510445867,89335.60477001697,-0.16616700492934455
2012-01-24 00:00:00+00:00,1311.5,1248.215,1253.9944500732422,0.0,152681.45510445867,89369.67632027251,-0.16616700492934455
2012-01-25 00:00:00+00:00,1320.25,1249.87,1253.9769500732423,0.0,152681.45510445867,89965.9284497444,-0.16616700492934455
2012-01-26 00:00:00+00:00,1315.25,1250.945,1253.9557000732423,0.0,152681.45510445867,89625.21294718904,-0.16616700492934455
2012-01-27 00:00:00+00:00,1312.5,1252.145,1253.9769500732423,0.0,152681.45510445867,89437.81942078359,-0.16616700492934455
2012-01-30 00:00:00+00:00,1309.0,1253.245,1253.978200073242,0.0,152681.45510445867,89199.31856899483,-0.16616700492934455
2012-01-31 00:00:00+00:00,1308.25,1254.79,1253.968200073242,0.0,152681.45510445867,89148.21124361153,-0.16616700492934455
2012-02-01 00:00:00+00:00,1319.75,1256.89,1253.9732000732422,1.0,154023.5814057782,89931.85689948888,-0.15883730537397467
2012-02-02 00:00:00+00:00,1322.75,1259.065,1254.0819500732423,1.0,154373.7013104703,90136.2862010221,-0.15692520983779112
2012-02-03 00:00:00+00:00,1339.0,1262.03,1254.2344500732422,1.0,156270.1841275522,91243.61158432704,-0.1465680256834644
2012-02-06 00:00:00+00:00,1339.0,1265.155,1254.2882000732423,1.0,156270.1841275522,91243.61158432704,-0.1465680256834644
2012-02-07 00:00:00+00:00,1344.75,1268.85,1254.3569500732422,1.0,156941.24727821196,91635.4344122657,-0.1429031759057795
2012-02-08 00:00:00+00:00,1347.0,1272.72,1254.4382000732421,1.0,157203.837206731,91788.75638841561,-0.141469104253642
2012-02-09 00:00:00+00:00,1348.25,1275.865,1254.4744500732422,1.0,157349.7205003527,91873.93526405447,-0.1406723977802321
2012-02-10 00:00:00+00:00,1340.5,1278.745,1254.4219500732422,1.0,156445.24407989826,91345.82623509364,-0.1456119779153725
2012-02-13 00:00:00+00:00,1349.0,1280.805,1254.3919500732422,1.0,157437.25047652572,91925.04258943775,-0.14019437389618628
2012-02-14 00:00:00+00:00,1347.75,1282.89,1254.3319500732423,1.0,157291.367182904,91839.86371379891,-0.14099108036959607
2012-02-15 00:00:00+00:00,1342.25,1284.865,1254.2544500732422,1.0,156649.48069096857,91465.076660988,-0.14449658885259908
2012-02-16 00:00:00+00:00,1354.75,1286.86,1254.2682000732423,1.0,158108.31362718547,92316.86541737641,-0.1365295241185014
2012-02-17 00:00:00+00:00,1359.75,1288.955,1254.3519500732423,1.0,158691.84680167222,92657.58091993179,-0.13334269822486244
2012-02-21 00:00:00+00:00,1360.0,1290.875,1254.4769500732423,1.0,158721.0234603966,92674.61669505955,-0.13318335693018024
2012-02-22 00:00:00+00:00,1356.0,1293.275,1254.5844500732421,1.0,158254.19692080718,92402.04429301526,-0.13573281764509149
2012-02-23 00:00:00+00:00,1363.0,1295.36,1254.6857000732423,1.0,159071.14336508862,92879.04599659277,-0.13127126139399692
2012-02-24 00:00:00+00:00,1363.25,1297.92,1254.7332000732422,1.0,159100.32002381296,92896.08177172054,-0.13111192009931494
2012-02-27 00:00:00+00:00,1367.25,1300.74,1254.8757000732421,1.0,159567.14656340235,93168.65417376484,-0.1285624593844038
2012-02-28 00:00:00+00:00,1371.5,1303.92,1254.9957000732422,1.0,160063.1497617161,93458.2623509369,-0.12585365737481058
2012-02-29 00:00:00+00:00,1364.5,1306.85,1255.1482000732422,1.0,159246.20331743464,92981.26064735939,-0.13031521362590526
2012-03-01 00:00:00+00:00,1374.5,1309.86,1255.3932000732423,1.0,160413.26966640816,93662.69165247014,-0.12394156183862715
2012-03-02 00:00:00+00:00,1368.75,1313.255,1255.6094500732422,1.0,159742.2065157484,93270.86882453147,-0.12760641161631192
2012-03-05 00:00:00+00:00,1364.5,1315.825,1255.739450073242,1.0,159246.20331743467,92981.2606473594,-0.13031521362590515
2012-03-06 00:00:00+00:00,1342.0,1317.94,1255.7407000732421,1.0,156620.30403224428,91448.04088586026,-0.14465593014728084
2012-03-07 00:00:00+00:00,1352.75,1320.015,1255.8657000732421,1.0,157874.9003573908,92180.57921635431,-0.1378042544759568
2012-03-08 00:00:00+00:00,1366.5,1322.14,1256.1219500732423,1.0,159479.61658722936,93117.54684838156,-0.12904048326844952
2012-03-09 00:00:00+00:00,1372.5,1324.385,1256.416950073242,1.0,160179.85639661347,93526.40545144801,-0.12521629219608266
2012-03-12 00:00:00+00:00,1372.5,1326.945,1256.696950073242,1.0,160179.85639661347,93526.40545144801,-0.12521629219608266
2012-03-13 00:00:00+00:00,1396.25,1329.72,1257.0457000732422,1.0,162951.63897542554,95144.804088586,-0.11007886920129728
2012-03-14 00:00:00+00:00,1394.25,1332.555,1257.3669500732422,1.0,162718.22570563084,95008.51788756385,-0.11135359955875279
2012-03-15 00:00:00+00:00,1401.75,1335.15,1257.655700073242,1.0,163593.525467361,95519.59114139692,-0.10657336071829404
2012-03-16 00:00:00+00:00,1405.75,1337.805,1258.124450073242,1.0,164060.35200695042,95792.16354344122,-0.1040239000033828
2012-03-19 00:00:00+00:00,1404.0,1340.425,1258.5819500732423,1.0,163856.11539588004,95672.91311754684,-0.10513928906615655
2012-03-20 00:00:00+00:00,1400.0,1342.94,1259.1007000732423,1.0,163389.28885629066,95400.34071550253,-0.10768874978106768
2012-03-21 00:00:00+00:00,1397.5,1345.38,1259.6632000732423,1.0,163097.52226904727,95229.98296422485,-0.10928216272788727
2012-03-22 00:00:00+00:00,1389.0,1347.44,1260.1844500732423,1.0,162105.5158724198,94650.76660988074,-0.1146997667470735
2012-03-23 00:00:00+00:00,1394.0,1349.555,1260.7694500732423,1.0,162689.04904690658,94991.4821124361,-0.11151294085343433
2012-03-26 00:00:00+00:00,1415.0,1352.02,1261.4069500732421,1.0,165139.88837975095,96422.48722316865,-0.0981282721001503
2012-03-27 00:00:00+00:00,1406.5,1354.37,1262.093200073242,1.0,164147.88198312346,95843.27086882452,-0.10354587611933674
2012-03-28 00:00:00+00:00,1400.25,1356.59,1262.7369500732423,1.0,163418.46551501504,95417.37649063031,-0.10752940848638548
2012-03-29 00:00:00+00:00,1398.25,1358.51,1263.2782000732423,1.0,163185.05224522034,95281.09028960817,-0.10880413884384099
2012-03-30 00:00:00+00:00,1403.25,1360.365,1263.9669500732423,1.0,163768.58541970712,95621.80579216353,-0.10561731295020194
2012-04-02 00:00:00+00:00,1412.5,1362.4,1264.6844500732423,1.0,164848.1217925076,96252.12947189096,-0.09972168504696977
2012-04-03 00:00:00+00:00,1408.75,1364.355,1265.3311999511718,1.0,164410.4719116425,95996.59284497442,-0.10211180446719914
2012-04-04 00:00:00+00:00,1393.25,1365.99,1265.928699951172,1.0,162601.51907073357,94940.37478705279,-0.11199096473748016
2012-04-05 00:00:00+00:00,1390.25,1367.39,1266.439949951172,1.0,162251.39916604152,94735.94548551958,-0.11390306027366359
2012-04-09 00:00:00+00:00,1375.0,1368.585,1266.9161999511718,1.0,160471.62298385694,93696.7632027257,-0.12362287924926263
2012-04-10 00:00:00+00:00,1357.0,1369.475,1267.316199951172,1.0,158370.90355570463,92470.18739352639,-0.13509545246636323
2012-04-11 00:00:00+00:00,1364.0,1370.575,1267.816199951172,1.0,159187.84999998607,92947.1890971039,-0.13063389621526866
2012-04-12 00:00:00+00:00,1386.0,1372.13,1268.3649499511719,1.0,161755.3959677278,94446.3373083475,-0.1166118622832567
2012-04-13 00:00:00+00:00,1365.0,1373.035,1268.7174499511718,1.0,159304.55663488343,93015.33219761496,-0.12999653103654074
2012-04-16 00:00:00+00:00,1364.0,1373.86,1269.016199951172,1.0,159187.84999998607,92947.18909710388,-0.13063389621526866
2012-04-17 00:00:00+00:00,1383.5,1374.75,1269.356199951172,1.0,161463.62938048443,94275.97955706982,-0.11820527523007618
2012-04-18 00:00:00+00:00,1378.25,1375.535,1269.5736999511719,1.0,160850.91954727334,93918.22827938669,-0.12155144241839722
2012-04-19 00:00:00+00:00,1372.5,1376.09,1269.752449951172,1.0,160179.85639661356,93526.40545144802,-0.1252162921960822
2012-04-20 00:00:00+00:00,1375.25,1376.655,1269.949949951172,1.0,160500.7996425813,93713.7989778535,-0.12346353795458065
2012-04-23 00:00:00+00:00,1362.75,1376.945,1270.004949951172,1.0,159041.9667063644,92862.01022146507,-0.13143060268867834
2012-04-24 00:00:00+00:00,1370.0,1377.535,1270.1461999511719,1.0,159888.0898093702,93356.04770017037,-0.12680970514290157
2012-04-25 00:00:00+00:00,1387.25,1378.3,1270.4899499511719,1.0,161901.27926134947,94531.51618398637,-0.11581515580984703
2012-04-26 00:00:00+00:00,1396.75,1379.28,1270.919949951172,1.0,163009.9922928743,95178.87563884156,-0.10976018661193288
2012-04-27 00:00:00+00:00,1398.5,1380.405,1271.3511999511718,1.0,163214.22890394463,95298.12606473593,-0.10864479754915934
2012-04-30 00:00:00+00:00,1393.5,1381.18,1271.784949951172,1.0,162630.6957294579,94957.41056218056,-0.1118316234427984
2012-05-01 00:00:00+00:00,1400.5,1381.995,1272.212449951172,1.0,163447.64217373938,95434.41226575809,-0.1073700671917035
2012-05-02 00:00:00+00:00,1397.5,1382.745,1272.6974499511718,1.0,163097.52226904733,95229.98296422485,-0.10928216272788693
2012-05-03 00:00:00+00:00,1386.0,1383.345,1273.0211999511719,1.0,161755.3959677278,94446.33730834752,-0.1166118622832567
2012-05-04 00:00:00+00:00,1362.5,1383.335,1273.2274499511718,1.0,159012.79004764007,92844.97444633729,-0.1315899439833602
2012-05-07 00:00:00+00:00,1365.75,1383.385,1273.3436999511719,1.0,159392.08661105647,93066.43952299829,-0.1295185071524948
2012-05-08 00:00:00+00:00,1358.5,1383.21,1273.431199951172,1.0,158545.96350805069,92572.402044293,-0.13413940469827135
2012-05-09 00:00:00+00:00,1351.0,1382.8,1273.5186999511718,1.0,157670.66374632056,92061.32879045996,-0.13891964353872988
2012-05-10 00:00:00+00:00,1357.5,1382.66,1273.6749499511718,1.0,158429.25687315332,92504.25894378194,-0.13477676987699916
2012-05-11 00:00:00+00:00,1350.0,1382.17,1273.929949951172,1.0,157553.9571114232,91993.18568994889,-0.1395570087174578
2012-05-14 00:00:00+00:00,1334.0,1381.475,1274.116199951172,1.0,155686.65095306557,90902.89608177172,-0.14975485157710278
2012-05-15 00:00:00+00:00,1328.25,1380.75,1274.314949951172,1.0,155015.58780240582,90511.07325383303,-0.15341970135478766
2012-05-16 00:00:00+00:00,1322.5,1380.36,1274.5286999511718,1.0,154344.52465174603,90119.25042589437,-0.15708455113247266
2012-05-17 00:00:00+00:00,1301.25,1379.33,1274.7986999511718,1.0,151864.50866017732,88671.20954003406,-0.17062856118043868
2012-05-18 00:00:00+00:00,1290.75,1377.815,1274.9799499511719,1.0,150639.08899375517,87955.70698466778,-0.17732089555708053
2012-05-21 00:00:00+00:00,1315.75,1376.68,1275.564949951172,1.0,153556.75486618892,89659.2844974446,-0.16138676608888536
2012-05-22 00:00:00+00:00,1314.75,1375.525,1276.149949951172,1.0,153440.04823129156,89591.14139693353,-0.16202413126761317
2012-05-23 00:00:00+00:00,1315.75,1373.915,1277.172449951172,1.0,153556.75486618892,89659.2844974446,-0.16138676608888536
2012-05-24 00:00:00+00:00,1322.5,1372.48,1277.9261999511718,1.0,154344.52465174603,90119.25042589435,-0.15708455113247266
2012-05-25 00:00:00+00:00,1315.0,1370.745,1278.8836999511718,1.0,153469.2248900159,89608.1771720613,-0.1618647899729312
2012-05-29 00:00:00+00:00,1333.5,1369.3,1279.7086999511719,1.0,155628.2976356169,90868.82453151616,-0.15007353416646663
2012-05-30 00:00:00+00:00,1308.5,1367.39,1280.367449951172,1.0,152710.63176318313,89165.24701873933,-0.1660076636346619
2012-05-31 00:00:00+00:00,1309.25,1365.575,1280.921199951172,1.0,152798.16173935615,89216.35434412264,-0.16552963975061608
2012-06-01 00:00:00+00:00,1274.0,1363.105,1281.3299499511718,1.0,148684.25285922457,86814.31005110731,-0.18799676230077123
2012-06-04 00:00:00+00:00,1273.0,1360.785,1281.744949951172,1.0,148567.5462243272,86746.16695059625,-0.18863412747949904
2012-06-05 00:00:00+00:00,1285.0,1358.605,1282.452449951172,1.0,149968.02584309544,87563.88415672914,-0.1809857453347652
2012-06-06 00:00:00+00:00,1315.5,1356.615,1283.409949951172,1.0,153527.5782074646,89642.24872231686,-0.16154610738356723
2012-06-07 00:00:00+00:00,1316.75,1354.82,1284.377449951172,1.0,153673.4615010863,89727.4275979557,-0.16074940091015733
2012-06-08 00:00:00+00:00,1328.75,1353.39,1285.2286999511718,1.0,155073.9411198545,90545.14480408859,-0.1531010187654236
2012-06-11 00:00:00+00:00,1307.0,1351.565,1285.9036999511718,1.0,152535.57181083714,89063.03236797274,-0.16696371140275346
2012-06-12 00:00:00+00:00,1326.75,1350.035,1286.7499499511719,1.0,154840.52785005982,90408.85860306644,-0.1543757491228792
2012-06-13 00:00:00+00:00,1315.5,1348.095,1287.4474499511718,1.0,153527.5782074646,89642.24872231686,-0.16154610738356723
2012-06-14 00:00:00+00:00,1333.0,1346.58,1288.0724499511718,1.0,155569.94431816824,90834.75298126064,-0.15039221675583048
2012-06-15 00:00:00+00:00,1335.75,1345.43,1288.7274499511718,1.0,155890.88756413595,91022.1465076661,-0.14863946251432902
2012-06-18 00:00:00+00:00,1341.0,1344.445,1289.3436999511719,1.0,156503.59739734704,91379.89778534923,-0.145293295326008
2012-06-19 00:00:00+00:00,1350.5,1343.955,1290.0899499511718,1.0,157612.3104288719,92027.25724020443,-0.13923832612809373
2012-06-20 00:00:00+00:00,1350.75,1343.83,1290.9974499511718,1.0,157641.4870875962,92044.2930153322,-0.13907898483341186
2012-06-21 00:00:00+00:00,1318.25,1342.915,1291.766199951172,1.0,153848.52145343233,89829.6422487223,-0.15979335314206555
2012-06-22 00:00:00+00:00,1326.75,1341.73,1292.4049499511718,1.0,154840.52785005982,90408.85860306643,-0.1543757491228792
2012-06-25 00:00:00+00:00,1306.5,1340.56,1293.0086999511718,1.0,152477.21849338847,89028.9608177172,-0.1672823939921173
2012-06-26 00:00:00+00:00,1315.5,1339.59,1293.796199951172,1.0,153527.57820746463,89642.24872231687,-0.161546107383567
2012-06-27 00:00:00+00:00,1325.5,1338.43,1294.607449951172,1.0,154694.64455643814,90323.6797274276,-0.1551724555962889
2012-06-28 00:00:00+00:00,1322.5,1337.315,1295.3624499511718,1.0,154344.5246517461,90119.25042589438,-0.15708455113247233
2012-06-29 00:00:00+00:00,1356.5,1336.995,1296.202449951172,1.0,158312.550238256,92436.11584327086,-0.13541413505572686
2012-07-02 00:00:00+00:00,1357.5,1336.64,1296.9361999511718,1.0,158429.25687315335,92504.25894378194,-0.13477676987699905
2012-07-03 00:00:00+00:00,1368.0,1336.745,1297.6925,1.0,159654.6765395755,93219.7614991482,-0.1280844355003572
2012-07-05 00:00:00+00:00,1361.5,1336.575,1298.51125,1.0,158896.08341274274,92776.83134582623,-0.1322273091620879
2012-07-06 00:00:00+00:00,1351.75,1335.865,1299.29,1.0,157758.19372249357,92112.43611584327,-0.13844161965468404
2012-07-09 00:00:00+00:00,1349.25,1334.915,1300.2575,1.0,157466.42713525018,91942.07836456558,-0.14003503260150363
2012-07-10 00:00:00+00:00,1335.5,1333.655,1301.3175,1.0,155861.71090541163,91005.11073253833,-0.1487988038090109
2012-07-11 00:00:00+00:00,1336.25,1332.51,1302.35,1.0,155949.24088158467,91056.21805792165,-0.14832077992496484
2012-07-12 00:00:00+00:00,1329.25,1331.085,1303.20375,1.0,155132.2944373032,90579.21635434413,-0.15278233617605963
2012-07-13 00:00:00+00:00,1351.75,1330.17,1304.115,1.0,157758.19372249357,92112.43611584327,-0.13844161965468404
2012-07-16 00:00:00+00:00,1347.5,1329.4,1305.10875,1.0,157262.19052417984,91822.82793867121,-0.14115042166427716
2012-07-17 00:00:00+00:00,1358.5,1329.32,1306.12,1.0,158545.9635080507,92572.40204429302,-0.13413940469827113
2012-07-18 00:00:00+00:00,1367.25,1329.35,1307.32625,1.0,159567.14656340255,93168.65417376491,-0.1285624593844027
2012-07-19 00:00:00+00:00,1372.0,1329.62,1308.755,1.0,160121.50307916495,93492.33390119251,-0.12553497478544573
2012-07-20 00:00:00+00:00,1358.25,1329.765,1309.97875,1.0,158516.78684932637,92555.36626916526,-0.13429874599295322
2012-07-23 00:00:00+00:00,1343.75,1329.49,1311.0225,1.0,156824.5406433148,91567.2913117547,-0.1435405410845063
2012-07-24 00:00:00+00:00,1329.5,1329.08,1311.8825,1.0,155161.47109602753,90596.2521294719,-0.15262299488137776
2012-07-25 00:00:00+00:00,1335.0,1329.1,1312.7825,1.0,155803.35758796296,90971.03918228282,-0.14911748639837474
2012-07-26 00:00:00+00:00,1354.75,1329.63,1313.60125,1.0,158108.31362718565,92316.86541737652,-0.1365295241185004
2012-07-27 00:00:00+00:00,1382.5,1330.83,1314.56625,1.0,161346.92274558713,94207.83645655881,-0.11884264040880377
2012-07-30 00:00:00+00:00,1380.5,1332.415,1315.4775,1.0,161113.5094757924,94071.55025553667,-0.1201173707662595
2012-07-31 00:00:00+00:00,1374.5,1334.09,1316.36,1.0,160413.26966640833,93662.69165247022,-0.12394156183862615
2012-08-01 00:00:00+00:00,1370.5,1335.185,1317.11625,1.0,159946.44312681892,93390.11925042592,-0.1264910225535374
2012-08-02 00:00:00+00:00,1362.0,1336.13,1317.95625,1.0,158954.43673019143,92810.90289608181,-0.13190862657272384
2012-08-03 00:00:00+00:00,1389.0,1337.595,1318.78625,1.0,162105.5158724199,94650.76660988078,-0.11469976674707305
2012-08-06 00:00:00+00:00,1390.0,1338.945,1319.70375,1.0,162222.22250731723,94718.90971039186,-0.11406240156834535
2012-08-07 00:00:00+00:00,1397.0,1340.585,1320.63875,1.0,163039.16895159872,95195.91141396938,-0.10960084531725045
2012-08-08 00:00:00+00:00,1398.25,1341.88,1321.45375,1.0,163185.0522452204,95281.09028960821,-0.10880413884384077
2012-08-09 00:00:00+00:00,1400.5,1343.72,1322.22125,1.0,163447.64217373944,95434.41226575813,-0.10737006719170317
2012-08-10 00:00:00+00:00,1402.5,1345.585,1323.11125,1.0,163681.05544353413,95570.69846678028,-0.10609533683424754
2012-08-13 00:00:00+00:00,1402.5,1348.155,1323.93625,1.0,163681.05544353413,95570.69846678028,-0.10609533683424754
2012-08-14 00:00:00+00:00,1401.5,1350.725,1324.53125,1.0,163564.34880863677,95502.5553662692,-0.10673270201297547
2012-08-15 00:00:00+00:00,1403.5,1353.095,1325.14375,1.0,163797.7620784315,95638.84156729134,-0.10545797165551973
2012-08-16 00:00:00+00:00,1413.0,1355.045,1325.9625,1.0,164906.47510995634,96286.20102214655,-0.09940300245760547
2012-08-17 00:00:00+00:00,1415.25,1357.015,1326.91625,1.0,165169.06503847538,96439.52299829647,-0.09796893080546787
2012-08-20 00:00:00+00:00,1414.75,1358.735,1327.81875,1.0,165110.7117210267,96405.45144804093,-0.09828761339483183
2012-08-21 00:00:00+00:00,1412.5,1360.845,1328.6025,1.0,164848.12179250765,96252.129471891,-0.09972168504696943
2012-08-22 00:00:00+00:00,1412.25,1362.555,1329.40875,1.0,164818.94513378333,96235.09369676326,-0.0998810263416513
2012-08-23 00:00:00+00:00,1400.0,1364.245,1330.12125,1.0,163389.28885629078,95400.3407155026,-0.10768874978106702
2012-08-24 00:00:00+00:00,1409.75,1365.78,1330.80375,1.0,164527.17854653994,96064.73594548558,-0.10147443928847089
2012-08-27 00:00:00+00:00,1408.25,1367.23,1331.71625,1.0,164352.11859419395,95962.52129471897,-0.10243048705656244
2012-08-28 00:00:00+00:00,1407.75,1368.565,1332.5675,1.0,164293.76527674525,95928.44974446345,-0.1027491696459264
2012-08-29 00:00:00+00:00,1407.25,1369.7,1333.29625,1.0,164235.4119592966,95894.37819420791,-0.10306785223529025
2012-08-30 00:00:00+00:00,1397.0,1370.625,1334.01875,1.0,163039.16895159872,95195.9114139694,-0.10960084531725045
2012-08-31 00:00:00+00:00,1405.0,1372.36,1334.77375,1.0,163972.82203077752,95741.05621805799,-0.10450192388742796
2012-09-04 00:00:00+00:00,1406.0,1373.945,1335.64875,1.0,164089.52866567485,95809.19931856905,-0.10386455870870026
2012-09-05 00:00:00+00:00,1403.5,1375.885,1336.5925,1.0,163797.7620784315,95638.84156729137,-0.10545797165551973
2012-09-06 00:00:00+00:00,1431.0,1378.195,1337.6775,1.0,167007.19453810863,97512.77683134588,-0.08793042924050498
2012-09-07 00:00:00+00:00,1438.25,1380.45,1338.915,1.0,167853.3176411144,98006.81431005117,-0.08330953169472843
2012-09-10 00:00:00+00:00,1426.5,1382.53,1340.13375,1.0,166482.01468107052,97206.13287904605,-0.0907985725447803
2012-09-11 00:00:00+00:00,1430.5,1384.01,1341.48625,1.0,166948.84122065993,97478.70528109036,-0.08824911182986905
2012-09-12 00:00:00+00:00,1439.5,1385.65,1342.91625,1.0,167999.2009347361,98091.99318569001,-0.08251282522131875
2012-09-13 00:00:00+00:00,1457.25,1387.435,1344.2475,1.0,170070.74370416405,99301.53321976155,-0.07119959329890013
2012-09-14 00:00:00+00:00,1465.75,1389.52,1345.59375,1.0,171062.75010079154,99880.74957410568,-0.06578198927971368
2012-09-17 00:00:00+00:00,1460.75,1391.7,1346.6675,1.0,170479.2169263048,99540.03407155031,-0.06896881517335274
2012-09-18 00:00:00+00:00,1459.25,1393.9,1347.74625,1.0,170304.15697395874,99437.81942078371,-0.06992486294144462
2012-09-19 00:00:00+00:00,1459.5,1396.38,1348.82625,1.0,170333.3336326831,99454.85519591146,-0.06976552164676253
2012-09-20 00:00:00+00:00,1460.5,1398.865,1349.85375,1.0,170450.04026758042,99522.99829642252,-0.06912815646803483
2012-09-21 00:00:00+00:00,1468.25,1401.645,1350.92,1.0,171354.51668803487,100051.10732538333,-0.06418857633289443
2012-09-24 00:00:00+00:00,1451.5,1403.64,1351.8575,1.0,169399.68055350424,98909.71039182285,-0.07486444307658535
2012-09-25 00:00:00+00:00,1437.25,1405.435,1352.86375,1.0,167736.611006217,97938.67120954006,-0.08394689687345658
2012-09-26 00:00:00+00:00,1427.0,1406.805,1353.705,1.0,166540.36799851916,97240.20442930156,-0.09047988995541656
2012-09-27 00:00:00+00:00,1441.0,1408.28,1354.73375,1.0,168174.26088708208,98194.2078364566,-0.0815567774532272
2012-09-28 00:00:00+00:00,1434.25,1409.525,1355.77375,1.0,167386.49110152494,97734.24190800685,-0.08585899240964001
2012-10-01 00:00:00+00:00,1437.0,1411.1,1356.89625,1.0,167707.43434749264,97921.6354344123,-0.08410623816813867
2012-10-02 00:00:00+00:00,1441.0,1413.045,1358.01125,1.0,168174.26088708205,98194.2078364566,-0.08155677745322731
2012-10-03 00:00:00+00:00,1444.75,1415.35,1359.115,1.0,168611.91076794712,98449.74446337312,-0.07916665803299805
2012-10-04 00:00:00+00:00,1455.75,1417.765,1360.39875,1.0,169895.683751818,99199.31856899495,-0.07215564106699202
2012-10-05 00:00:00+00:00,1455.5,1419.78,1361.49625,1.0,169866.50709309365,99182.28279386717,-0.072314982361674
2012-10-08 00:00:00+00:00,1449.75,1421.125,1362.56375,1.0,169195.4439424339,98790.4599659285,-0.07597983213935888
2012-10-09 00:00:00+00:00,1436.0,1422.235,1363.49875,1.0,167590.7277125953,97853.49233390125,-0.08474360334686637
2012-10-10 00:00:00+00:00,1426.25,1423.27,1364.32875,1.0,166452.83802234617,97189.09710391829,-0.09095791383946228
2012-10-11 00:00:00+00:00,1428.5,1424.43,1365.17,1.0,166715.4279508652,97342.41908006821,-0.08952384218732479
2012-10-12 00:00:00+00:00,1421.5,1425.62,1366.055,1.0,165898.48150658375,96865.41737649069,-0.09398539843841947
2012-10-15 00:00:00+00:00,1435.5,1426.55,1366.945,1.0,167532.37439514667,97819.42078364572,-0.08506228593623
2012-10-16 00:00:00+00:00,1449.25,1427.735,1367.92875,1.0,169137.09062498526,98756.38841567299,-0.07629851472872262
2012-10-17 00:00:00+00:00,1457.0,1428.935,1368.85375,1.0,170041.56704543973,99284.49744463382,-0.071358934593582
2012-10-18 00:00:00+00:00,1451.5,1430.0,1369.74625,1.0,169399.6805535043,98909.71039182291,-0.07486444307658502
2012-10-19 00:00:00+00:00,1424.0,1430.47,1370.50125,1.0,166190.24809382716,97035.7751277684,-0.09239198549159977
2012-10-22 00:00:00+00:00,1430.0,1431.02,1371.28,1.0,166890.48790321127,97444.63373083484,-0.0885677944192329
2012-10-23 00:00:00+00:00,1406.75,1431.105,1371.93625,1.0,164177.05864184786,95860.30664395238,-0.10338653482465443
2012-10-24 00:00:00+00:00,1405.25,1431.18,1372.5325,1.0,164001.99868950184,95758.09199318578,-0.1043425825927462
2012-10-25 00:00:00+00:00,1408.25,1431.275,1373.1325,1.0,164352.1185941939,95962.521294719,-0.10243048705656277
2012-10-26 00:00:00+00:00,1407.5,1431.165,1373.71125,1.0,164264.58861802088,95911.4139693357,-0.1029085109406086
2012-10-31 00:00:00+00:00,1406.75,1430.995,1374.3,1.0,164177.0586418479,95860.3066439524,-0.10338653482465432
2012-11-01 00:00:00+00:00,1423.25,1431.165,1374.97,1.0,166102.71811765415,96984.6678023851,-0.0928700093756456
2012-11-02 00:00:00+00:00,1405.5,1431.025,1375.48625,1.0,164031.17534822618,95775.12776831356,-0.10418324129806411
2012-11-05 00:00:00+00:00,1412.0,1431.02,1375.99375,1.0,164789.76847505898,96218.05792163554,-0.10004036763633328
2012-11-06 00:00:00+00:00,1425.25,1431.525,1376.56625,1.0,166336.13138744893,97120.95400340727,-0.09159527901818953
2012-11-07 00:00:00+00:00,1389.0,1431.11,1376.95625,1.0,162105.51587241996,94650.76660988085,-0.11469976674707272
2012-11-08 00:00:00+00:00,1375.25,1430.45,1377.275,1.0,160500.79964258138,93713.79897785358,-0.1234635379545801
2012-11-09 00:00:00+00:00,1375.75,1429.81,1377.5525,1.0,160559.15296003004,93747.87052810912,-0.12314485536521624
2012-11-12 00:00:00+00:00,1378.25,1429.23,1377.8675,1.0,160850.91954727343,93918.2282793868,-0.12155144241839666
2012-11-13 00:00:00+00:00,1371.0,1428.71,1378.16,1.0,160004.79644426765,93424.19080068152,-0.12617233996417332
2012-11-14 00:00:00+00:00,1353.0,1427.67,1378.38,1.0,157904.07701611533,92197.6149914822,-0.1376449131812738
2012-11-15 00:00:00+00:00,1351.25,1426.575,1378.595,1.0,157699.84040504496,92078.36456558782,-0.13876030224404756
2012-11-16 00:00:00+00:00,1359.75,1425.7,1378.795,1.0,158691.84680167245,92657.58091993196,-0.1333426982248611
2012-11-19 00:00:00+00:00,1382.5,1424.73,1379.09375,1.0,161346.92274558716,94207.83645655887,-0.11884264040880355
2012-11-20 00:00:00+00:00,1386.25,1423.69,1379.33,1.0,161784.5726264522,94463.3730834754,-0.11645252098857439
2012-11-21 00:00:00+00:00,1388.25,1422.925,1379.57625,1.0,162017.98589624692,94599.65928449754,-0.11517779063111866
2012-11-23 00:00:00+00:00,1405.25,1422.42,1379.87875,1.0,164001.9986895019,95758.0919931858,-0.10434258259274587
2012-11-26 00:00:00+00:00,1403.25,1421.695,1380.16,1.0,163768.5854197072,95621.80579216364,-0.10561731295020138
2012-11-27 00:00:00+00:00,1397.5,1420.5,1380.40625,1.0,163097.52226904745,95229.98296422497,-0.10928216272788627
2012-11-28 00:00:00+00:00,1407.0,1419.325,1380.73875,1.0,164206.23530057227,95877.34241908017,-0.10322719352997212
2012-11-29 00:00:00+00:00,1415.75,1418.425,1381.0725,1.0,165227.4183559241,96473.59454855206,-0.09765024821610369
2012-11-30 00:00:00+00:00,1414.5,1417.53,1381.40625,1.0,165081.53506230243,96388.41567291324,-0.09844695468951337
2012-12-03 00:00:00+00:00,1407.0,1416.48,1381.73,1.0,164206.2353005723,95877.34241908017,-0.103227193529972
2012-12-04 00:00:00+00:00,1405.5,1415.38,1381.98375,1.0,164031.1753482263,95775.12776831357,-0.10418324129806356
2012-12-05 00:00:00+00:00,1408.25,1414.18,1382.22625,1.0,164352.118594194,95962.52129471903,-0.1024304870565621
2012-12-06 00:00:00+00:00,1413.0,1413.41,1382.49125,1.0,164906.47510995643,96286.20102214663,-0.09940300245760492
2012-12-07 00:00:00+00:00,1416.0,1412.985,1382.79125,1.0,165256.59501464848,96490.63032367986,-0.09749090692142148
2012-12-10 00:00:00+00:00,1420.25,1412.85,1383.0775,1.0,165752.5982129622,96780.2385008519,-0.09478210491182837
2012-12-11 00:00:00+00:00,1431.5,1412.66,1383.41875,1.0,167065.5478555574,97546.84838160146,-0.08761174665114047
2012-12-12 00:00:00+00:00,1427.25,1412.52,1383.71875,1.0,166569.54465724368,97257.24020442941,-0.09032054866073369
2012-12-13 00:00:00+00:00,1418.0,1412.14,1383.95125,1.0,165490.00828444317,96626.91652470198,-0.09621617656396597
2012-12-14 00:00:00+00:00,1415.0,1411.62,1384.20375,1.0,165139.88837975112,96422.48722316876,-0.0981282721001494
2012-12-17 00:00:00+00:00,1432.5,1411.375,1384.49375,1.0,167182.2544904548,97614.99148211256,-0.08697438147241254
2012-12-18 00:00:00+00:00,1445.75,1411.175,1384.87875,1.0,168728.61740284468,98517.88756388429,-0.07852929285426902
2012-12-19 00:00:00+00:00,1437.25,1410.81,1385.2425,1.0,167736.61100621722,97938.67120954016,-0.08394689687345536
2012-12-20 00:00:00+00:00,1445.5,1410.725,1385.76,1.0,168699.44074412037,98500.85178875651,-0.07868863414895089
2012-12-21 00:00:00+00:00,1424.75,1410.5,1386.12,1.0,166277.77807000032,97086.88245315175,-0.09191396160755305
2012-12-24 00:00:00+00:00,1419.75,1410.37,1386.38625,1.0,165694.24489551358,96746.16695059638,-0.09510078750119211
2012-12-26 00:00:00+00:00,1413.5,1410.07,1386.59125,1.0,164964.82842740515,96320.27257240217,-0.09908431986824073
2012-12-27 00:00:00+00:00,1410.75,1409.855,1386.7825,1.0,164643.88518143742,96132.87904599671,-0.10083707410974241
2012-12-28 00:00:00+00:00,1384.0,1408.825,1386.72125,1.0,161521.9826979333,94310.0511073255,-0.11788659264071122
2012-12-31 00:00:00+00:00,1420.0,1408.24,1386.85,1.0,165723.42155423792,96763.20272572413,-0.09494144620651002
2013-01-02 00:00:00+00:00,1457.0,1408.24,1387.12625,1.0,170041.5670454399,99284.49744463385,-0.071358934593581
2013-01-03 00:00:00+00:00,1453.5,1408.28,1387.365,1.0,169633.0938232992,99045.99659284508,-0.07358971271912829
2013-01-04 00:00:00+00:00,1457.75,1408.955,1387.63375,1.0,170129.09702161295,99335.60477001716,-0.07088091070953506
2013-01-07 00:00:00+00:00,1455.75,1409.47,1387.9125,1.0,169895.68375181826,99199.31856899502,-0.07215564106699057
2013-01-08 00:00:00+00:00,1452.25,1410.38,1388.18625,1.0,169487.2105296775,98960.81771720626,-0.07438641919253808
2013-01-09 00:00:00+00:00,1455.75,1411.39,1388.52,1.0,169895.68375181826,99199.31856899502,-0.07215564106699057
2013-01-10 00:00:00+00:00,1467.0,1412.565,1388.885,1.0,171208.63339441342,99965.92844974459,-0.06498528280630289
2013-01-11 00:00:00+00:00,1467.25,1413.76,1389.14625,1.0,171237.81005313777,99982.96422487237,-0.06482594151162091
2013-01-14 00:00:00+00:00,1464.25,1414.91,1389.435,1.0,170887.69014844575,99778.53492333913,-0.06673803704780412
2013-01-15 00:00:00+00:00,1465.25,1415.75,1389.76,1.0,171004.39678334308,99846.6780238502,-0.06610067186907642
2013-01-16 00:00:00+00:00,1465.5,1416.95,1390.09625,1.0,171033.5734420674,99863.71379897796,-0.06594133057439466
2013-01-17 00:00:00+00:00,1475.75,1418.225,1390.45875,1.0,172229.81644976526,100562.18057921647,-0.05940833749243446
2013-01-18 00:00:00+00:00,1479.0,1419.3,1390.79125,1.0,172609.11301318166,100783.64565587745,-0.057336900661569046
2013-01-22 00:00:00+00:00,1489.5,1421.31,1391.195,1.0,173834.5326796038,101499.14821124372,-0.050644566284927195
2013-01-23 00:00:00+00:00,1490.25,1423.61,1391.68,1.0,173922.06265577683,101550.25553662704,-0.050166542400881364
2013-01-24 00:00:00+00:00,1491.75,1425.93,1392.1875,1.0,174097.12260812288,101652.47018739367,-0.04921049463278948
2013-01-25 00:00:00+00:00,1495.75,1428.28,1392.79125,1.0,174563.94914771224,101925.04258943796,-0.04666103391787846
2013-01-28 00:00:00+00:00,1497.0,1430.8,1393.49125,1.0,174709.83244133394,102010.22146507679,-0.045864327444468556
2013-01-29 00:00:00+00:00,1505.0,1433.84,1394.19625,1.0,175643.48552051274,102555.36626916539,-0.04076540601464618
2013-01-30 00:00:00+00:00,1495.25,1436.72,1394.7425,1.0,174505.59583026357,101890.97103918243,-0.04697971650724231
2013-01-31 00:00:00+00:00,1493.25,1439.39,1395.38375,1.0,174272.18256046885,101754.68483816028,-0.04825444686469804
2013-02-01 00:00:00+00:00,1506.75,1441.875,1396.0975,1.0,175847.7221315831,102674.61669505977,-0.039650016951872424
2013-02-04 00:00:00+00:00,1493.5,1444.02,1396.6475,1.0,174301.3592191932,101771.72061328805,-0.04809510557001606
2013-02-05 00:00:00+00:00,1506.0,1446.375,1397.28625,1.0,175760.19215541007,102623.50936967645,-0.04012804083591848
2013-02-06 00:00:00+00:00,1506.75,1448.405,1397.9575,1.0,175847.7221315831,102674.61669505977,-0.039650016951872424
2013-02-07 00:00:00+00:00,1505.25,1450.445,1398.6075,1.0,175672.66217923706,102572.40204429317,-0.04060606471996431
2013-02-08 00:00:00+00:00,1512.5,1452.745,1399.35625,1.0,176518.78528224287,103066.43952299845,-0.03598516717418765
2013-02-11 00:00:00+00:00,1513.0,1454.865,1400.07125,1.0,176577.13859969153,103100.51107325398,-0.0356664845848238
2013-02-12 00:00:00+00:00,1516.25,1456.875,1400.71625,1.0,176956.4351631079,103321.97614991496,-0.033595047753958496
2013-02-13 00:00:00+00:00,1517.25,1458.93,1401.31875,1.0,177073.14179800526,103390.11925042603,-0.032957682575230574
2013-02-14 00:00:00+00:00,1518.5,1461.16,1401.91875,1.0,177219.02509162694,103475.29812606487,-0.03216097610182089
2013-02-15 00:00:00+00:00,1517.0,1463.39,1402.53625,1.0,177043.96513928095,103373.08347529825,-0.03311702386991244
2013-02-19 00:00:00+00:00,1528.0,1465.785,1403.17375,1.0,178327.7381231518,104122.65758092006,-0.02610600690390663
2013-02-20 00:00:00+00:00,1507.0,1467.665,1403.72125,1.0,175876.89879030743,102691.65247018752,-0.039490675657190666
2013-02-21 00:00:00+00:00,1501.0,1469.365,1404.29625,1.0,175176.65898092333,102282.79386712109,-0.04331486672955742
2013-02-22 00:00:00+00:00,1514.5,1471.25,1405.05625,1.0,176752.19855203756,103202.72572402058,-0.034710436816732027
2013-02-25 00:00:00+00:00,1487.25,1472.365,1405.66375,1.0,173571.94275108475,101345.82623509383,-0.05207863793706491
2013-02-26 00:00:00+00:00,1492.5,1473.67,1406.33375,1.0,174184.65258429584,101703.57751277696,-0.04873247074874387
2013-02-27 00:00:00+00:00,1515.75,1475.625,1407.1575,1.0,176898.08184565924,103287.90459965942,-0.033913730343322346
2013-02-28 00:00:00+00:00,1513.25,1477.59,1407.93625,1.0,176606.31525841588,103117.54684838175,-0.03550714329014171
2013-03-01 00:00:00+00:00,1516.5,1479.27,1408.76875,1.0,176985.61182183225,103339.01192504274,-0.033435706459276515
2013-03-04 00:00:00+00:00,1525.75,1480.87,1409.7275,1.0,178065.14819463275,103969.33560477015,-0.027540078556044123
2013-03-05 00:00:00+00:00,1537.0,1482.865,1410.77125,1.0,179378.09783722795,104735.94548551974,-0.02036972029535633
2013-03-06 00:00:00+00:00,1539.0,1484.735,1411.85375,1.0,179611.51110702264,104872.2316865419,-0.019094989937900708
2013-03-07 00:00:00+00:00,1542.75,1487.095,1413.06125,1.0,180049.16098788774,105127.76831345842,-0.016704870517671333
2013-03-08 00:00:00+00:00,1549.5,1489.69,1414.355,1.0,180836.93077344485,105587.73424190817,-0.012402655561258635
2013-03-11 00:00:00+00:00,1556.0,1492.54,1415.55625,1.0,181595.52390027765,106030.66439523017,-0.008259781899527696
2013-03-12 00:00:00+00:00,1552.5,1495.375,1416.745,1.0,181187.0506781369,105792.1635434414,-0.010490560025075202
2013-03-13 00:00:00+00:00,1556.0,1498.815,1417.94625,1.0,181595.52390027762,106030.66439523017,-0.008259781899527918
2013-03-14 00:00:00+00:00,1562.25,1501.66,1419.145,1.0,182324.94036838607,106456.55877342439,-0.0042762495324789596
2013-03-15 00:00:00+00:00,1561.25,1503.745,1420.37625,1.0,182208.23373348874,106388.41567291332,-0.004913614711206771
2013-03-18 00:00:00+00:00,1546.75,1505.61,1421.4425,1.0,180515.98752747715,105400.34071550277,-0.014155409802759977
2013-03-19 00:00:00+00:00,1542.25,1507.3,1422.61125,1.0,179990.80767043907,105093.69676320296,-0.017023553107035183
2013-03-20 00:00:00+00:00,1549.0,1509.165,1423.81,1.0,180778.5774559962,105553.66269165269,-0.012721338150622485
2013-03-21 00:00:00+00:00,1539.0,1510.9,1425.135,1.0,179611.5111070227,104872.23168654196,-0.019094989937900486
2013-03-22 00:00:00+00:00,1552.0,1512.825,1426.53,1.0,181128.69736068824,105758.09199318591,-0.010809242614439052
2013-03-25 00:00:00+00:00,1547.0,1514.425,1427.84,1.0,180545.16418620147,105417.37649063054,-0.013996068508078219
2013-03-26 00:00:00+00:00,1557.25,1516.225,1429.04875,1.0,181741.40719389933,106115.84327086905,-0.0074630754261180154
2013-03-27 00:00:00+00:00,1556.75,1518.075,1430.24875,1.0,181683.05387645066,106081.7717206135,-0.0077817580154818655
2013-03-28 00:00:00+00:00,1562.75,1520.025,1431.41875,1.0,182383.29368583477,106490.63032367996,-0.0039575669431149985
2013-04-01 00:00:00+00:00,1556.0,1521.835,1432.66375,1.0,181595.52390027765,106030.66439523021,-0.008259781899527696
2013-04-02 00:00:00+00:00,1564.5,1523.61,1433.8525,1.0,182587.53029690514,106609.88074957434,-0.0028421778803412456
2013-04-03 00:00:00+00:00,1548.5,1525.0,1435.0175,1.0,180720.22413854752,105519.59114139715,-0.013040020739986335
2013-04-04 00:00:00+00:00,1554.5,1526.3,1436.125,1.0,181420.4639479316,105928.44974446358,-0.00921582966761958
2013-04-05 00:00:00+00:00,1546.0,1527.415,1437.17625,1.0,180428.45755130413,105349.23339011945,-0.014633433686805919
2013-04-08 00:00:00+00:00,1559.25,1528.765,1438.2675,1.0,181974.82046369402,106252.12947189118,-0.006188345068662393
2013-04-09 00:00:00+00:00,1563.25,1530.115,1439.33125,1.0,182441.64700328343,106524.70187393548,-0.0036388843537511484
2013-04-10 00:00:00+00:00,1582.75,1531.83,1440.49125,1.0,184717.42638378174,107853.4923339014,0.0
2013-04-11 00:00:00+00:00,1587.75,1533.485,1441.83875,1.0,185300.95955826849,108194.20783645677,0.0
2013-04-12 00:00:00+00:00,1582.0,1535.22,1443.115,1.0,184629.89640760873,107802.38500851809,-0.0036214769327664875
2013-04-15 00:00:00+00:00,1543.5,1536.225,1444.3,1.0,180136.69096406072,105178.87563884177,-0.02786962683042038
2013-04-16 00:00:00+00:00,1568.75,1537.465,1445.56625,1.0,183083.5334952188,106899.48892674637,-0.011966619430011094
2013-04-17 00:00:00+00:00,1546.0,1538.515,1446.66875,1.0,180428.4575513041,105349.23339011945,-0.02629507164226097
2013-04-18 00:00:00+00:00,1534.0,1539.075,1447.72625,1.0,179027.9779325359,104531.51618398658,-0.03385293654542587
2013-04-19 00:00:00+00:00,1547.5,1539.89,1448.68125,1.0,180603.5175036501,105451.44804088607,-0.025350338529365524
2013-04-22 00:00:00+00:00,1556.0,1540.905,1449.67375,1.0,181595.52390027756,106030.66439523017,-0.019996850889623885
2013-04-23 00:00:00+00:00,1573.5,1542.125,1450.70125,1.0,183637.89001098118,107223.16865417393,-0.00897496457250857
2013-04-24 00:00:00+00:00,1574.0,1543.345,1451.76375,1.0,183696.24332842987,107257.24020442949,-0.008660053534876644
2013-04-25 00:00:00+00:00,1581.75,1544.655,1452.91375,1.0,184600.71974888432,107785.3492333903,-0.003778932451582784
2013-04-26 00:00:00+00:00,1576.5,1545.84,1454.05,1.0,183988.00991567323,107427.59795570716,-0.007085498346717345
2013-04-29 00:00:00+00:00,1588.25,1547.235,1455.31375,1.0,185359.3128757171,108228.27938671227,0.0
2013-04-30 00:00:00+00:00,1592.25,1548.74,1456.59375,1.0,185826.13941530653,108500.85178875657,0.0
2013-05-01 00:00:00+00:00,1577.25,1549.725,1457.83375,1.0,184075.53989184627,107478.70528109047,-0.009420631182289196
2013-05-02 00:00:00+00:00,1592.25,1551.43,1459.03625,1.0,185826.13941530653,108500.85178875657,0.0
2013-05-03 00:00:00+00:00,1608.5,1553.58,1460.34125,1.0,187722.62223238847,109608.1771720615,0.0
2013-05-06 00:00:00+00:00,1613.5,1555.56,1461.61625,1.0,188306.15540687524,109948.89267461687,0.0
2013-05-07 00:00:00+00:00,1620.5,1558.225,1462.8825,1.0,189123.10185115665,110425.89437819437,0.0
2013-05-08 00:00:00+00:00,1628.75,1560.95,1464.16625,1.0,190085.93158905982,110988.07495741075,0.0
2013-05-09 00:00:00+00:00,1624.5,1563.125,1465.4975,1.0,189589.9283907461,110698.4667802387,-0.002609363008442056
2013-05-10 00:00:00+00:00,1629.5,1565.45,1466.92625,1.0,190173.46156523284,111039.18228279406,0.0
2013-05-13 00:00:00+00:00,1630.75,1567.735,1468.4325,1.0,190319.3448588545,111124.36115843289,0.0
2013-05-14 00:00:00+00:00,1648.0,1570.18,1469.9975,1.0,192332.53431083378,112299.8296422489,0.0
2013-05-15 00:00:00+00:00,1654.25,1572.525,1471.495,1.0,193061.95077894224,112725.7240204431,0.0
2013-05-16 00:00:00+00:00,1648.0,1574.705,1472.8225,1.0,192332.5343108338,112299.8296422489,-0.003778147196614734
2013-05-17 00:00:00+00:00,1663.0,1577.11,1474.235,1.0,194083.13383429407,113321.97614991499,0.0
2013-05-20 00:00:00+00:00,1664.5,1579.41,1475.685,1.0,194258.1937866401,113424.19080068161,0.0
2013-05-21 00:00:00+00:00,1665.5,1581.6,1477.16,1.0,194374.90042153746,113492.33390119267,0.0
2013-05-22 00:00:00+00:00,1655.5,1583.66,1478.6275,1.0,193207.83407256397,112810.90289608193,-0.006004202942059389
2013-05-23 00:00:00+00:00,1650.0,1585.54,1479.9325,1.0,192565.94758062853,112436.11584327102,-0.009306514560192047
2013-05-24 00:00:00+00:00,1650.5,1587.305,1481.235,1.0,192624.30089807717,112470.18739352655,-0.009006304413089361
2013-05-28 00:00:00+00:00,1654.5,1589.17,1482.5225,1.0,193091.12743766655,112742.75979557082,-0.00660462323626565
2013-05-29 00:00:00+00:00,1647.0,1591.175,1483.76625,1.0,192215.82767593642,112231.68654173776,-0.011107775442810164
2013-05-30 00:00:00+00:00,1653.5,1593.4,1485.03125,1.0,192974.42080276922,112674.61669505974,-0.007205043530471467
2013-05-31 00:00:00+00:00,1629.0,1595.0,1486.16375,1.0,190115.1082477841,111005.11073253845,-0.021915340738517197
2013-06-03 00:00:00+00:00,1636.25,1596.945,1487.3325,1.0,190961.2313507899,111499.14821124371,-0.017562293605524193
2013-06-04 00:00:00+00:00,1631.25,1598.53,1488.48125,1.0,190377.69817630318,111158.43270868834,-0.02056439507655372
2013-06-05 00:00:00+00:00,1608.0,1599.75,1489.50375,1.0,187664.26891493978,109574.1056218059,-0.0345241669168419
2013-06-06 00:00:00+00:00,1622.75,1601.06,1490.5525,1.0,189385.6917796757,110579.21635434423,-0.025667967577304274
2013-06-07 00:00:00+00:00,1638.5,1602.695,1491.66875,1.0,191223.82127930896,111652.47018739364,-0.016211347943560606
2013-06-10 00:00:00+00:00,1642.0,1604.28,1492.805,1.0,191632.2945014497,111890.97103918239,-0.014109876913839692
2013-06-11 00:00:00+00:00,1627.0,1605.7,1493.8775,1.0,189881.69497798942,110868.8245315163,-0.023116181326929053
2013-06-12 00:00:00+00:00,1610.0,1606.61,1494.86625,1.0,187897.68218473447,109710.39182282805,-0.03332332632843005
2013-06-13 00:00:00+00:00,1636.75,1608.375,1496.05,1.0,191019.58466823856,111533.21976149926,-0.017262083458421285
2013-06-14 00:00:00+00:00,1624.25,1609.77,1497.1225,1.0,189560.7517320217,110681.43100511085,-0.02476733713599555
2013-06-17 00:00:00+00:00,1639.75,1611.645,1498.28,1.0,191369.70457293064,111737.6490630325,-0.015460822575803279
2013-06-18 00:00:00+00:00,1651.0,1613.48,1499.49625,1.0,192682.65421552584,112504.25894378209,-0.008706094265986342
2013-06-19 00:00:00+00:00,1629.5,1614.805,1500.6075,1.0,190173.4615652328,111039.18228279402,-0.021615130591414178
2013-06-20 00:00:00+00:00,1590.5,1614.96,1501.575,1.0,185621.9028042361,108381.60136286214,-0.04503152206544614
2013-06-21 00:00:00+00:00,1600.75,1615.22,1502.55375,1.0,186818.14581193394,109080.06814310062,-0.03887721404983524
2013-06-24 00:00:00+00:00,1566.25,1614.905,1503.355,1.0,182791.76690797537,106729.1311754686,-0.05959171419994014
2013-06-25 00:00:00+00:00,1581.5,1615.665,1504.245,1.0,184571.54309015995,107768.31345826248,-0.0504353047132996
2013-06-26 00:00:00+00:00,1595.5,1616.2,1505.0675,1.0,186205.43597872285,108722.3168654175,-0.0420294205944165
2013-06-27 00:00:00+00:00,1606.5,1617.41,1505.90875,1.0,187489.2089625937,109471.8909710393,-0.03542479735815107
2013-06-28 00:00:00+00:00,1599.25,1618.715,1506.7725,1.0,186643.08585958788,108977.85349233402,-0.0397778444911443
2013-07-01 00:00:00+00:00,1606.75,1619.9,1507.65375,1.0,187518.385621318,109488.92674616705,-0.035274692284599674
2013-07-02 00:00:00+00:00,1607.25,1620.925,1508.4925,1.0,187576.7389387667,109522.99829642258,-0.034974482137496654
2013-07-03 00:00:00+00:00,1609.0,1621.635,1509.25125,1.0,187780.97554983708,109642.24872231696,-0.0339237466226362
2013-07-05 00:00:00+00:00,1627.25,1622.7,1510.05875,1.0,189910.8716367137,110885.86030664404,-0.022966076253377765
2013-07-08 00:00:00+00:00,1635.5,1623.775,1510.9325,1.0,190873.70137461685,111448.0408858604,-0.018012608826178833
2013-07-09 00:00:00+00:00,1645.5,1625.155,1511.86375,1.0,192040.76772359037,112129.47189097115,-0.012008405884119333
2013-07-10 00:00:00+00:00,1648.5,1626.36,1512.80875,1.0,192390.8876282824,112333.90119250437,-0.01020714500150155
2013-07-11 00:00:00+00:00,1670.0,1627.915,1513.85625,1.0,194900.08027857545,113798.97785349247,0.0
2013-07-12 00:00:00+00:00,1670.25,1629.775,1514.86625,1.0,194929.2569372998,113816.01362862023,0.0
2013-07-15 00:00:00+00:00,1677.5,1631.48,1515.99625,1.0,195775.38004030558,114310.0511073255,0.0
2013-07-16 00:00:00+00:00,1671.25,1632.735,1517.16625,1.0,195045.96357219716,113884.1567291313,-0.0037257824143068774
2013-07-17 00:00:00+00:00,1675.5,1633.975,1518.40875,1.0,195541.9667705109,114173.76490630338,-0.0011922503725781963
2013-07-18 00:00:00+00:00,1680.5,1635.175,1519.60625,1.0,196125.49994499763,114514.48040885874,0.0
2013-07-19 00:00:00+00:00,1689.5,1636.39,1520.8825,1.0,197175.8596590738,115127.7683134584,0.0
2013-07-22 00:00:00+00:00,1690.25,1637.705,1522.14875,1.0,197263.3896352468,115178.87563884168,0.0
2013-07-23 00:00:00+00:00,1688.25,1638.88,1523.385,1.0,197029.9763654521,115042.58943781954,-0.0011832569146575933
2013-07-24 00:00:00+00:00,1683.75,1639.94,1524.58,1.0,196504.796508414,114735.94548551971,-0.003845584972637317
2013-07-25 00:00:00+00:00,1684.0,1640.66,1525.72125,1.0,196533.97316713835,114752.98126064747,-0.003697677858304993
2013-07-26 00:00:00+00:00,1686.5,1641.305,1526.87625,1.0,196825.73975438174,114923.33901192517,-0.0022186067149829736
2013-07-29 00:00:00+00:00,1682.5,1641.995,1528.04,1.0,196358.91321479232,114650.7666098809,-0.004585120544298271
2013-07-30 00:00:00+00:00,1684.75,1642.43,1529.28375,1.0,196621.50314331136,114804.08858603082,-0.003253956515308465
2013-07-31 00:00:00+00:00,1680.5,1642.75,1530.555,1.0,196125.4999449976,114514.48040885874,-0.0057683774589559755
2013-08-01 00:00:00+00:00,1700.25,1643.445,1531.91375,1.0,198430.4559842203,115860.30664395244,0.0
2013-08-02 00:00:00+00:00,1704.0,1644.415,1533.32625,1.0,198868.10586508535,116115.84327086895,0.0
2013-08-05 00:00:00+00:00,1702.5,1645.465,1534.66125,1.0,198693.0459127393,116013.62862010233,-0.0008802816901409827
2013-08-06 00:00:00+00:00,1694.0,1646.335,1535.885,1.0,197701.03951611184,115434.41226575822,-0.005868544600938996
2013-08-07 00:00:00+00:00,1688.25,1647.01,1537.04125,1.0,197029.97636545208,115042.58943781954,-0.009242957746478875
2013-08-08 00:00:00+00:00,1693.75,1647.945,1538.2525,1.0,197671.8628573875,115417.37649063044,-0.0060152582159624934
2013-08-09 00:00:00+00:00,1686.25,1648.6,1539.56375,1.0,196796.56309565736,114906.30323679738,-0.01041666666666674
2013-08-12 00:00:00+00:00,1687.0,1649.76,1540.84875,1.0,196884.0930718304,114957.4105621807,-0.00997652582159625
2013-08-13 00:00:00+00:00,1690.75,1650.85,1542.26875,1.0,197321.74295269544,115212.94718909722,-0.007775821596244237
2013-08-14 00:00:00+00:00,1682.0,1651.865,1543.6525,1.0,196300.55989734363,114616.69505962533,-0.012910798122065748
2013-08-15 00:00:00+00:00,1655.75,1652.82,1544.89,1.0,193237.01073128817,112827.93867120966,-0.028315727699530613
2013-08-16 00:00:00+00:00,1651.0,1653.385,1546.1075,1.0,192682.65421552575,112504.25894378207,-0.031103286384976614
2013-08-19 00:00:00+00:00,1645.0,1653.515,1547.29875,1.0,191982.41440614164,112095.40034071561,-0.03462441314553999
2013-08-20 00:00:00+00:00,1650.5,1653.685,1548.435,1.0,192624.30089807708,112470.18739352652,-0.0313967136150235
2013-08-21 00:00:00+00:00,1636.5,1653.875,1549.59,1.0,190990.40800951415,111516.18398637148,-0.039612676056338225
2013-08-22 00:00:00+00:00,1654.75,1654.77,1550.80375,1.0,193120.3040963908,112759.79557069857,-0.02890258215962449
2013-08-23 00:00:00+00:00,1661.5,1655.265,1551.985,1.0,193908.07388194793,113219.76149914831,-0.024941314553990734
2013-08-26 00:00:00+00:00,1654.25,1655.865,1553.31125,1.0,193061.95077894212,112725.72402044303,-0.029196009389671596
2013-08-27 00:00:00+00:00,1628.25,1655.635,1554.57625,1.0,190027.578271611,110954.0034071551,-0.04445422535211285
2013-08-28 00:00:00+00:00,1632.25,1655.26,1555.85875,1.0,190494.40481120042,111226.5758091994,-0.04210680751173723
2013-08-29 00:00:00+00:00,1636.75,1655.405,1557.15125,1.0,191019.5846682385,111533.21976149923,-0.03946596244131473
2013-08-30 00:00:00+00:00,1631.25,1656.22,1558.4525,1.0,190377.6981763031,111158.43270868834,-0.042693661971831
2013-09-03 00:00:00+00:00,1639.0,1656.985,1559.8825,1.0,191282.17459675754,111686.54173764915,-0.038145539906103365
2013-09-04 00:00:00+00:00,1653.5,1658.73,1561.39375,1.0,192974.4208027691,112674.61669505971,-0.029636150234741976
2013-09-05 00:00:00+00:00,1653.0,1660.16,1562.86,1.0,192916.06748532044,112640.54514480417,-0.02992957746478886
2013-09-06 00:00:00+00:00,1653.5,1661.32,1564.215,1.0,192974.4208027691,112674.6166950597,-0.029636150234741976
2013-09-09 00:00:00+00:00,1669.0,1662.57,1565.62875,1.0,194783.37364367803,113730.83475298133,-0.020539906103286598
2013-09-10 00:00:00+00:00,1682.5,1664.235,1567.1,1.0,196358.91321479224,114650.76660988081,-0.012617370892019197
2013-09-11 00:00:00+00:00,1688.75,1665.875,1568.5175,1.0,197088.3296829007,115076.660988075,-0.008949530516432325
2013-09-12 00:00:00+00:00,1685.0,1667.43,1569.92625,1.0,196650.67980203562,114821.12436115848,-0.011150234741784337
2013-09-13 00:00:00+00:00,1688.5,1669.02,1571.38125,1.0,197059.1530241763,115059.62521294724,-0.009096244131455933
2013-09-16 00:00:00+00:00,1698.0,1670.435,1572.83625,1.0,198167.86605570116,115706.98466780245,-0.0035211267605638197
2013-09-17 00:00:00+00:00,1705.0,1671.825,1574.2825,1.0,198984.81249998263,116183.98637137997,0.0
2013-09-18 00:00:00+00:00,1724.5,1673.405,1575.8325,1.0,201260.59188048093,117512.7768313459,0.0
2013-09-19 00:00:00+00:00,1724.25,1674.92,1577.41875,1.0,201231.41522175662,117495.74105621812,-0.00014496955639309306
2013-09-20 00:00:00+00:00,1726.75,1676.055,1579.025,1.0,201523.18180899997,117666.09880749581,0.0
2013-09-23 00:00:00+00:00,1692.75,1676.505,1580.4475,1.0,197555.15622249004,115349.2333901193,-0.019690169393369095
2013-09-24 00:00:00+00:00,1692.5,1676.805,1581.845,1.0,197525.9795637657,115332.19761499154,-0.019834950050673372
2013-09-25 00:00:00+00:00,1685.75,1677.095,1583.19375,1.0,196738.20977820858,114872.2316865418,-0.023744027797886313
2013-09-26 00:00:00+00:00,1692.5,1677.435,1584.555,1.0,197525.9795637657,115332.19761499154,-0.019834950050673372
2013-09-27 00:00:00+00:00,1686.5,1677.555,1585.83,1.0,196825.7397543816,114923.33901192511,-0.023309685825973814
2013-09-30 00:00:00+00:00,1674.25,1677.25,1587.065,1.0,195396.08347688906,114088.58603066445,-0.030403938033878752
2013-10-01 00:00:00+00:00,1689.5,1677.235,1588.4225,1.0,197175.85965907364,115127.76831345832,-0.021572317938323593
2013-10-02 00:00:00+00:00,1683.0,1677.13,1589.7625,1.0,196417.26653224084,114684.83816013635,-0.02533661502823248
2013-10-03 00:00:00+00:00,1669.75,1676.85,1590.94875,1.0,194870.90361985096,113781.94207836463,-0.033009989865354195
2013-10-04 00:00:00+00:00,1684.75,1676.865,1592.14375,1.0,196621.5031433112,114804.08858603073,-0.024323150427103313
2013-10-07 00:00:00+00:00,1667.75,1676.49,1593.29625,1.0,194637.49035005624,113645.65587734248,-0.03416823512378775
2013-10-08 00:00:00+00:00,1650.5,1675.85,1594.32125,1.0,192624.30089807697,112470.18739352647,-0.04415810047777635
2013-10-09 00:00:00+00:00,1648.75,1675.13,1595.44125,1.0,192420.0642870066,112350.9369676321,-0.04517156507890563
2013-10-10 00:00:00+00:00,1685.0,1675.22,1596.7675,1.0,196650.67980203553,114821.1243611585,-0.024178369769799035
2013-10-11 00:00:00+00:00,1699.0,1675.195,1598.195,1.0,198284.57269059843,115775.12776831351,-0.01607065296076471
2013-10-14 00:00:00+00:00,1704.25,1675.2,1599.6625,1.0,198897.28252380952,116132.87904599665,-0.013030259157376878
2013-10-15 00:00:00+00:00,1692.0,1674.99,1601.2025,1.0,197467.626246317,115298.12606473599,-0.020124511365281816
2013-10-16 00:00:00+00:00,1713.25,1675.375,1602.66875,1.0,199947.64223788568,116746.1669505963,-0.007818155494426215
2013-10-17 00:00:00+00:00,1727.75,1676.165,1604.0225,1.0,201639.88844389727,117734.24190800685,0.0
2013-10-18 00:00:00+00:00,1736.5,1677.02,1605.4375,1.0,202661.07149924908,118330.49403747875,0.0
2013-10-21 00:00:00+00:00,1738.25,1678.06,1606.84,1.0,202865.30811031946,118449.74446337314,0.0
2013-10-22 00:00:00+00:00,1749.5,1679.31,1608.30875,1.0,204178.25775291468,119216.3543441227,0.0
2013-10-23 00:00:00+00:00,1741.75,1680.33,1609.75625,1.0,203273.7813324602,118688.24531516187,-0.004429837096313283
2013-10-24 00:00:00+00:00,1748.5,1681.66,1611.22,1.0,204061.55111801732,119148.21124361161,-0.0005715918833952838
2013-10-25 00:00:00+00:00,1754.0,1683.625,1612.655,1.0,204703.4376099527,119522.9982964225,0.0
2013-10-28 00:00:00+00:00,1759.0,1685.785,1614.11375,1.0,205286.9707844395,119863.71379897789,0.0
2013-10-29 00:00:00+00:00,1767.5,1688.235,1615.63,1.0,206278.97718106696,120442.930153322,0.0
2013-10-30 00:00:00+00:00,1760.5,1690.435,1617.10625,1.0,205462.0307367855,119965.92844974448,-0.003960396039603964
2013-10-31 00:00:00+00:00,1751.0,1692.725,1618.53375,1.0,204353.31770526068,119318.56899488928,-0.009335219236209391
2013-11-01 00:00:00+00:00,1754.75,1694.725,1619.92875,1.0,204790.96758612574,119574.10562180582,-0.007213578500707252
2013-11-04 00:00:00+00:00,1763.0,1696.755,1621.34875,1.0,205753.7973240289,120136.28620102219,-0.0025459688826023896
2013-11-05 00:00:00+00:00,1756.5,1698.8,1622.68375,1.0,204995.20419719612,119693.35604770022,-0.00622347949080615
2013-11-06 00:00:00+00:00,1765.5,1701.545,1624.06,1.0,206045.5639112723,120306.64395229987,-0.0011315417256009264
2013-11-07 00:00:00+00:00,1745.25,1703.805,1625.3275,1.0,203682.25455460095,118926.74616695063,-0.012588401697312457
2013-11-08 00:00:00+00:00,1766.0,1706.39,1626.67875,1.0,206103.917228721,120340.71550255541,-0.0008486562942006115
2013-11-11 00:00:00+00:00,1767.5,1709.115,1628.03125,1.0,206278.977181067,120442.93015332201,0.0
2013-11-12 00:00:00+00:00,1765.0,1711.635,1629.33125,1.0,205987.21059382363,120272.57240204432,-0.0014144271570013522
2013-11-13 00:00:00+00:00,1778.75,1714.14,1630.74875,1.0,207591.92682366222,121209.54003407159,0.0
2013-11-14 00:00:00+00:00,1787.75,1716.835,1632.22125,1.0,208642.28653773834,121822.82793867122,0.0
2013-11-15 00:00:00+00:00,1793.5,1719.635,1633.655,1.0,209313.3496883981,122214.6507666099,0.0
2013-11-18 00:00:00+00:00,1788.75,1722.03,1635.13125,1.0,208758.99317263567,121890.97103918232,-0.002648452746027319
2013-11-19 00:00:00+00:00,1785.25,1724.085,1636.5275,1.0,208350.51995049496,121652.47018739356,-0.0045999442431000626
2013-11-20 00:00:00+00:00,1779.75,1725.905,1637.8925,1.0,207708.63345855952,121277.68313458265,-0.007666573738500215
2013-11-21 00:00:00+00:00,1793.75,1728.08,1639.335,1.0,209342.52634712242,122231.68654173768,0.0
2013-11-22 00:00:00+00:00,1801.25,1730.335,1640.77875,1.0,210217.82610885258,122742.75979557075,0.0
2013-11-25 00:00:00+00:00,1802.5,1732.425,1642.22625,1.0,210363.70940247425,122827.93867120957,0.0
2013-11-26 00:00:00+00:00,1802.0,1734.365,1643.655,1.0,210305.35608502556,122793.86712095403,-0.0002773925104022634
2013-11-27 00:00:00+00:00,1804.25,1735.96,1645.09,1.0,210567.94601354457,122947.18909710394,0.0
2013-11-29 00:00:00+00:00,1804.0,1737.555,1646.5175,1.0,210538.76935482022,122930.15332197616,-0.00013856172925041932
2013-12-02 00:00:00+00:00,1799.75,1739.015,1647.93125,1.0,210042.76615650652,122640.54514480411,-0.0024941111265067706
2013-12-03 00:00:00+00:00,1791.5,1740.99,1649.24875,1.0,209079.93641860338,122078.36456558776,-0.007066648191769276
2013-12-04 00:00:00+00:00,1791.75,1742.975,1650.6725,1.0,209109.11307732775,122095.40034071553,-0.0069280864625187455
2013-12-05 00:00:00+00:00,1784.0,1744.94,1652.0875,1.0,208204.63665687328,121567.29131175473,-0.011223500069280634
2013-12-06 00:00:00+00:00,1805.0,1747.19,1653.54,1.0,210655.47598971764,122998.29642248727,0.0
2013-12-09 00:00:00+00:00,1809.0,1749.64,1655.14875,1.0,211122.30252930702,123270.86882453156,0.0
2013-12-10 00:00:00+00:00,1803.0,1752.215,1656.70125,1.0,210422.06271992292,122862.01022146513,-0.0033167495854062867
2013-12-11 00:00:00+00:00,1780.75,1754.04,1658.02625,1.0,207825.34009345688,121345.82623509373,-0.015616362631287961
2013-12-12 00:00:00+00:00,1775.0,1755.88,1659.335,1.0,207154.27694279712,120954.00340715505,-0.01879491431730229
2013-12-13 00:00:00+00:00,1774.75,1757.98,1660.62625,1.0,207125.10028407277,120936.96763202728,-0.018933112216694248
2013-12-16 00:00:00+00:00,1786.5,1760.015,1661.93,1.0,208496.40324411663,121737.6490630324,-0.01243781094527363
2013-12-17 00:00:00+00:00,1779.25,1762.245,1663.14125,1.0,207650.28014111085,121243.61158432711,-0.01644555002763959
2013-12-18 00:00:00+00:00,1810.75,1765.45,1664.5,1.0,211326.5391403774,123390.11925042591,0.0
2013-12-19 00:00:00+00:00,1808.5,1768.645,1665.82875,1.0,211063.94921185836,123236.79727427602,-0.001242579041833447
2013-12-20 00:00:00+00:00,1810.25,1771.15,1667.1325,1.0,211268.18582292873,123356.04770017038,-0.0002761286759629389
2013-12-23 00:00:00+00:00,1822.75,1773.625,1668.46625,1.0,212727.01875914563,124207.83645655881,0.0
2013-12-24 00:00:00+00:00,1829.0,1776.12,1669.84875,1.0,213456.43522725411,124633.73083475305,0.0
2013-12-26 00:00:00+00:00,1836.5,1779.01,1671.25125,1.0,214331.73498898424,125144.8040885861,0.0
2013-12-27 00:00:00+00:00,1836.5,1781.475,1672.6225,1.0,214331.73498898424,125144.8040885861,0.0
2013-12-30 00:00:00+00:00,1834.75,1783.615,1673.99,1.0,214127.49837791393,125025.55366269173,-0.0009528995371628213
2013-12-31 00:00:00+00:00,1841.0,1785.705,1675.46125,1.0,214856.91484602235,125451.44804088592,0.0
2014-01-02 00:00:00+00:00,1826.5,1787.47,1676.8825,1.0,213164.6686400108,124463.37308347537,-0.007876154263986912
2014-01-03 00:00:00+00:00,1825.5,1788.99,1678.265,1.0,213047.96200511343,124395.2299829643,-0.008419337316675657
2014-01-06 00:00:00+00:00,1820.75,1790.57,1679.67375,1.0,212493.605489351,124071.55025553671,-0.010999456816947362
2014-01-07 00:00:00+00:00,1830.75,1792.215,1681.0675,1.0,213660.67183832455,124752.98126064744,-0.00556762629005958
2014-01-08 00:00:00+00:00,1832.5,1793.785,1682.495,1.0,213864.90844939492,124872.23168654183,-0.004617055947854221
2014-01-09 00:00:00+00:00,1833.0,1795.265,1683.87375,1.0,213923.2617668436,124906.30323679736,-0.004345464421509737
2014-01-10 00:00:00+00:00,1837.75,1796.67,1685.27875,1.0,214477.61828260604,125229.98296422497,-0.0017653449212381433
2014-01-13 00:00:00+00:00,1815.0,1797.76,1686.54,1.0,211822.5423386913,123679.72742759805,-0.014122759369907367
2014-01-14 00:00:00+00:00,1833.0,1799.4,1687.925,1.0,213923.26176684359,124906.30323679736,-0.004345464421509848
2014-01-15 00:00:00+00:00,1841.5,1801.135,1689.31,1.0,214915.26816347105,125485.51959114149,0.0
2014-01-16 00:00:00+00:00,1836.25,1802.6,1690.74875,1.0,214302.55833025993,125127.76831345835,-0.002850936736356391
2014-01-17 00:00:00+00:00,1834.25,1804.155,1692.1475,1.0,214069.1450604652,124991.4821124362,-0.003937007874015963
2014-01-21 00:00:00+00:00,1838.5,1805.615,1693.61,1.0,214565.14825877897,125281.09028960827,-0.0016291067064894138
2014-01-22 00:00:00+00:00,1838.5,1807.48,1695.00625,1.0,214565.14825877897,125281.09028960827,-0.0016291067064894138
2014-01-23 00:00:00+00:00,1824.25,1808.645,1696.31125,1.0,212902.0787114917,124310.05110732547,-0.009367363562313602
2014-01-24 00:00:00+00:00,1782.0,1808.935,1697.3075,1.0,207971.22338707864,121431.00511073261,-0.0323106163453708
2014-01-27 00:00:00+00:00,1775.75,1809.15,1698.2475,1.0,207241.8069189702,121005.11073253841,-0.03570458865055681
2014-01-28 00:00:00+00:00,1788.25,1809.34,1699.27875,1.0,208700.63985518707,121856.89948892684,-0.028916644040184902
2014-01-29 00:00:00+00:00,1771.25,1809.01,1700.4175,1.0,206716.62706193211,120698.4667802386,-0.038148248710290766
2014-01-30 00:00:00+00:00,1781.25,1808.765,1701.48,1.0,207883.69341090563,121379.89778534933,-0.03271789302199313
2014-01-31 00:00:00+00:00,1776.5,1808.52,1702.6325,1.0,207329.3368951432,121056.21805792172,-0.0352973119739346
2014-02-03 00:00:00+00:00,1732.75,1807.47,1703.62625,1.0,202223.4216183841,118074.95741056226,-0.05905511811023656
2014-02-04 00:00:00+00:00,1743.75,1806.75,1704.6075,1.0,203507.19460225495,118824.53151618406,-0.05308172685310919
2014-02-05 00:00:00+00:00,1744.0,1805.755,1705.5475,1.0,203536.37126097927,118841.56729131183,-0.052945967960901896
2014-02-06 00:00:00+00:00,1766.5,1805.06,1706.5125,1.0,206162.2705461697,120374.78705281099,-0.040727667662232125
2014-02-07 00:00:00+00:00,1793.5,1804.88,1707.61,1.0,209313.3496883982,122214.65076660998,-0.02606570730382851
2014-02-10 00:00:00+00:00,1794.75,1804.735,1708.675,1.0,209459.23298201986,122299.82964224882,-0.025386912842791376
2014-02-11 00:00:00+00:00,1813.5,1804.92,1709.86,1.0,211647.4823863452,123577.51277683144,-0.015204995927233456
2014-02-12 00:00:00+00:00,1817.0,1805.18,1711.00375,1.0,212055.9556084859,123816.01362862017,-0.013304371436329343
2014-02-13 00:00:00+00:00,1824.25,1805.67,1712.16375,1.0,212902.07871149175,124310.05110732547,-0.00936736356231338
2014-02-14 00:00:00+00:00,1835.0,1806.54,1713.4525,1.0,214156.67503663825,125042.5894378195,-0.0035297311973935264
2014-02-18 00:00:00+00:00,1837.5,1807.455,1714.67875,1.0,214448.44162388166,125212.94718909719,-0.0021721422753189223
2014-02-19 00:00:00+00:00,1825.5,1808.285,1715.76375,1.0,213047.96200511346,124395.2299829643,-0.008688569101276022
2014-02-20 00:00:00+00:00,1836.25,1808.91,1716.8775,1.0,214302.55833026,125127.76831345835,-0.002850936736355947
2014-02-21 00:00:00+00:00,1834.25,1809.415,1717.94625,1.0,214069.1450604653,124991.4821124362,-0.003937007874015519
2014-02-24 00:00:00+00:00,1846.0,1810.275,1719.0325,1.0,215440.44802050915,125792.16354344132,0.0
2014-02-25 00:00:00+00:00,1846.25,1811.585,1720.14125,1.0,215469.6246792335,125809.19931856908,0.0
2014-02-26 00:00:00+00:00,1842.0,1812.925,1721.20375,1.0,214973.62148091974,125519.59114139702,-0.002301963439404253
2014-02-27 00:00:00+00:00,1854.0,1814.51,1722.32,1.0,216374.10109968792,126337.30834752989,0.0
2014-02-28 00:00:00+00:00,1857.5,1815.93,1723.3675,1.0,216782.57432182867,126575.80919931865,0.0
2014-03-03 00:00:00+00:00,1843.0,1817.205,1724.31125,1.0,215090.32811581704,125587.73424190808,-0.00780619111709302
2014-03-04 00:00:00+00:00,1871.5,1818.42,1725.42875,1.0,218416.4672103915,127529.81260647367,0.0
2014-03-05 00:00:00+00:00,1872.5,1819.7,1726.47625,1.0,218533.17384528884,127597.95570698474,0.0
2014-03-06 00:00:00+00:00,1876.25,1821.02,1727.535,1.0,218970.82372615387,127853.49233390126,0.0
2014-03-07 00:00:00+00:00,1878.0,1822.125,1728.5975,1.0,219175.06033722428,127972.74275979567,0.0
2014-03-10 00:00:00+00:00,1877.25,1823.09,1729.70625,1.0,219087.53036105123,127921.63543441235,-0.0003993610223643751
2014-03-11 00:00:00+00:00,1865.25,1823.665,1730.7825,1.0,217687.05074228306,127103.91822827946,-0.006789137380191712
2014-03-12 00:00:00+00:00,1867.75,1824.29,1731.86875,1.0,217978.8173295264,127274.27597955716,-0.005457933972311091
2014-03-13 00:00:00+00:00,1846.75,1824.53,1732.83,1.0,215527.97799668205,125843.2708688246,-0.016640042598509153
2014-03-14 00:00:00+00:00,1840.0,1824.51,1733.795,1.0,214740.20821112493,125383.30494037486,-0.020234291799787085
2014-03-17 00:00:00+00:00,1857.75,1825.135,1734.81625,1.0,216811.7509805529,126592.8449744464,-0.01078274760383402
2014-03-18 00:00:00+00:00,1870.75,1826.04,1736.025,1.0,218328.93723421844,127478.70528109036,-0.0038604898828543677
2014-03-19 00:00:00+00:00,1859.75,1826.82,1737.1425,1.0,217045.16425034756,126729.13117546853,-0.009717784877529612
2014-03-20 00:00:00+00:00,1873.75,1827.68,1738.355,1.0,218679.05713891046,127683.13458262356,-0.0022630457933975334
2014-03-21 00:00:00+00:00,1881.75,1828.665,1739.72375,1.0,219612.71021808928,128228.27938671218,0.0
2014-03-24 00:00:00+00:00,1849.5,1828.995,1740.8575,1.0,215848.92124264973,126030.66439523005,-0.01713830211239542
2014-03-25 00:00:00+00:00,1859.25,1829.425,1741.96125,1.0,216986.81093289886,126695.05962521302,-0.011956954962136446
2014-03-26 00:00:00+00:00,1842.5,1829.975,1742.96375,1.0,215031.97479836823,125553.66269165253,-0.020858243656171283
2014-03-27 00:00:00+00:00,1840.5,1830.125,1744.03125,1.0,214798.56152857354,125417.37649063038,-0.02192108409725002
2014-03-28 00:00:00+00:00,1850.5,1830.305,1745.23375,1.0,215965.6278775471,126098.80749574114,-0.016606881891855996
2014-03-31 00:00:00+00:00,1864.5,1830.87,1746.3725,1.0,217599.52076610998,127052.81090289618,-0.009166998804304494
2014-04-01 00:00:00+00:00,1877.75,1831.74,1747.64,1.0,219145.88367849984,127955.7069846679,-0.002125680882157699
2014-04-02 00:00:00+00:00,1883.0,1832.63,1748.85625,1.0,219758.59351171096,128313.45826235104,0.0
2014-04-03 00:00:00+00:00,1883.0,1833.52,1750.01625,1.0,219758.59351171096,128313.45826235104,0.0
2014-04-04 00:00:00+00:00,1860.0,1834.235,1751.16875,1.0,217074.3409090719,126746.16695059635,-0.01221455124800852
2014-04-07 00:00:00+00:00,1838.0,1835.355,1752.40625,1.0,214506.79494133018,125247.01873935273,-0.023898035050451405
2014-04-08 00:00:00+00:00,1845.0,1836.74,1753.6275,1.0,215323.74138561165,125724.02044293022,-0.020180562931492285
2014-04-09 00:00:00+00:00,1864.75,1838.27,1755.12,1.0,217628.69742483436,127069.84667802394,-0.009691980881571749
2014-04-10 00:00:00+00:00,1827.0,1839.385,1756.3475,1.0,213223.02195745934,124497.44463373092,-0.029739776951672847
2014-04-11 00:00:00+00:00,1811.75,1839.995,1757.42875,1.0,211443.24577527476,123458.26235093705,-0.03783855549654802
2014-04-14 00:00:00+00:00,1824.5,1840.955,1758.51875,1.0,212931.25537021598,124327.08688245322,-0.031067445565586715
2014-04-15 00:00:00+00:00,1839.5,1843.09,1759.72,1.0,214681.85489367624,125349.23339011932,-0.02310143388210295
2014-04-16 00:00:00+00:00,1852.75,1845.27,1760.95,1.0,216228.21780606612,126252.12947189104,-0.01606479022835894
2014-04-17 00:00:00+00:00,1858.0,1847.55,1762.20375,1.0,216840.9276392772,126609.88074957418,-0.013276686139139682
2014-04-21 00:00:00+00:00,1864.5,1849.51,1763.48125,1.0,217599.52076610993,127052.81090289615,-0.009824747742963602
2014-04-22 00:00:00+00:00,1874.0,1851.12,1764.715,1.0,218708.2337976348,127700.17035775137,-0.004779607010090281
2014-04-23 00:00:00+00:00,1873.0,1852.685,1765.9025,1.0,218591.52716273745,127632.0272572403,-0.005310674455655917
2014-04-24 00:00:00+00:00,1873.0,1853.875,1767.04,1.0,218591.52716273745,127632.0272572403,-0.005310674455655917
2014-04-25 00:00:00+00:00,1860.0,1854.735,1768.0975,1.0,217074.3409090719,126746.16695059635,-0.01221455124800852
2014-04-28 00:00:00+00:00,1866.0,1855.57,1769.0775,1.0,217774.58071845598,127155.02555366278,-0.009028146574615037
2014-04-29 00:00:00+00:00,1871.75,1856.305,1770.085,1.0,218445.64386911577,127546.84838160146,-0.005974508762612851
2014-04-30 00:00:00+00:00,1878.0,1857.115,1771.0875,1.0,219175.06033722422,127972.74275979568,-0.0026553372278278475
2014-05-01 00:00:00+00:00,1877.75,1858.16,1772.12,1.0,219145.8836784999,127955.70698466792,-0.0027881040892192566
2014-05-02 00:00:00+00:00,1874.5,1858.925,1773.115,1.0,218766.5871150835,127734.24190800692,-0.004514073287307352
2014-05-05 00:00:00+00:00,1875.75,1859.755,1774.09125,1.0,218912.47040870518,127819.42078364576,-0.003850238980350418
2014-05-06 00:00:00+00:00,1864.25,1860.12,1774.965,1.0,217570.34410738564,127035.77512776843,-0.009957514604354789
2014-05-07 00:00:00+00:00,1874.25,1860.68,1775.885,1.0,218737.41045635918,127717.20613287916,-0.004646840148698761
2014-05-08 00:00:00+00:00,1872.25,1861.285,1776.805,1.0,218503.99718656446,127580.919931857,-0.005708975039830033
2014-05-09 00:00:00+00:00,1873.5,1861.675,1777.75375,1.0,218649.88048018614,127666.09880749584,-0.005045140732872988
2014-05-12 00:00:00+00:00,1892.75,1862.38,1778.7975,1.0,220896.48320196016,128977.85349233402,0.0
2014-05-13 00:00:00+00:00,1894.25,1863.405,1779.83625,1.0,221071.54315430622,129080.06814310065,0.0
2014-05-14 00:00:00+00:00,1885.25,1863.68,1780.85,1.0,220021.18344023006,128466.78023850097,-0.004751220799788847
2014-05-15 00:00:00+00:00,1867.25,1863.575,1781.7625,1.0,217920.46401207778,127240.20442930167,-0.014253662399366429
2014-05-16 00:00:00+00:00,1874.75,1863.545,1782.73375,1.0,218795.76377380788,127751.27768313473,-0.010294311732875872
2014-05-19 00:00:00+00:00,1882.25,1863.63,1783.64375,1.0,219671.06353553804,128262.35093696778,-0.006334961066384981
2014-05-20 00:00:00+00:00,1868.0,1863.445,1784.46375,1.0,218007.99398825076,127291.31175468498,-0.013857727332717396
2014-05-21 00:00:00+00:00,1885.0,1863.84,1785.37625,1.0,219992.00678150568,128449.74446337322,-0.004883199155338747
2014-05-22 00:00:00+00:00,1890.25,1864.29,1786.3575,1.0,220604.71661471674,128807.49574105637,-0.0021116536887954007
2014-05-23 00:00:00+00:00,1897.0,1865.295,1787.40125,1.0,221392.48640027386,129267.46166950613,0.0
2014-05-27 00:00:00+00:00,1909.25,1866.68,1788.47875,1.0,222822.1426777664,130102.21465076676,0.0
2014-05-28 00:00:00+00:00,1909.0,1867.705,1789.5925,1.0,222792.96601904207,130085.178875639,-0.0001309414691631483
2014-05-29 00:00:00+00:00,1918.0,1868.65,1790.7475,1.0,223843.32573311822,130698.46678023864,0.0
2014-05-30 00:00:00+00:00,1921.5,1869.885,1791.90125,1.0,224251.79895525894,130936.9676320274,0.0
2014-06-02 00:00:00+00:00,1921.75,1870.845,1793.1,1.0,224280.9756139833,130954.00340715518,0.0
2014-06-03 00:00:00+00:00,1922.0,1871.65,1794.43125,1.0,224310.1522727076,130971.03918228293,0.0
2014-06-04 00:00:00+00:00,1925.75,1873.175,1795.805,1.0,224747.80215357267,131226.57580919945,0.0
2014-06-05 00:00:00+00:00,1938.5,1874.76,1797.2725,1.0,226235.8117485139,132095.40034071563,0.0
2014-06-06 00:00:00+00:00,1949.25,1876.895,1798.76625,1.0,227490.4080736604,132827.93867120965,0.0
2014-06-09 00:00:00+00:00,1950.25,1879.09,1800.335,1.0,227607.11470855775,132896.08177172075,0.0
2014-06-10 00:00:00+00:00,1950.5,1881.09,1801.81375,1.0,227636.29136728207,132913.11754684852,0.0
2014-06-11 00:00:00+00:00,1944.0,1882.68,1803.22625,1.0,226877.69824044927,132470.18739352655,-0.0033324788515766146
2014-06-12 00:00:00+00:00,1930.5,1883.735,1804.6075,1.0,225302.15866933507,131550.25553662705,-0.010253781081773883
2014-06-13 00:00:00+00:00,1935.75,1884.79,1806.145,1.0,225914.86850254613,131908.00681431015,-0.007562163547808365
2014-06-16 00:00:00+00:00,1936.5,1885.86,1807.66625,1.0,226002.39847871917,131959.11413969347,-0.007177646757241751
2014-06-17 00:00:00+00:00,1941.5,1887.49,1809.19,1.0,226585.93165320592,132299.82964224883,-0.004614201486798253
2014-06-18 00:00:00+00:00,1957.0,1889.87,1810.81875,1.0,228394.88449411487,133356.0477001705,0.0
2014-06-19 00:00:00+00:00,1958.5,1892.14,1812.41625,1.0,228569.94444646087,133458.2623509371,0.0
2014-06-20 00:00:00+00:00,1968.0,1894.205,1813.98875,1.0,229678.65747798572,134105.6218057923,0.0
2014-06-23 00:00:00+00:00,1953.0,1896.725,1815.48875,1.0,227928.05795452543,133083.4752981262,-0.007621951219512368
2014-06-24 00:00:00+00:00,1943.25,1899.355,1816.9375,1.0,226790.16826427626,132419.08006814323,-0.01257621951219523
2014-06-25 00:00:00+00:00,1949.5,1901.855,1818.34,1.0,227519.58473238468,132844.97444633744,-0.009400406504065262
2014-06-26 00:00:00+00:00,1948.75,1904.04,1819.67125,1.0,227432.0547562117,132793.86712095412,-0.009781504065040747
2014-06-27 00:00:00+00:00,1952.0,1906.025,1820.9875,1.0,227811.3513196281,133015.33219761512,-0.008130081300813052
2014-06-30 00:00:00+00:00,1952.5,1907.915,1822.325,1.0,227869.7046370768,133049.40374787067,-0.007876016260162544
2014-07-01 00:00:00+00:00,1965.75,1909.94,1823.71125,1.0,229416.0675494667,133952.29982964238,-0.0011432926829266776
2014-07-02 00:00:00+00:00,1967.75,1911.815,1825.06,1.0,229649.48081926137,134088.5860306645,-0.00012703252032519874
2014-07-03 00:00:00+00:00,1977.5,1913.905,1826.4225,1.0,230787.37050951054,134752.98126064747,0.0
2014-07-07 00:00:00+00:00,1971.0,1915.865,1827.655,1.0,230028.77738267774,134310.0511073255,-0.003286978508217575
2014-07-08 00:00:00+00:00,1960.5,1917.875,1828.83625,1.0,228803.35771625556,133594.54855195922,-0.008596713021491897
2014-07-09 00:00:00+00:00,1967.25,1919.9,1830.03875,1.0,229591.12750181262,134054.51448040898,-0.00518331226295865
2014-07-10 00:00:00+00:00,1957.75,1921.62,1831.36375,1.0,228482.4144702878,133407.15502555377,-0.00998735777496873
2014-07-11 00:00:00+00:00,1962.5,1923.31,1832.71375,1.0,229036.77098605022,133730.83475298138,-0.007585335018963635
2014-07-14 00:00:00+00:00,1971.0,1925.175,1834.14,1.0,230028.77738267774,134310.0511073255,-0.003286978508217575
2014-07-15 00:00:00+00:00,1968.0,1927.045,1835.5175,1.0,229678.65747798566,134105.62180579227,-0.004804045512010302
2014-07-16 00:00:00+00:00,1974.75,1929.025,1836.95875,1.0,230466.42726354278,134565.587734242,-0.001390644753476833
2014-07-17 00:00:00+00:00,1953.5,1930.81,1838.355,1.0,227986.4112719741,133117.5468483817,-0.012136536030341483
2014-07-18 00:00:00+00:00,1971.5,1932.755,1839.765,1.0,230087.13070012644,134344.12265758106,-0.003034134007585343
2014-07-21 00:00:00+00:00,1966.25,1934.635,1841.18125,1.0,229474.42086691537,133986.3713798979,-0.0056890012642223375
2014-07-22 00:00:00+00:00,1975.0,1936.665,1842.7075,1.0,230495.60392226715,134582.6235093698,-0.0012642225031606058
2014-07-23 00:00:00+00:00,1980.75,1938.425,1844.1875,1.0,231166.6670729269,134974.44633730844,0.0
2014-07-24 00:00:00+00:00,1980.75,1940.155,1845.7525,1.0,231166.6670729269,134974.44633730844,0.0
2014-07-25 00:00:00+00:00,1971.5,1941.88,1847.3575,1.0,230087.13070012644,134344.122657581,-0.004669948251924683
2014-07-28 00:00:00+00:00,1973.0,1943.995,1848.97875,1.0,230262.1906524725,134446.3373083476,-0.0039126593462069925
2014-07-29 00:00:00+00:00,1963.0,1945.76,1850.36875,1.0,229095.124303499,133764.90630323687,-0.00896125205099052
2014-07-30 00:00:00+00:00,1965.0,1947.415,1851.69875,1.0,229328.53757329372,133901.19250425903,-0.007951533510033748
2014-07-31 00:00:00+00:00,1924.75,1948.55,1852.80125,1.0,224631.09551867534,131158.4327086883,-0.028272119146787622
2014-08-01 00:00:00+00:00,1918.5,1949.22,1853.93375,1.0,223901.67905056692,130732.53833049412,-0.03142748958727726
2014-08-04 00:00:00+00:00,1932.0,1950.055,1855.0275,1.0,225477.21862168118,131652.4701873936,-0.024611889435819267
2014-08-05 00:00:00+00:00,1913.0,1950.375,1855.95375,1.0,223259.79255863148,130357.75127768322,-0.03420421557490827
2014-08-06 00:00:00+00:00,1914.75,1950.485,1856.845,1.0,223464.02916970183,130477.00170357758,-0.03332071185157115
2014-08-07 00:00:00+00:00,1905.25,1950.41,1857.68,1.0,222355.316138177,129829.6422487224,-0.038116874921115484
2014-08-08 00:00:00+00:00,1923.75,1950.525,1858.55125,1.0,224514.38888377795,131090.28960817723,-0.02877697841726612
2014-08-11 00:00:00+00:00,1932.5,1950.745,1859.505,1.0,225535.5719391298,131686.54173764912,-0.024359459800580407
2014-08-12 00:00:00+00:00,1930.5,1950.92,1860.415,1.0,225302.15866933507,131550.255536627,-0.02536917834153718
2014-08-13 00:00:00+00:00,1944.75,1951.375,1861.36875,1.0,226965.22821662232,132521.29471890978,-0.018174933737220678
2014-08-14 00:00:00+00:00,1953.5,1951.93,1862.34125,1.0,227986.41127197415,133117.54684838167,-0.013757415120534966
2014-08-15 00:00:00+00:00,1952.5,1952.21,1863.26625,1.0,227869.7046370768,133049.4037478706,-0.014262274391013352
2014-08-18 00:00:00+00:00,1967.5,1952.575,1864.30125,1.0,229620.30416053705,134071.55025553668,-0.006689385333838005
2014-08-19 00:00:00+00:00,1977.25,1953.115,1865.4325,1.0,230758.1938507862,134735.94548551965,-0.0017670074466742403
2014-08-20 00:00:00+00:00,1983.25,1953.77,1866.575,1.0,231458.4336601703,135144.8040885861,0.0
2014-08-21 00:00:00+00:00,1989.5,1954.68,1867.7075,1.0,232187.85012827875,135570.6984667803,0.0
2014-08-22 00:00:00+00:00,1987.75,1955.825,1868.86375,1.0,231983.61351720837,135451.44804088594,-0.0008796179944710047
2014-08-25 00:00:00+00:00,1995.0,1957.01,1870.01125,1.0,232829.73662021416,135945.48551959122,0.0
2014-08-26 00:00:00+00:00,1998.5,1958.25,1871.2775,1.0,233238.20984235487,136183.98637138,0.0
2014-08-27 00:00:00+00:00,1997.0,1959.36,1872.4325,1.0,233063.14989000888,136081.77172061338,-0.0007505629221915555
2014-08-28 00:00:00+00:00,1996.75,1960.155,1873.57875,1.0,233033.97323128453,136064.7359454856,-0.0008756567425568518
2014-08-29 00:00:00+00:00,2001.5,1961.015,1874.76125,1.0,233588.32974704696,136388.4156729132,0.0
2014-09-02 00:00:00+00:00,1999.75,1961.65,1875.86625,1.0,233384.09313597655,136269.16524701883,-0.0008743442418187586
2014-09-03 00:00:00+00:00,1998.75,1962.565,1876.92125,1.0,233267.38650107922,136201.02214650775,-0.001373969522857954
2014-09-04 00:00:00+00:00,1997.75,1963.655,1877.9425,1.0,233150.67986618186,136132.8790459967,-0.0018735948038971495
2014-09-05 00:00:00+00:00,2006.0,1964.785,1879.02875,1.0,234113.509604085,136695.05962521303,0.0
2014-09-08 00:00:00+00:00,2000.5,1965.82,1880.105,1.0,233471.6231121496,136320.27257240214,-0.0027417746759720307
2014-09-09 00:00:00+00:00,1989.75,1966.575,1881.155,1.0,232217.0267870031,135587.7342419081,-0.008100697906280985
2014-09-10 00:00:00+00:00,1995.0,1967.425,1882.16125,1.0,232829.73662021416,135945.4855195912,-0.0054835493519441725
2014-09-11 00:00:00+00:00,1997.0,1968.05,1883.14,1.0,233063.14989000888,136081.77172061335,-0.004486540378863313
2014-09-12 00:00:00+00:00,1984.75,1968.39,1884.05125,1.0,231633.4936125163,135247.0187393527,-0.010593220338983134
2014-09-15 00:00:00+00:00,1984.25,1968.525,1884.9625,1.0,231575.14029506766,135212.94718909718,-0.010842472582253126
2014-09-16 00:00:00+00:00,1999.5,1969.095,1885.93875,1.0,233354.9164772523,136252.12947189104,-0.0032402791625121274
2014-09-17 00:00:00+00:00,2001.5,1969.915,1886.92625,1.0,233588.32974704698,136388.4156729132,-0.00224327018943149
2014-09-18 00:00:00+00:00,2012.25,1970.815,1887.98875,1.0,234842.9260721935,137120.95400340724,0.0
2014-09-19 00:00:00+00:00,2019.25,1972.045,1889.1275,1.0,235659.87251647495,137597.95570698477,0.0
2014-09-22 00:00:00+00:00,1986.25,1972.52,1890.1,1.0,231808.5535648624,135349.23339011936,-0.016342701498080925
2014-09-23 00:00:00+00:00,1972.25,1972.545,1891.04125,1.0,230174.6606762995,134395.22998296432,-0.02327596880029703
2014-09-24 00:00:00+00:00,1991.0,1973.005,1891.97125,1.0,232362.91008062483,135672.9131175469,-0.01399034294911461
2014-09-25 00:00:00+00:00,1961.5,1972.74,1892.73375,1.0,228920.064351153,133662.69165247027,-0.028599727621641535
2014-09-26 00:00:00+00:00,1976.0,1973.19,1893.59875,1.0,230612.31055716454,134650.7666098808,-0.021418843630060636
2014-09-29 00:00:00+00:00,1969.5,1973.15,1894.5425,1.0,229853.71743033177,134207.83645655884,-0.02463786059180384
2014-09-30 00:00:00+00:00,1965.5,1973.135,1895.495,1.0,229386.8908907424,133935.26405451456,-0.026618794106722632
2014-10-01 00:00:00+00:00,1940.75,1972.45,1896.325,1.0,226498.40167703296,132248.72231686552,-0.038875820230283464
2014-10-02 00:00:00+00:00,1938.5,1971.605,1897.085,1.0,226235.81174851392,132095.4003407156,-0.03999009533242526
2014-10-03 00:00:00+00:00,1960.25,1971.195,1897.99,1.0,228774.1810575313,133577.51277683143,-0.02921876934505374
2014-10-06 00:00:00+00:00,1956.0,1970.885,1898.71625,1.0,228278.17785921757,133287.90459965935,-0.03132351120465504
2014-10-07 00:00:00+00:00,1928.0,1969.985,1899.31375,1.0,225010.39208209174,131379.8977853493,-0.045190045809087476
2014-10-08 00:00:00+00:00,1961.75,1969.96,1900.07125,1.0,228949.24100987733,133679.72742759803,-0.02847591927695914
2014-10-09 00:00:00+00:00,1925.0,1969.16,1900.5825,1.0,224660.2721773997,131175.4684838161,-0.04667574594527657
2014-10-10 00:00:00+00:00,1894.25,1968.55,1900.90875,1.0,221071.5431543062,129080.06814310058,-0.06190417234121559
2014-10-13 00:00:00+00:00,1865.5,1967.49,1901.05375,1.0,217716.22740100735,127120.95400340724,-0.07614213197969533
2014-10-14 00:00:00+00:00,1874.75,1966.345,1901.245,1.0,218795.76377380782,127751.27768313466,-0.07156122322644543
2014-10-15 00:00:00+00:00,1846.75,1965.02,1901.305,1.0,215527.97799668202,125843.2708688246,-0.08542775783087764
2014-10-16 00:00:00+00:00,1850.5,1963.735,1901.3525,1.0,215965.6278775471,126098.80749574114,-0.08357063266064124
2014-10-17 00:00:00+00:00,1881.0,1963.25,1901.625,1.0,219525.18024191624,128177.17206132888,-0.06846601460938473
2014-10-20 00:00:00+00:00,1900.0,1962.775,1901.9975,1.0,221742.60630496594,129471.89097103928,-0.05905658041351969
2014-10-21 00:00:00+00:00,1938.0,1962.885,1902.58375,1.0,226177.45843106526,132061.32879046007,-0.04023771202179016
2014-10-22 00:00:00+00:00,1925.0,1962.775,1903.055,1.0,224660.27217739972,131175.4684838161,-0.04667574594527646
2014-10-23 00:00:00+00:00,1946.0,1962.8,1903.6225,1.0,227111.11151024408,132606.47359454868,-0.036275844991952244
2014-10-24 00:00:00+00:00,1959.75,1962.925,1904.25625,1.0,228715.82774008266,133543.44122657593,-0.029466386034418424
2014-10-27 00:00:00+00:00,1957.0,1963.015,1904.8525,1.0,228394.88449411496,133356.0477001705,-0.03082827782592512
2014-10-28 00:00:00+00:00,1980.0,1963.265,1905.6775,1.0,231079.13709675404,134923.33901192519,-0.019437910115141288
2014-10-29 00:00:00+00:00,1972.25,1963.165,1906.37375,1.0,230174.6606762996,134395.22998296437,-0.023275968800296587
2014-10-30 00:00:00+00:00,1988.5,1963.27,1907.10875,1.0,232071.14349338153,135502.5553662693,-0.015228426395938577
2014-10-31 00:00:00+00:00,2011.5,1963.71,1907.985,1.0,234755.39609602056,137069.846678024,-0.003838058685155077
2014-11-03 00:00:00+00:00,2011.0,1964.175,1908.86875,1.0,234697.0427785719,137035.77512776846,-0.00408567537451987
2014-11-04 00:00:00+00:00,2005.5,1964.385,1909.70375,1.0,234055.15628663645,136660.98807495754,-0.006809458957533376
2014-11-05 00:00:00+00:00,2018.75,1964.79,1910.605,1.0,235601.51919902634,137563.88415672924,-0.0002476166893645715
2014-11-06 00:00:00+00:00,2028.0,1965.41,1911.62375,1.0,236681.05557182684,138194.20783645666,0.0
2014-11-07 00:00:00+00:00,2026.0,1965.995,1912.84375,1.0,236447.64230203212,138057.9216354345,-0.0009861932938857176
2014-11-10 00:00:00+00:00,2034.0,1966.645,1914.135,1.0,237381.29538121092,138603.06643952313,0.0
2014-11-11 00:00:00+00:00,2036.5,1967.38,1915.37625,1.0,237673.06196845433,138773.4241908008,0.0
2014-11-12 00:00:00+00:00,2036.0,1968.125,1916.7,1.0,237614.70865100564,138739.35264054526,-0.00024551927326299516
2014-11-13 00:00:00+00:00,2034.0,1968.85,1917.96375,1.0,237381.29538121092,138603.06643952313,-0.0012275963663148648
2014-11-14 00:00:00+00:00,2038.0,1969.49,1919.27125,1.0,237848.1219208003,138875.6388415674,0.0
2014-11-17 00:00:00+00:00,2039.75,1970.275,1920.80625,1.0,238052.35853187065,138994.88926746178,0.0
2014-11-18 00:00:00+00:00,2048.5,1971.45,1922.33,1.0,239073.54158722245,139591.14139693364,0.0
2014-11-19 00:00:00+00:00,2047.25,1972.495,1923.84625,1.0,238927.65829360078,139505.9625212948,-0.0006102025872589678
2014-11-20 00:00:00+00:00,2052.0,1973.595,1925.27375,1.0,239482.01480936317,139829.6422487224,0.0
2014-11-21 00:00:00+00:00,2061.75,1975.135,1926.615,1.0,240619.9044996123,140494.03747870537,0.0
2014-11-24 00:00:00+00:00,2067.5,1976.8,1927.97875,1.0,241290.9676502721,140885.86030664403,0.0
2014-11-25 00:00:00+00:00,2067.5,1978.16,1929.24875,1.0,241290.9676502721,140885.86030664403,0.0
2014-11-26 00:00:00+00:00,2072.25,1979.575,1930.525,1.0,241845.32416603455,141209.54003407166,0.0
2014-11-28 00:00:00+00:00,2066.25,1980.655,1931.735,1.0,241145.08435665045,140800.6814310052,-0.002895403546869346
2014-12-01 00:00:00+00:00,2050.75,1981.285,1932.81375,1.0,239336.1315157415,139744.46337308356,-0.010375196042948565
2014-12-02 00:00:00+00:00,2066.0,1982.88,1933.95625,1.0,241115.90769792607,140783.64565587745,-0.0030160453613223837
2014-12-03 00:00:00+00:00,2072.5,1984.885,1935.19125,1.0,241874.50082475887,141226.57580919942,0.0
2014-12-04 00:00:00+00:00,2072.0,1986.505,1936.37,1.0,241816.14750731023,141192.50425894387,-0.00024125452352219412
2014-12-05 00:00:00+00:00,2076.0,1988.795,1937.57875,1.0,242282.97404689965,141465.07666098818,0.0
2014-12-08 00:00:00+00:00,2059.5,1990.465,1938.64625,1.0,240357.31457109336,140340.71550255548,-0.007947976878612706
2014-12-09 00:00:00+00:00,2057.5,1992.225,1939.7025,1.0,240123.90130129867,140204.42930153332,-0.008911368015414256
2014-12-10 00:00:00+00:00,2026.5,1993.445,1940.625,1.0,236505.9956194808,138091.99318569002,-0.02384393063583823
2014-12-11 00:00:00+00:00,2031.0,1995.25,1941.51,1.0,237031.1754765188,138398.63713798986,-0.021676300578034935
2014-12-12 00:00:00+00:00,1997.25,1996.425,1942.20875,1.0,233092.32654873325,136098.80749574112,-0.03793352601156086
2014-12-15 00:00:00+00:00,1990.0,1997.02,1942.94375,1.0,232246.20344572747,135604.77001703586,-0.041425818882466436
2014-12-16 00:00:00+00:00,1971.5,1997.33,1943.44375,1.0,230087.13070012646,134344.122657581,-0.050337186897880803
2014-12-17 00:00:00+00:00,2014.25,1999.055,1944.1525,1.0,235076.3393419882,137257.24020442937,-0.029744701348747737
2014-12-18 00:00:00+00:00,2065.0,2001.12,1945.09625,1.0,240999.20106302877,140715.50255536634,-0.005298651252408582
2014-12-19 00:00:00+00:00,2065.0,2003.92,1946.03125,1.0,240999.20106302877,140715.50255536634,-0.005298651252408582
2014-12-22 00:00:00+00:00,2072.5,2007.485,1947.0075,1.0,241874.50082475887,141226.57580919936,-0.0016859344894029071
2014-12-23 00:00:00+00:00,2079.0,2011.755,1948.07625,1.0,242633.09395159164,141669.50596252133,0.0
2014-12-24 00:00:00+00:00,2078.75,2015.835,1949.13125,1.0,242603.9172928673,141652.47018739357,-0.00012025012025018711
2014-12-26 00:00:00+00:00,2084.25,2020.585,1950.31875,1.0,243245.80378480273,142027.2572402045,0.0
2014-12-29 00:00:00+00:00,2085.75,2025.29,1951.5475,1.0,243420.86373714876,142129.47189097106,0.0
2014-12-30 00:00:00+00:00,2076.75,2029.205,1952.6425,1.0,242370.50402307257,141516.1839863714,-0.004314994606256839
2014-12-31 00:00:00+00:00,2052.5,2032.255,1953.55125,1.0,239540.36812681184,139863.71379897787,-0.01594150785089299
2015-01-02 00:00:00+00:00,2046.25,2034.42,1954.48375,1.0,238810.95165870342,139437.8194207837,-0.018938031883015682
2015-01-05 00:00:00+00:00,2016.0,2036.24,1955.195,1.0,235280.57595305855,137376.4906303237,-0.033441208198489836
2015-01-06 00:00:00+00:00,1994.5,2037.21,1955.75875,1.0,232771.3833027655,135911.41396933564,-0.04374925086899206
2015-01-07 00:00:00+00:00,2019.5,2038.405,1956.60875,1.0,235689.0491751993,137614.99148211247,-0.031763154740500954
2015-01-08 00:00:00+00:00,2055.0,2040.365,1957.5875,1.0,239832.13471405525,140034.07155025558,-0.014742898238043756
2015-01-09 00:00:00+00:00,2035.25,2041.47,1958.55125,1.0,237527.17867483257,138688.24531516188,-0.024211914179551708
2015-01-12 00:00:00+00:00,2022.5,2042.475,1959.46125,1.0,236039.16907989135,137819.4207836457,-0.03032482320508212
2015-01-13 00:00:00+00:00,2016.0,2043.025,1960.28875,1.0,235280.57595305855,137376.49063032374,-0.033441208198489836
2015-01-14 00:00:00+00:00,2007.5,2042.945,1961.00375,1.0,234288.56955643106,136797.2742759796,-0.03751648088217674
2015-01-15 00:00:00+00:00,1989.0,2042.505,1961.56,1.0,232129.49681083005,135536.62691652475,-0.04638619201726013
2015-01-16 00:00:00+00:00,2013.0,2042.655,1962.21,1.0,234930.45604836644,137172.0613287905,-0.034879539733909004
2015-01-20 00:00:00+00:00,2016.75,2042.615,1962.87875,1.0,235368.1059292315,137427.597955707,-0.03308162531463532
2015-01-21 00:00:00+00:00,2026.5,2042.585,1963.71125,1.0,236505.9956194807,138091.99318569,-0.028407047824523746
2015-01-22 00:00:00+00:00,2056.5,2043.195,1964.80375,1.0,240007.19466640122,140136.2862010222,-0.014023732470334505
2015-01-23 00:00:00+00:00,2044.0,2043.395,1965.79875,1.0,238548.36173018432,139284.49744463377,-0.020016780534580114
2015-01-26 00:00:00+00:00,2053.5,2043.735,1966.7425,1.0,239657.0747617092,139931.85689948898,-0.01546206400575334
2015-01-27 00:00:00+00:00,2030.0,2043.615,1967.7575,1.0,236914.46884162145,138330.49403747875,-0.026728994366534864
2015-01-28 00:00:00+00:00,1991.5,2042.765,1968.65625,1.0,232421.26339807347,135706.98466780243,-0.0451875824044109
2015-01-29 00:00:00+00:00,2018.5,2042.375,1969.62625,1.0,235572.34254030194,137546.84838160142,-0.032242598585640714
2015-01-30 00:00:00+00:00,1988.5,2041.35,1970.37125,1.0,232071.14349338142,135502.5553662692,-0.046625913939829844
2015-02-02 00:00:00+00:00,2017.0,2040.72,1971.1925,1.0,235397.28258795588,137444.6337308348,-0.03296176435335019
2015-02-03 00:00:00+00:00,2042.0,2040.615,1972.1125,1.0,238314.9484603896,139148.21124361161,-0.020975668224859523
2015-02-04 00:00:00+00:00,2030.0,2040.175,1972.94,1.0,236914.46884162142,138330.49403747875,-0.026728994366534975
2015-02-05 00:00:00+00:00,2055.0,2040.04,1973.845,1.0,239832.1347140552,140034.07155025558,-0.014742898238043978
2015-02-06 00:00:00+00:00,2053.0,2039.75,1974.745,1.0,239598.72144426053,139897.78534923343,-0.015701785928323164
2015-02-09 00:00:00+00:00,2042.5,2039.25,1975.5925,1.0,238373.30177783835,139182.28279386714,-0.020735946302289365
2015-02-10 00:00:00+00:00,2062.25,2039.05,1976.60375,1.0,240678.25781706104,140528.10902896084,-0.011266930360781413
2015-02-11 00:00:00+00:00,2065.75,2039.04,1977.6025,1.0,241086.73103920175,140766.60988074957,-0.009588876902792753
2015-02-12 00:00:00+00:00,2084.0,2039.705,1978.66375,1.0,243216.6271260784,142010.22146507667,-0.0008390267289942743
2015-02-13 00:00:00+00:00,2093.5,2040.255,1979.74125,1.0,244325.34015760323,142657.58091993185,0.0
2015-02-17 00:00:00+00:00,2096.0,2040.725,1980.8325,1.0,244617.1067448466,142827.93867120953,0.0
2015-02-18 00:00:00+00:00,2095.5,2041.195,1981.9375,1.0,244558.75342739795,142793.86712095398,-0.00023854961832048271
2015-02-19 00:00:00+00:00,2095.25,2041.58,1983.035,1.0,244529.5767686736,142776.8313458262,-0.0003578244274807796
2015-02-20 00:00:00+00:00,2107.0,2042.53,1984.24875,1.0,245900.87972871747,143577.5127768313,0.0
2015-02-23 00:00:00+00:00,2106.75,2043.515,1985.41125,1.0,245871.70306999315,143560.47700170355,-0.00011865211200756676
2015-02-24 00:00:00+00:00,2113.75,2045.26,1986.61875,1.0,246688.6495142746,144037.47870528104,0.0
2015-02-25 00:00:00+00:00,2110.25,2046.845,1987.8025,1.0,246280.17629213387,143798.97785349228,-0.0016558249556476445
2015-02-26 00:00:00+00:00,2110.0,2049.1,1988.88875,1.0,246250.99963340955,143781.9420783645,-0.0017740981667652145
2015-02-27 00:00:00+00:00,2102.75,2051.355,1989.93125,1.0,245404.87653040374,143287.9045996592,-0.0052040212891780735
2015-03-02 00:00:00+00:00,2114.0,2054.205,1991.075,1.0,246717.8261729989,144054.51448040878,0.0
2015-03-03 00:00:00+00:00,2104.75,2056.015,1992.2625,1.0,245638.2898001984,143424.19080068136,-0.004375591296121195
2015-03-04 00:00:00+00:00,2096.5,2056.645,1993.37125,1.0,244675.46006229526,142862.010221465,-0.008278145695364336
2015-03-05 00:00:00+00:00,2099.75,2057.34,1994.45875,1.0,245054.7566257116,143083.475298126,-0.006740775780511132
2015-03-06 00:00:00+00:00,2070.75,2057.305,1995.4725,1.0,241670.26421368844,141107.32538330488,-0.020458845789971813
2015-03-09 00:00:00+00:00,2077.75,2057.28,1996.43625,1.0,242487.2106579699,141584.3270868824,-0.0171475875118261
2015-03-10 00:00:00+00:00,2042.0,2056.545,1997.195,1.0,238314.9484603896,139148.21124361153,-0.03405865657521312
2015-03-11 00:00:00+00:00,2039.5,2055.65,1997.9075,1.0,238023.18187314624,138977.85349233387,-0.03524124881740798
2015-03-12 00:00:00+00:00,2064.0,2055.215,1998.68125,1.0,240882.49442813132,140647.35945485515,-0.02365184484389804
2015-03-13 00:00:00+00:00,2049.75,2054.675,1999.385,1.0,239219.42488084408,139676.32027257237,-0.03039262062440895
2015-03-16 00:00:00+00:00,2076.5,2055.155,2000.1775,1.0,242341.32736434822,141499.14821124356,-0.01773888363292353
2015-03-17 00:00:00+00:00,2074.5,2055.72,2000.9425,1.0,242107.91409455353,141362.86201022143,-0.018684957426679416
2015-03-18 00:00:00+00:00,2100.5,2057.41,2001.83625,1.0,245142.28660188464,143134.58262350934,-0.006385998107852564
2015-03-19 00:00:00+00:00,2090.5,2059.33,2002.67875,1.0,243975.22025291112,142453.1516183986,-0.011116367076632105
2015-03-20 00:00:00+00:00,2101.25,2060.965,2003.55625,1.0,245229.81657805762,143185.68994889263,-0.006031220435194218
2015-03-23 00:00:00+00:00,2094.75,2061.76,2004.3375,1.0,244471.22345122483,142742.75979557066,-0.009105960264900959
2015-03-24 00:00:00+00:00,2085.0,2062.755,2005.01625,1.0,243333.33376097569,142078.3645655877,-0.013718070009460903
2015-03-25 00:00:00+00:00,2053.75,2063.38,2005.53375,1.0,239686.25142043346,139948.89267461665,-0.028500473036897178
2015-03-26 00:00:00+00:00,2048.5,2064.03,2006.02375,1.0,239073.54158722237,139591.14139693353,-0.03098391674550649
2015-03-27 00:00:00+00:00,2052.5,2064.93,2006.56625,1.0,239540.36812681175,139863.7137989778,-0.029091769157994718
2015-03-30 00:00:00+00:00,2075.5,2066.66,2007.29125,1.0,242224.62072945078,141431.0051107325,-0.018211920529801917
2015-03-31 00:00:00+00:00,2060.75,2067.615,2007.91625,1.0,240503.19786471484,140425.89437819418,-0.0251892147587518
2015-04-01 00:00:00+00:00,2053.0,2068.34,2008.49875,1.0,239598.72144426036,139897.78534923334,-0.02885525070955597
2015-04-02 00:00:00+00:00,2059.5,2069.0,2009.08875,1.0,240357.31457109316,140340.71550255534,-0.025780510879849228
2015-04-06 00:00:00+00:00,2073.25,2069.335,2009.67,1.0,241962.03080093174,141277.68313458256,-0.01927625354777729
2015-04-07 00:00:00+00:00,2067.75,2069.81,2010.21625,1.0,241320.1443089963,140902.89608177167,-0.021877956480606087
2015-04-08 00:00:00+00:00,2076.0,2070.26,2010.75625,1.0,242282.9740468994,141465.076660988,-0.017975402081363057
2015-04-09 00:00:00+00:00,2085.75,2071.375,2011.42,1.0,243420.86373714858,142129.47189097098,-0.013363292336803001
2015-04-10 00:00:00+00:00,2095.5,2073.455,2012.18125,1.0,244558.75342739778,142793.86712095398,-0.008751182592242723
2015-04-13 00:00:00+00:00,2086.5,2074.815,2012.86625,1.0,243508.3937133216,142180.57921635432,-0.013008514664144544
2015-04-14 00:00:00+00:00,2091.0,2076.865,2013.5775,1.0,244033.57357035967,142487.22316865413,-0.010879848628193689
2015-04-15 00:00:00+00:00,2099.75,2078.52,2014.31625,1.0,245054.75662571148,143083.47529812605,-0.0067407757805115764
2015-04-16 00:00:00+00:00,2100.75,2079.695,2015.0575,1.0,245171.46326060878,143151.6183986371,-0.0062677388836338555
2015-04-17 00:00:00+00:00,2075.5,2080.605,2015.60625,1.0,242224.6207294507,141431.0051107325,-0.01821192052980225
2015-04-20 00:00:00+00:00,2091.0,2081.325,2016.2225,1.0,244033.57357035964,142487.22316865413,-0.0108798486281938
2015-04-21 00:00:00+00:00,2091.0,2082.085,2016.79,1.0,244033.57357035964,142487.22316865413,-0.0108798486281938
2015-04-22 00:00:00+00:00,2100.25,2083.24,2017.43625,1.0,245113.10994316015,143117.54684838155,-0.006504257332072605
2015-04-23 00:00:00+00:00,2107.0,2084.135,2018.16875,1.0,245900.87972871726,143577.5127768313,-0.0033112582781464894
2015-04-24 00:00:00+00:00,2111.75,2085.055,2018.89125,1.0,246455.23624447966,143901.1925042589,-0.00106433301797626
2015-04-27 00:00:00+00:00,2104.75,2085.47,2019.62625,1.0,245638.28980019822,143424.1908006814,-0.004375591296121861
2015-04-28 00:00:00+00:00,2112.0,2085.84,2020.37375,1.0,246484.41290320404,143918.22827938668,-0.0009460737937565522
2015-04-29 00:00:00+00:00,2099.0,2085.9,2021.01375,1.0,244967.2266495385,143032.36797274274,-0.007095553453169923
2015-04-30 00:00:00+00:00,2079.0,2085.57,2021.56875,1.0,242633.0939515915,141669.50596252125,-0.016556291390729005
2015-05-01 00:00:00+00:00,2101.5,2085.695,2022.2025,1.0,245258.99323678185,143202.72572402042,-0.005912961210975176
2015-05-04 00:00:00+00:00,2109.25,2085.74,2022.98125,1.0,246163.46965723633,143730.83475298126,-0.0022469252601708956
2015-05-05 00:00:00+00:00,2084.0,2085.285,2023.54375,1.0,243216.62712607824,142010.22146507664,-0.01419110690633929
2015-05-06 00:00:00+00:00,2074.25,2084.495,2024.08375,1.0,242078.73743582907,141345.82623509367,-0.018803216650899346
2015-05-07 00:00:00+00:00,2084.25,2083.975,2024.63,1.0,243245.8037848026,142027.25724020443,-0.014072847682119694
2015-05-08 00:00:00+00:00,2108.5,2083.945,2025.26875,1.0,246075.93968106335,143679.72742759794,-0.002601702932829242
2015-05-11 00:00:00+00:00,2097.75,2083.845,2025.85375,1.0,244821.34335591685,142947.1890971039,-0.0076868495742672405
2015-05-12 00:00:00+00:00,2095.0,2083.465,2026.47125,1.0,244500.4001099491,142759.79557069842,-0.008987701040681695
2015-05-13 00:00:00+00:00,2094.5,2083.26,2027.07875,1.0,244442.04679250045,142725.72402044287,-0.009224219489120666
2015-05-14 00:00:00+00:00,2117.5,2083.68,2027.85125,1.0,247126.29939513947,144293.01533219754,0.0
2015-05-15 00:00:00+00:00,2119.0,2084.065,2028.62125,1.0,247301.3593474855,144395.22998296414,0.0
2015-05-18 00:00:00+00:00,2126.0,2085.17,2029.6275,1.0,248118.30579176694,144872.23168654164,0.0
2015-05-19 00:00:00+00:00,2124.5,2086.105,2030.6575,1.0,247943.24583942094,144770.01703577503,-0.0007055503292566767
2015-05-20 00:00:00+00:00,2122.5,2087.715,2031.61,1.0,247709.83256962622,144633.73083475287,-0.0016462841015991714
2015-05-21 00:00:00+00:00,2128.0,2089.485,2032.685,1.0,248351.71906156163,145008.51788756376,0.0
2015-05-22 00:00:00+00:00,2124.5,2090.695,2033.73375,1.0,247943.24583942088,144770.017035775,-0.00164473684210531
2015-05-26 00:00:00+00:00,2105.0,2091.8,2034.7325,1.0,245667.46645892254,143441.2265758091,-0.010808270676691878
2015-05-27 00:00:00+00:00,2121.0,2092.69,2035.71875,1.0,247534.77261728016,144531.51618398624,-0.00328947368421062
2015-05-28 00:00:00+00:00,2121.75,2093.635,2036.665,1.0,247622.3025934532,144582.62350936956,-0.002937030075187863
2015-05-29 00:00:00+00:00,2106.0,2093.745,2037.5425,1.0,245784.17309381993,143509.36967632017,-0.010338345864661647
2015-06-01 00:00:00+00:00,2109.25,2094.12,2038.365,1.0,246163.4696572363,143730.83475298114,-0.008811090225563922
2015-06-02 00:00:00+00:00,2106.75,2094.23,2039.13125,1.0,245871.70306999292,143560.47700170346,-0.009985902255639112
2015-06-03 00:00:00+00:00,2116.0,2094.655,2039.94875,1.0,246951.2394427934,144190.80068143088,-0.005639097744360999
2015-06-04 00:00:00+00:00,2099.0,2094.935,2040.60625,1.0,244967.2266495384,143032.36797274265,-0.013627819548872377
2015-06-05 00:00:00+00:00,2092.25,2095.705,2041.18125,1.0,244179.4568639813,142572.4020442929,-0.01679981203007541
2015-06-08 00:00:00+00:00,2078.25,2096.3,2041.65625,1.0,242545.56397541836,141618.39863713787,-0.02337875939849654
2015-06-09 00:00:00+00:00,2080.0,2096.85,2042.10875,1.0,242749.80058648877,141737.64906303227,-0.022556390977443774
2015-06-10 00:00:00+00:00,2107.0,2097.48,2042.705,1.0,245900.87972871726,143577.51277683125,-0.009868421052631637
2015-06-11 00:00:00+00:00,2109.25,2098.45,2043.27625,1.0,246163.4696572363,143730.83475298117,-0.008811090225563922
2015-06-12 00:00:00+00:00,2093.0,2099.25,2043.74875,1.0,244266.98684015436,142623.50936967623,-0.016447368421052655
2015-06-15 00:00:00+00:00,2084.0,2099.74,2044.18375,1.0,243216.62712607818,142010.22146507658,-0.020676691729323404
2015-06-16 00:00:00+00:00,2097.5,2100.225,2044.6875,1.0,244792.16669719244,142930.15332197607,-0.014332706766917336
2015-06-17 00:00:00+00:00,2097.5,2100.82,2045.1675,1.0,244792.16669719244,142930.15332197607,-0.014332706766917336
2015-06-18 00:00:00+00:00,2123.0,2101.76,2045.78375,1.0,247768.18588707488,144667.80238500846,-0.0023496240601503793
2015-06-19 00:00:00+00:00,2118.5,2102.415,2046.3825,1.0,247243.0060300368,144361.15843270862,-0.004464285714285698
2015-06-22 00:00:00+00:00,2112.75,2102.76,2046.9575,1.0,246571.94287937702,143969.33560476993,-0.007166353383458723
2015-06-23 00:00:00+00:00,2116.5,2103.36,2047.51,1.0,247009.59276024209,144224.87223168646,-0.005404135338345939
2015-06-24 00:00:00+00:00,2099.5,2103.53,2048.005,1.0,245025.5799669871,143066.4395229982,-0.013392857142857317
2015-06-25 00:00:00+00:00,2094.0,2103.415,2048.52625,1.0,244383.69347505167,142691.65247018728,-0.015977443609022757
2015-06-26 00:00:00+00:00,2095.75,2103.315,2049.03,1.0,244587.93008612204,142810.90289608168,-0.015155075187970102
2015-06-29 00:00:00+00:00,2050.5,2102.815,2049.2975,1.0,239306.95485701694,139727.42759795563,-0.03641917293233099
2015-06-30 00:00:00+00:00,2054.5,2102.085,2049.64625,1.0,239773.78139660635,139999.9999999999,-0.03453947368421062
2015-07-01 00:00:00+00:00,2071.0,2101.685,2050.08,1.0,241699.44087241264,141124.36115843264,-0.0267857142857143
2015-07-02 00:00:00+00:00,2068.75,2101.055,2050.42625,1.0,241436.8509438936,140971.03918228272,-0.027843045112782017
2015-07-06 00:00:00+00:00,2064.5,2100.205,2050.74125,1.0,240940.84774557984,140681.43100511067,-0.029840225563909972
2015-07-07 00:00:00+00:00,2073.75,2099.445,2051.04875,1.0,242020.3841183803,141311.7546848381,-0.02549342105263186
2015-07-08 00:00:00+00:00,2039.25,2098.135,2051.14875,1.0,237994.0052144217,138960.81771720608,-0.041705827067669565
2015-07-09 00:00:00+00:00,2041.25,2096.72,2051.42375,1.0,238227.4184842164,139097.10391822824,-0.040765977443609325
2015-07-10 00:00:00+00:00,2069.0,2096.12,2051.9075,1.0,241466.0276026179,140988.0749574105,-0.027725563909774653
2015-07-13 00:00:00+00:00,2094.5,2096.43,2052.425,1.0,244442.04679250033,142725.72402044287,-0.015742481203007697
2015-07-14 00:00:00+00:00,2102.0,2096.44,2053.1275,1.0,245317.34655423046,143236.79727427594,-0.012218045112782128
2015-07-15 00:00:00+00:00,2104.25,2096.34,2053.76875,1.0,245579.93648274953,143390.11925042587,-0.011160714285714413
2015-07-16 00:00:00+00:00,2117.0,2097.0,2054.50625,1.0,247067.94607769075,144258.94378194207,-0.005169172932330879
2015-07-17 00:00:00+00:00,2118.75,2097.89,2055.2725,1.0,247272.18268876107,144378.19420783644,-0.004346804511278446
2015-07-20 00:00:00+00:00,2122.0,2098.645,2056.17875,1.0,247651.47925217744,144599.65928449744,-0.0028195488721808326
2015-07-21 00:00:00+00:00,2114.5,2098.765,2057.05875,1.0,246776.17949044734,144088.58603066436,-0.0063439849624062905
2015-07-22 00:00:00+00:00,2108.0,2098.97,2057.7975,1.0,246017.58636361454,143645.6558773424,-0.00939849624060185
2015-07-23 00:00:00+00:00,2098.5,2099.04,2058.51,1.0,244908.87333208972,142998.2964224872,-0.013862781954887549
2015-07-24 00:00:00+00:00,2077.5,2098.7,2059.2575,1.0,242458.03399924535,141567.29131175464,-0.023731203007519075
2015-07-27 00:00:00+00:00,2064.5,2097.64,2059.77125,1.0,240940.8477455798,140681.4310051107,-0.029840225563910083
2015-07-28 00:00:00+00:00,2087.25,2097.005,2060.5825,1.0,243595.9236894945,142231.6865417376,-0.019149436090226013
2015-07-29 00:00:00+00:00,2101.5,2096.515,2061.61875,1.0,245258.99323678174,143202.7257240204,-0.01245300751879741
2015-07-30 00:00:00+00:00,2103.75,2096.1,2062.81,1.0,245521.58316530078,143356.0477001703,-0.011395676691729695
2015-07-31 00:00:00+00:00,2098.5,2095.62,2063.92875,1.0,244908.87333208972,142998.29642248718,-0.013862781954887549
2015-08-03 00:00:00+00:00,2091.0,2094.88,2065.15,1.0,244033.5735703596,142487.22316865413,-0.017387218045113118
2015-08-04 00:00:00+00:00,2083.0,2094.05,2066.3125,1.0,243099.9204911808,141942.07836456556,-0.021146616541353636
2015-08-05 00:00:00+00:00,2093.75,2093.825,2067.37625,1.0,244354.5168163273,142674.6166950596,-0.016094924812030453
2015-08-06 00:00:00+00:00,2079.5,2092.995,2068.27375,1.0,242691.44726904007,141703.5775127768,-0.022791353383458945
2015-08-07 00:00:00+00:00,2073.5,2092.03,2068.95125,1.0,241991.20745965597,141294.71890971038,-0.025610902255639334
2015-08-10 00:00:00+00:00,2099.75,2091.905,2069.825,1.0,245054.7566257114,143083.47529812602,-0.013275375939849954
2015-08-11 00:00:00+00:00,2079.75,2091.315,2070.49375,1.0,242720.6239277644,141720.61328790456,-0.02267387218045147
2015-08-12 00:00:00+00:00,2084.25,2090.865,2071.11625,1.0,243245.80378480247,142027.2572402044,-0.020559210526316152
2015-08-13 00:00:00+00:00,2080.5,2090.155,2071.73375,1.0,242808.1539039374,141771.72061328788,-0.022321428571428936
2015-08-14 00:00:00+00:00,2089.5,2089.965,2072.28125,1.0,243858.5136180136,142385.00851788756,-0.018092105263158076
2015-08-17 00:00:00+00:00,2099.25,2090.105,2072.91625,1.0,244996.40330826273,143049.40374787053,-0.013510338345865014
2015-08-18 00:00:00+00:00,2094.0,2090.42,2073.44375,1.0,244383.6934750516,142691.65247018737,-0.01597744360902298
2015-08-19 00:00:00+00:00,2072.75,2090.275,2073.75,1.0,241903.67748348293,141243.61158432707,-0.02596334586466198
2015-08-20 00:00:00+00:00,2025.5,2088.645,2073.8225,1.0,236389.28898458317,138023.85008517888,-0.048167293233082886
2015-08-21 00:00:00+00:00,1971.5,2085.89,2073.6525,1.0,230087.13070012626,134344.12265758094,-0.07354323308270694
2015-08-24 00:00:00+00:00,1871.25,2081.455,2072.915,1.0,218387.29055166687,127512.77683134585,-0.120653195488722
2015-08-25 00:00:00+00:00,1872.75,2077.23,2072.13875,1.0,218562.35050401292,127614.99148211245,-0.1199483082706767
2015-08-26 00:00:00+00:00,1938.0,2074.04,2071.69875,1.0,226177.45843106505,132061.32879046,-0.0892857142857143
2015-08-27 00:00:00+00:00,1989.25,2071.875,2071.475,1.0,232158.67346955425,135553.66269165248,-0.06520206766917291
2015-08-28 00:00:00+00:00,1989.75,2069.21,2071.24125,1.0,232217.02678700292,135587.734241908,-0.06496710526315796
2015-08-31 00:00:00+00:00,1969.25,2066.225,2070.9075,0.0,232217.02678700292,134190.800681431,-0.06496710526315796
2015-09-01 00:00:00+00:00,1916.0,2062.29,2070.3175,0.0,232217.02678700292,130562.18057921634,-0.06496710526315796
2015-09-02 00:00:00+00:00,1947.0,2058.9,2069.8625,0.0,232217.02678700292,132674.6166950596,-0.06496710526315796
2015-09-03 00:00:00+00:00,1946.0,2055.83,2069.39375,0.0,232217.02678700292,132606.47359454856,-0.06496710526315796
2015-09-04 00:00:00+00:00,1921.75,2052.385,2068.76,0.0,232217.02678700292,130954.00340715503,-0.06496710526315796
2015-09-08 00:00:00+00:00,1965.75,2049.785,2068.3525,0.0,232217.02678700292,133952.29982964226,-0.06496710526315796
2015-09-09 00:00:00+00:00,1942.75,2047.63,2067.80625,0.0,232217.02678700292,132385.00851788756,-0.06496710526315796
2015-09-10 00:00:00+00:00,1949.5,2045.53,2067.245,0.0,232217.02678700292,132844.9744463373,-0.06496710526315796
2015-09-11 00:00:00+00:00,1960.25,2043.315,2066.70875,0.0,232217.02678700292,133577.5127768313,-0.06496710526315796
2015-09-14 00:00:00+00:00,1954.0,2041.02,2066.14125,0.0,232217.02678700292,133151.6183986371,-0.06496710526315796
2015-09-15 00:00:00+00:00,1979.75,2039.325,2065.67875,0.0,232217.02678700292,134906.30323679728,-0.06496710526315796
2015-09-16 00:00:00+00:00,1998.25,2037.815,2065.33875,0.0,232217.02678700292,136166.95059625214,-0.06496710526315796
2015-09-17 00:00:00+00:00,1987.75,2036.785,2065.02375,0.0,232217.02678700292,135451.44804088588,-0.06496710526315796
2015-09-18 00:00:00+00:00,1960.0,2035.16,2064.49375,0.0,232217.02678700292,133560.47700170358,-0.06496710526315796
2015-09-21 00:00:00+00:00,1963.0,2033.04,2063.94625,0.0,232217.02678700292,133764.90630323678,-0.06496710526315796
2015-09-22 00:00:00+00:00,1932.0,2029.79,2063.24625,0.0,232217.02678700292,131652.4701873935,-0.06496710526315796
2015-09-23 00:00:00+00:00,1928.5,2026.32,2062.50875,0.0,232217.02678700292,131413.96933560475,-0.06496710526315796
2015-09-24 00:00:00+00:00,1918.75,2022.61,2061.805,0.0,232217.02678700292,130749.5741056218,-0.06496710526315796
2015-09-25 00:00:00+00:00,1919.25,2018.655,2061.11375,0.0,232217.02678700292,130783.64565587735,-0.06496710526315796
2015-09-28 00:00:00+00:00,1872.0,2013.72,2060.34125,0.0,232217.02678700292,127563.88415672912,-0.06496710526315796
2015-09-29 00:00:00+00:00,1874.5,2008.77,2059.55875,0.0,232217.02678700292,127734.24190800682,-0.06496710526315796
2015-09-30 00:00:00+00:00,1908.75,2004.655,2059.11625,0.0,232217.02678700292,130068.14310051106,-0.06496710526315796
2015-10-01 00:00:00+00:00,1916.75,2000.83,2058.75,0.0,232217.02678700292,130613.28790459965,-0.06496710526315796
2015-10-02 00:00:00+00:00,1943.0,1997.72,2058.6075,0.0,232217.02678700292,132402.04429301532,-0.06496710526315796
2015-10-05 00:00:00+00:00,1974.75,1995.665,2058.41,0.0,232217.02678700292,134565.5877342419,-0.06496710526315796
2015-10-06 00:00:00+00:00,1968.5,1993.745,2057.9275,0.0,232217.02678700292,134139.6933560477,-0.06496710526315796
2015-10-07 00:00:00+00:00,1987.25,1991.745,2057.53875,0.0,232217.02678700292,135417.3764906303,-0.06496710526315796
2015-10-08 00:00:00+00:00,2006.5,1989.845,2057.20875,0.0,232217.02678700292,136729.13117546844,-0.06496710526315796
2015-10-09 00:00:00+00:00,2007.5,1987.92,2056.85125,0.0,232217.02678700292,136797.27427597955,-0.06496710526315796
2015-10-12 00:00:00+00:00,2011.0,1986.17,2056.5125,0.0,232217.02678700292,137035.7751277683,-0.06496710526315796
2015-10-13 00:00:00+00:00,1994.0,1984.23,2056.06125,0.0,232217.02678700292,135877.34241908006,-0.06496710526315796
2015-10-14 00:00:00+00:00,1984.0,1982.25,2055.5525,0.0,232217.02678700292,135195.91141396933,-0.06496710526315796
2015-10-15 00:00:00+00:00,2019.0,1980.755,2055.26375,0.0,232217.02678700292,137580.9199318569,-0.06496710526315796
2015-10-16 00:00:00+00:00,2025.5,1979.675,2055.12875,0.0,232217.02678700292,138023.85008517886,-0.06496710526315796
2015-10-19 00:00:00+00:00,2027.5,1978.755,2055.035,0.0,232217.02678700292,138160.136286201,-0.06496710526315796
2015-10-20 00:00:00+00:00,2020.5,1977.17,2055.0575,0.0,232217.02678700292,137683.1345826235,-0.06496710526315796
2015-10-21 00:00:00+00:00,2008.5,1975.745,2055.1275,0.0,232217.02678700292,136865.4173764906,-0.06496710526315796
2015-10-22 00:00:00+00:00,2053.0,1975.12,2055.295,0.0,232217.02678700292,139897.78534923337,-0.06496710526315796
2015-10-23 00:00:00+00:00,2066.0,1974.83,2055.35,0.0,232217.02678700292,140783.6456558773,-0.06496710526315796
2015-10-26 00:00:00+00:00,2062.25,1974.285,2055.485,0.0,232217.02678700292,140528.10902896078,-0.06496710526315796
2015-10-27 00:00:00+00:00,2060.5,1973.51,2055.675,0.0,232217.02678700292,140408.8586030664,-0.06496710526315796
2015-10-28 00:00:00+00:00,2084.5,1973.32,2056.0175,0.0,232217.02678700292,142044.29301533216,-0.06496710526315796
2015-10-29 00:00:00+00:00,2083.0,1973.525,2056.395,0.0,232217.02678700292,141942.07836456556,-0.06496710526315796
2015-10-30 00:00:00+00:00,2073.75,1974.49,2056.81875,0.0,232217.02678700292,141311.75468483812,-0.06496710526315796
2015-11-02 00:00:00+00:00,2095.5,1976.97,2057.23125,0.0,232217.02678700292,142793.86712095395,-0.06496710526315796
2015-11-03 00:00:00+00:00,2103.0,1981.605,2057.6625,0.0,232217.02678700292,143304.940374787,-0.06496710526315796
2015-11-04 00:00:00+00:00,2094.75,1986.045,2058.00375,0.0,232217.02678700292,142742.75979557063,-0.06496710526315796
2015-11-05 00:00:00+00:00,2094.0,1989.165,2058.19125,0.0,232217.02678700292,142691.6524701873,-0.06496710526315796
2015-11-06 00:00:00+00:00,2093.75,1991.255,2058.44,0.0,232217.02678700292,142674.61669505955,-0.06496710526315796
2015-11-09 00:00:00+00:00,2073.0,1992.92,2058.5375,0.0,232217.02678700292,141260.64735945477,-0.06496710526315796
2015-11-10 00:00:00+00:00,2078.0,1995.095,2058.7775,0.0,232217.02678700292,141601.36286201014,-0.06496710526315796
2015-11-11 00:00:00+00:00,2069.0,1998.155,2059.165,0.0,232217.02678700292,140988.07495741048,-0.06496710526315796
2015-11-12 00:00:00+00:00,2040.5,2000.025,2059.275,0.0,232217.02678700292,139045.9965928449,-0.06496710526315796
2015-11-13 00:00:00+00:00,2018.5,2001.475,2059.425,0.0,232217.02678700292,137546.8483816013,-0.06496710526315796
2015-11-16 00:00:00+00:00,2048.0,2004.0,2059.58,0.0,232217.02678700292,139557.06984667794,-0.06496710526315796
2015-11-17 00:00:00+00:00,2049.0,2005.665,2059.615,0.0,232217.02678700292,139625.21294718902,-0.06496710526315796
2015-11-18 00:00:00+00:00,2079.75,2008.405,2059.86375,0.0,232217.02678700292,141720.61328790453,-0.06496710526315796
2015-11-19 00:00:00+00:00,2079.25,2011.0,2059.985,0.0,232217.02678700292,141686.54173764898,-0.06496710526315796
2015-11-20 00:00:00+00:00,2088.75,2013.57,2060.16375,0.0,232217.02678700292,142333.90119250419,-0.06496710526315796
2015-11-23 00:00:00+00:00,2084.25,2016.175,2060.3725,0.0,232217.02678700292,142027.25724020434,-0.06496710526315796
2015-11-24 00:00:00+00:00,2084.75,2018.275,2060.485,0.0,232217.02678700292,142061.32879045987,-0.06496710526315796
2015-11-25 00:00:00+00:00,2088.0,2020.07,2060.59625,0.0,232217.02678700292,142282.79386712087,-0.06496710526315796
2015-11-27 00:00:00+00:00,2090.0,2022.115,2060.62625,0.0,232217.02678700292,142419.080068143,-0.06496710526315796
2015-11-30 00:00:00+00:00,2079.75,2024.51,2060.5575,0.0,232217.02678700292,141720.61328790447,-0.06496710526315796
2015-12-01 00:00:00+00:00,2100.0,2027.25,2060.5775,0.0,232217.02678700292,143100.51107325373,-0.06496710526315796
2015-12-02 00:00:00+00:00,2081.5,2030.24,2060.5075,0.0,232217.02678700292,141839.86371379887,-0.06496710526315796
2015-12-03 00:00:00+00:00,2051.25,2032.695,2060.2875,0.0,232217.02678700292,139778.53492333888,-0.06496710526315796
2015-12-04 00:00:00+00:00,2088.5,2036.09,2060.195,0.0,232217.02678700292,142316.8654173764,-0.06496710526315796
2015-12-07 00:00:00+00:00,2081.0,2039.325,2060.06625,0.0,232217.02678700292,141805.79216354334,-0.06496710526315796
2015-12-08 00:00:00+00:00,2058.75,2043.06,2059.79125,0.0,232217.02678700292,140289.60817717196,-0.06496710526315796
2015-12-09 00:00:00+00:00,2042.0,2046.41,2059.45,0.0,232217.02678700292,139148.21124361147,-0.06496710526315796
2015-12-10 00:00:00+00:00,2049.25,2049.22,2059.14625,0.0,232217.02678700292,139642.24872231676,-0.06496710526315796
2015-12-11 00:00:00+00:00,2009.75,2051.08,2058.68125,0.0,232217.02678700292,136950.59625212938,-0.06496710526315796
2015-12-14 00:00:00+00:00,2018.5,2052.59,2058.20375,0.0,232217.02678700292,137546.84838160124,-0.06496710526315796
2015-12-15 00:00:00+00:00,2045.5,2054.005,2057.9075,0.0,232217.02678700292,139386.7120954002,-0.06496710526315796
2015-12-16 00:00:00+00:00,2072.0,2056.075,2057.785,0.0,232217.02678700292,141192.50425894366,-0.06496710526315796
2015-12-17 00:00:00+00:00,2034.25,2057.015,2057.4575,0.0,232217.02678700292,138620.10221465066,-0.06496710526315796
2015-12-18 00:00:00+00:00,2032.5,2057.535,2057.26625,0.0,232217.02678700292,138500.8517887563,-0.06496710526315796
2015-12-21 00:00:00+00:00,2015.0,2057.685,2056.9525,1.0,230217.61819228085,137308.3475298125,-0.07301781899397963
2015-12-22 00:00:00+00:00,2036.0,2058.185,2056.9225,1.0,232616.9085059473,138739.35264054505,-0.06335696251699374
2015-12-23 00:00:00+00:00,2053.0,2059.365,2056.99,1.0,234559.19114082016,139897.7853492333,-0.05553626917848142
2015-12-24 00:00:00+00:00,2051.25,2060.71,2056.92625,1.0,234359.25028134795,139778.5349233389,-0.05634134055156348
2015-12-28 00:00:00+00:00,2048.75,2061.305,2056.92125,1.0,234073.62048210195,139608.17717206123,-0.05749144251310945
2015-12-29 00:00:00+00:00,2072.75,2062.25,2056.9025,1.0,236815.66655486362,141243.61158432698,-0.04645046368226846
2015-12-30 00:00:00+00:00,2054.5,2062.79,2056.8025,1.0,234730.56902036778,139999.9999999999,-0.05484620800155371
2015-12-31 00:00:00+00:00,2035.5,2063.09,2056.4775,1.0,232559.78254609814,138705.28109028953,-0.06358698290930276
2016-01-04 00:00:00+00:00,2009.0,2063.1,2056.07,1.0,229532.10667409046,136899.4889267461,-0.07577806370168971
2016-01-05 00:00:00+00:00,2011.75,2062.275,2055.6225,1.0,229846.29945326108,137086.8824531515,-0.07451295154398918
2016-01-06 00:00:00+00:00,1986.0,2060.675,2055.07875,1.0,226904.31252102723,135332.1976149914,-0.08635900174791222
2016-01-07 00:00:00+00:00,1933.0,2058.09,2054.31875,1.0,220848.96077701193,131720.61328790453,-0.1107411633326858
2016-01-08 00:00:00+00:00,1911.5,2055.11,2053.6075,1.0,218392.54450349626,130255.53662691645,-0.12063204020198093
2016-01-11 00:00:00+00:00,1914.25,2051.705,2052.93625,1.0,218706.73728266684,130442.93015332191,-0.11936692804428051
2016-01-12 00:00:00+00:00,1925.0,2048.545,2052.29875,0.0,218706.73728266684,131175.46848381593,-0.11936692804428051
2016-01-13 00:00:00+00:00,1881.5,2044.7,2051.32875,0.0,218706.73728266684,128211.24361158424,-0.11936692804428051
2016-01-14 00:00:00+00:00,1914.5,2041.08,2050.5975,0.0,218706.73728266684,130459.96592844966,-0.11936692804428051
2016-01-15 00:00:00+00:00,1875.0,2036.52,2049.7075,0.0,218706.73728266684,127768.31345826227,-0.11936692804428051
2016-01-19 00:00:00+00:00,1873.0,2032.085,2048.775,0.0,218706.73728266684,127632.02725724012,-0.11936692804428051
2016-01-20 00:00:00+00:00,1855.0,2027.305,2047.68375,0.0,218706.73728266684,126405.45144804081,-0.11936692804428051
2016-01-21 00:00:00+00:00,1861.0,2022.65,2046.65,0.0,218706.73728266684,126814.31005110724,-0.11936692804428051
2016-01-22 00:00:00+00:00,1899.25,2019.175,2045.76625,0.0,218706.73728266684,129420.78364565579,-0.11936692804428051
2016-01-25 00:00:00+00:00,1870.25,2015.02,2044.68875,0.0,218706.73728266684,127444.63373083468,-0.11936692804428051
2016-01-26 00:00:00+00:00,1896.0,2011.56,2043.69125,0.0,218706.73728266684,129199.3185689948,-0.11936692804428051
2016-01-27 00:00:00+00:00,1875.0,2008.25,2042.63375,0.0,218706.73728266684,127768.31345826227,-0.11936692804428051
2016-01-28 00:00:00+00:00,1880.75,2005.495,2041.5825,0.0,218706.73728266684,128160.13628620096,-0.11936692804428051
2016-01-29 00:00:00+00:00,1930.0,2003.135,2040.73375,0.0,218706.73728266684,131516.1839863713,-0.11936692804428051
2016-02-01 00:00:00+00:00,1931.25,2000.78,2039.88625,0.0,218706.73728266684,131601.36286201014,-0.11936692804428051
2016-02-02 00:00:00+00:00,1897.5,1997.135,2038.99625,0.0,218706.73728266684,129301.5332197614,-0.11936692804428051
2016-02-03 00:00:00+00:00,1908.5,1993.72,2038.08375,0.0,218706.73728266684,130051.10732538321,-0.11936692804428051
2016-02-04 00:00:00+00:00,1907.75,1990.1,2037.1675,0.0,218706.73728266684,129999.99999999991,-0.11936692804428051
2016-02-05 00:00:00+00:00,1875.25,1985.92,2036.0425,0.0,218706.73728266684,127785.34923339005,-0.11936692804428051
2016-02-08 00:00:00+00:00,1852.0,1981.265,2034.7675,0.0,218706.73728266684,126201.02214650759,-0.11936692804428051
2016-02-09 00:00:00+00:00,1848.25,1976.47,2033.45,0.0,218706.73728266684,125945.48551959106,-0.11936692804428051
2016-02-10 00:00:00+00:00,1846.75,1971.605,2032.16,0.0,218706.73728266684,125843.27086882445,-0.11936692804428051
2016-02-11 00:00:00+00:00,1824.5,1966.5,2030.7225,0.0,218706.73728266684,124327.08688245306,-0.11936692804428051
2016-02-12 00:00:00+00:00,1858.25,1961.665,2029.51875,0.0,218706.73728266684,126626.91652470177,-0.11936692804428051
2016-02-16 00:00:00+00:00,1888.75,1957.81,2028.5675,0.0,218706.73728266684,128705.28109028951,-0.11936692804428051
2016-02-17 00:00:00+00:00,1922.75,1955.24,2027.67375,0.0,218706.73728266684,131022.14650766601,-0.11936692804428051
2016-02-18 00:00:00+00:00,1916.5,1951.8,2026.71,0.0,218706.73728266684,130596.25212947179,-0.11936692804428051
2016-02-19 00:00:00+00:00,1914.5,1948.47,2025.8625,0.0,218706.73728266684,130459.96592844964,-0.11936692804428051
2016-02-22 00:00:00+00:00,1936.25,1946.02,2025.1725,0.0,218706.73728266684,131942.07836456547,-0.11936692804428051
2016-02-23 00:00:00+00:00,1916.0,1943.5,2024.33125,0.0,218706.73728266684,130562.18057921625,-0.11936692804428051
2016-02-24 00:00:00+00:00,1930.25,1941.12,2023.44,0.0,218706.73728266684,131533.21976149906,-0.11936692804428051
2016-02-25 00:00:00+00:00,1950.5,1939.935,2022.70375,0.0,218706.73728266684,132913.11754684828,-0.11936692804428051
2016-02-26 00:00:00+00:00,1942.75,1938.42,2021.9425,0.0,218706.73728266684,132385.00851788747,-0.11936692804428051
2016-02-29 00:00:00+00:00,1929.5,1936.1,2021.1175,0.0,218706.73728266684,131482.11243611577,-0.11936692804428051
2016-03-01 00:00:00+00:00,1978.0,1934.22,2020.42,0.0,218706.73728266684,134787.05281090282,-0.11936692804428051
2016-03-02 00:00:00+00:00,1983.5,1933.205,2019.7425,0.0,218706.73728266684,135161.8398637137,-0.11936692804428051
2016-03-03 00:00:00+00:00,1990.5,1932.365,2019.065,0.0,218706.73728266684,135638.84156729124,-0.11936692804428051
2016-03-04 00:00:00+00:00,1995.0,1931.965,2018.4175,0.0,218706.73728266684,135945.48551959105,-0.11936692804428051
2016-03-07 00:00:00+00:00,1999.0,1931.225,2017.8,0.0,218706.73728266684,136218.05792163534,-0.11936692804428051
2016-03-08 00:00:00+00:00,1981.0,1929.785,2017.065,0.0,218706.73728266684,134991.482112436,-0.11936692804428051
2016-03-09 00:00:00+00:00,1989.0,1928.54,2016.3875,0.0,218706.73728266684,135536.6269165246,-0.11936692804428051
2016-03-10 00:00:00+00:00,1988.75,1927.34,2015.80625,0.0,218706.73728266684,135519.5911413968,-0.11936692804428051
2016-03-11 00:00:00+00:00,2020.0,1926.285,2015.30125,0.0,218706.73728266684,137649.06303236785,-0.11936692804428051
2016-03-14 00:00:00+00:00,2018.75,1925.57,2014.78625,0.0,218706.73728266684,137563.884156729,-0.11936692804428051
2016-03-15 00:00:00+00:00,2015.75,1925.175,2014.335,0.0,218706.73728266684,137359.4548551958,-0.11936692804428051
2016-03-16 00:00:00+00:00,2027.0,1925.535,2013.92375,0.0,218706.73728266684,138126.06473594537,-0.11936692804428051
2016-03-17 00:00:00+00:00,2039.75,1926.095,2013.58875,0.0,218706.73728266684,138994.88926746155,-0.11936692804428051
2016-03-18 00:00:00+00:00,2048.0,1927.335,2013.24875,0.0,218706.73728266684,139557.0698466779,-0.11936692804428051
2016-03-21 00:00:00+00:00,2042.75,1929.53,2012.9675,0.0,218706.73728266684,139199.3185689948,-0.11936692804428051
2016-03-22 00:00:00+00:00,2042.5,1932.15,2012.71875,0.0,218706.73728266684,139182.28279386702,-0.11936692804428051
2016-03-23 00:00:00+00:00,2028.75,1934.44,2012.47125,0.0,218706.73728266684,138245.31516183977,-0.11936692804428051
2016-03-24 00:00:00+00:00,2028.5,1936.51,2012.21375,0.0,218706.73728266684,138228.27938671198,-0.11936692804428051
2016-03-28 00:00:00+00:00,2028.0,1939.44,2011.81875,0.0,218706.73728266684,138194.20783645645,-0.11936692804428051
2016-03-29 00:00:00+00:00,2047.5,1942.1,2011.51,0.0,218706.73728266684,139522.99829642236,-0.11936692804428051
2016-03-30 00:00:00+00:00,2055.25,1945.705,2011.32125,0.0,218706.73728266684,140051.10732538317,-0.11936692804428051
2016-03-31 00:00:00+00:00,2051.5,1949.275,2011.15875,0.0,218706.73728266684,139795.57069846665,-0.11936692804428051
2016-04-01 00:00:00+00:00,2065.0,1953.475,2010.99625,0.0,218706.73728266684,140715.50255536614,-0.11936692804428051
2016-04-04 00:00:00+00:00,2057.5,1957.405,2010.79625,0.0,218706.73728266684,140204.42930153306,-0.11936692804428051
2016-04-05 00:00:00+00:00,2038.75,1960.195,2010.375,0.0,218706.73728266684,138926.74616695044,-0.11936692804428051
2016-04-06 00:00:00+00:00,2060.25,1963.995,2010.08375,0.0,218706.73728266684,140391.8228279385,-0.11936692804428051
2016-04-07 00:00:00+00:00,2035.0,1966.775,2009.695,0.0,218706.73728266684,138671.20954003395,-0.11936692804428051
2016-04-08 00:00:00+00:00,2040.75,1970.09,2009.31625,0.0,218706.73728266684,139063.0323679726,-0.11936692804428051
2016-04-11 00:00:00+00:00,2034.5,1973.165,2008.99125,0.0,218706.73728266684,138637.1379897784,-0.11936692804428051
2016-04-12 00:00:00+00:00,2055.75,1975.68,2008.8,0.0,218706.73728266684,140085.1788756387,-0.11936692804428051
2016-04-13 00:00:00+00:00,2076.0,1978.575,2008.70125,0.0,218706.73728266684,141465.07666098792,-0.11936692804428051
2016-04-14 00:00:00+00:00,2076.5,1982.155,2008.83125,0.0,218706.73728266684,141499.14821124348,-0.11936692804428051
2016-04-15 00:00:00+00:00,2075.0,1985.485,2008.93375,0.0,218706.73728266684,141396.93356047687,-0.11936692804428051
2016-04-18 00:00:00+00:00,2086.75,1989.065,2009.0125,0.0,218706.73728266684,142197.61499148197,-0.11936692804428051
2016-04-19 00:00:00+00:00,2093.75,1993.435,2009.1375,0.0,218706.73728266684,142674.61669505946,-0.11936692804428051
2016-04-20 00:00:00+00:00,2098.0,1998.355,2009.305,0.0,218706.73728266684,142964.2248722315,-0.11936692804428051
2016-04-21 00:00:00+00:00,2082.75,2003.045,2009.35,0.0,218706.73728266684,141925.04258943765,-0.11936692804428051
2016-04-22 00:00:00+00:00,2086.0,2007.83,2009.58375,0.0,218706.73728266684,142146.50766609865,-0.11936692804428051
2016-04-25 00:00:00+00:00,2083.25,2013.005,2009.79375,0.0,218706.73728266684,141959.1141396932,-0.11936692804428051
2016-04-26 00:00:00+00:00,2088.5,2017.61,2009.89125,1.0,219257.9003071401,142316.8654173763,-0.11714764393158772
2016-04-27 00:00:00+00:00,2090.75,2021.65,2009.8725,1.0,219494.1130319144,142470.18739352623,-0.11619652216900489
2016-04-28 00:00:00+00:00,2072.5,2024.645,2009.725,1.0,217578.16537541195,141226.57580919913,-0.12391117646550898
2016-04-29 00:00:00+00:00,2059.0,2027.495,2009.49875,1.0,216160.88902676632,140306.64395229964,-0.12961790704100506
2016-05-02 00:00:00+00:00,2074.25,2030.69,2009.285,1.0,217761.8863835697,141345.8262350935,-0.12317141509461138
2016-05-03 00:00:00+00:00,2057.0,2033.105,2008.97625,1.0,215950.9221603003,140170.35775127745,-0.13046334860774522
2016-05-04 00:00:00+00:00,2047.0,2035.725,2008.60125,1.0,214901.0878279702,139488.92674616672,-0.13469055644144612
2016-05-05 00:00:00+00:00,2044.0,2038.0,2008.24875,1.0,214586.13752827115,139284.4974446335,-0.1359587187915564
2016-05-06 00:00:00+00:00,2052.75,2040.045,2007.9725,1.0,215504.74256906004,139880.7495741054,-0.132259911937068
2016-05-09 00:00:00+00:00,2054.25,2042.275,2007.75125,1.0,215662.21771890955,139982.96422487203,-0.13162583076201284
2016-05-10 00:00:00+00:00,2077.5,2045.235,2007.75125,1.0,218103.08254157702,141567.29131175447,-0.12179757254865853
2016-05-11 00:00:00+00:00,2058.0,2046.835,2007.71875,1.0,216055.90559353333,140238.50085178856,-0.1300406278243751
2016-05-12 00:00:00+00:00,2058.75,2048.34,2007.57625,1.0,216134.6431684581,140289.60817717187,-0.12972358723684752
2016-05-13 00:00:00+00:00,2043.5,2049.4,2007.28625,1.0,214533.6458116547,139250.425894378,-0.1361700791832413
2016-05-16 00:00:00+00:00,2062.75,2050.755,2007.08125,1.0,216554.57690139013,140562.18057921613,-0.1280327041033672
2016-05-17 00:00:00+00:00,2043.5,2051.645,2006.80625,1.0,214533.6458116547,139250.425894378,-0.1361700791832413
2016-05-18 00:00:00+00:00,2041.5,2052.855,2006.55875,1.0,214323.6789451887,139114.13969335586,-0.13701552074998136
2016-05-19 00:00:00+00:00,2038.75,2053.85,2006.3375,1.0,214034.97450379794,138926.7461669504,-0.13817800290424898
2016-05-20 00:00:00+00:00,2050.0,2055.075,2006.11875,1.0,215216.0381276693,139693.35604769998,-0.1334223940913355
2016-05-23 00:00:00+00:00,2045.25,2055.58,2005.9475,1.0,214717.36681981254,139369.67632027238,-0.13543031781234327
2016-05-24 00:00:00+00:00,2075.0,2056.705,2005.955,1.0,217840.62395849454,141396.9335604768,-0.12285437450708347
2016-05-25 00:00:00+00:00,2087.25,2058.135,2005.8925,1.0,219126.67101559887,142231.68654173746,-0.11767604491080019
2016-05-26 00:00:00+00:00,2089.75,2059.39,2005.9425,1.0,219389.12959868144,142402.04429301515,-0.1166192429523748
2016-05-27 00:00:00+00:00,2097.25,2060.54,2006.0075,1.0,220176.50534792902,142913.1175468482,-0.11344883707709918
2016-05-31 00:00:00+00:00,2095.0,2061.48,2006.08,1.0,219940.29262315476,142759.79557069828,-0.11439995883968179
2016-06-01 00:00:00+00:00,2098.0,2062.585,2006.1225,1.0,220255.2429228538,142964.22487223148,-0.1131317964895715
2016-06-02 00:00:00+00:00,2103.75,2063.81,2006.145,1.0,220858.89766394362,143356.04770017017,-0.11070115198519348
2016-06-03 00:00:00+00:00,2097.75,2065.19,2006.16375,1.0,220228.9970645456,142947.18909710372,-0.11323747668541384
2016-06-06 00:00:00+00:00,2108.25,2066.785,2006.34125,1.0,221331.32311349217,143662.69165246998,-0.10879890846002815
2016-06-07 00:00:00+00:00,2110.25,2068.43,2006.765,1.0,221541.28997995818,143798.97785349214,-0.107953466893288
2016-06-08 00:00:00+00:00,2118.0,2069.84,2007.4975,1.0,222354.91158751398,144327.08688245295,-0.10467738082216993
2016-06-09 00:00:00+00:00,2114.25,2071.02,2008.7125,1.0,221961.2237128902,144071.55025553642,-0.10626258375980768
2016-06-10 00:00:00+00:00,2096.25,2071.915,2009.83,1.0,220071.52191469603,142844.97444633712,-0.11387155786046921
2016-06-13 00:00:00+00:00,2078.75,2072.19,2010.53375,1.0,218234.31183311838,141652.47018739334,-0.1212691715694455
2016-06-14 00:00:00+00:00,2074.5,2072.53,2010.96,1.0,217788.13224187808,141362.86201022126,-0.12306573489876838
2016-06-15 00:00:00+00:00,2071.75,2073.19,2011.37,1.0,217499.42780048732,141175.4684838158,-0.124228217053036
2016-06-16 00:00:00+00:00,2079.25,2073.57,2011.92,1.0,218286.8035497349,141686.54173764886,-0.12105781117776038
2016-06-17 00:00:00+00:00,2078.5,2074.44,2012.7325,1.0,218208.06597481016,141635.43441226557,-0.12137485176528795
2016-06-20 00:00:00+00:00,2074.25,2075.11,2013.36875,1.0,217761.8863835699,141345.82623509353,-0.12317141509461071
2016-06-21 00:00:00+00:00,2080.5,2076.03,2014.04125,1.0,218418.0328412762,141771.72061328776,-0.12052941019854768
2016-06-22 00:00:00+00:00,2076.75,2076.45,2014.81625,1.0,218024.3449666524,141516.18398637124,-0.12211461313618555
2016-06-23 00:00:00+00:00,2105.75,2077.045,2015.51625,1.0,221068.86453040966,143492.33390119232,-0.10985571041845321
2016-06-24 00:00:00+00:00,2018.5,2075.885,2015.895,1.0,211909.0599808296,137546.84838160122,-0.14673809876749266
2016-06-27 00:00:00+00:00,1985.0,2074.085,2016.0725,1.0,208392.11496752375,135264.05451448026,-0.16089924501039055
2016-06-28 00:00:00+00:00,2028.5,2072.92,2016.41375,1.0,212958.8943131597,138228.27938671195,-0.14251089093379188
2016-06-29 00:00:00+00:00,2066.75,2072.38,2016.9775,1.0,216974.5106343223,140834.75298126048,-0.12634182096988633
2016-06-30 00:00:00+00:00,2090.25,2072.225,2017.53,1.0,219441.62131529802,142436.11584327073,-0.11640788256068946
2016-07-01 00:00:00+00:00,2096.25,2072.495,2018.02,1.0,220071.5219146961,142844.97444633718,-0.11387155786046887
2016-07-05 00:00:00+00:00,2082.75,2072.43,2018.495,1.0,218654.24556605046,141925.04258943768,-0.11957828843596496
2016-07-06 00:00:00+00:00,2094.0,2072.645,2019.165,1.0,219835.3091899218,142691.65247018725,-0.1148226796230517
2016-07-07 00:00:00+00:00,2092.0,2072.715,2019.81,1.0,219625.34232345576,142555.3662691651,-0.11566812118979197
2016-07-08 00:00:00+00:00,2120.5,2073.31,2020.7525,1.0,222617.37017059655,144497.4446337307,-0.10362057886374454
2016-07-11 00:00:00+00:00,2130.25,2074.465,2021.76125,1.0,223640.95864461843,145161.83986371369,-0.09949905122588609
2016-07-12 00:00:00+00:00,2145.75,2076.2,2022.89625,1.0,225268.20185973006,146218.0579216353,-0.09294687908364996
2016-07-13 00:00:00+00:00,2146.0,2077.635,2024.03,1.0,225294.4477180383,146235.0936967631,-0.0928411988878074
2016-07-14 00:00:00+00:00,2157.25,2079.64,2025.45625,1.0,226475.51134190967,147001.70357751267,-0.08808559007489403
2016-07-15 00:00:00+00:00,2152.75,2081.755,2026.8475,1.0,226003.08589236112,146695.05962521283,-0.08998783360005935
2016-07-18 00:00:00+00:00,2160.0,2084.075,2028.10375,1.0,226764.21578330043,147189.0971039181,-0.0869231079206263
2016-07-19 00:00:00+00:00,2158.75,2086.195,2029.31375,1.0,226632.98649175916,147103.91822827928,-0.08745150889983899
2016-07-20 00:00:00+00:00,2167.5,2088.46,2030.43625,1.0,227551.59153254802,147700.17035775117,-0.08375270204535068
2016-07-21 00:00:00+00:00,2158.0,2090.07,2031.3525,1.0,226554.24891683445,147052.81090289596,-0.08776854948736634
2016-07-22 00:00:00+00:00,2167.5,2092.26,2032.3475,1.0,227551.59153254802,147700.17035775117,-0.08375270204535068
2016-07-25 00:00:00+00:00,2162.25,2094.33,2033.2225,1.0,227000.42850807472,147342.419080068,-0.08597198615804358
2016-07-26 00:00:00+00:00,2163.25,2096.725,2034.00625,1.0,227105.4119413077,147410.5621805791,-0.08554926537467356
2016-07-27 00:00:00+00:00,2160.5,2098.68,2034.77125,1.0,226816.70749991693,147223.1686541736,-0.08671174752894129
2016-07-28 00:00:00+00:00,2164.75,2101.105,2035.54,1.0,227262.88709115717,147512.77683134566,-0.08491518419961863
2016-07-29 00:00:00+00:00,2168.25,2103.64,2036.41125,1.0,227630.32910747273,147751.27768313442,-0.08343566145782333
2016-08-01 00:00:00+00:00,2164.5,2106.155,2037.31375,1.0,227236.64123284895,147495.7410562179,-0.08502086439546108
2016-08-02 00:00:00+00:00,2152.75,2108.21,2037.9825,1.0,226003.0858923611,146695.05962521277,-0.08998783360005946
2016-08-03 00:00:00+00:00,2157.0,2110.445,2038.64,1.0,226449.2654836014,146984.66780238485,-0.08819127027073659
2016-08-04 00:00:00+00:00,2159.25,2112.13,2039.29875,1.0,226685.4782083757,147137.98977853477,-0.08724014850815387
2016-08-05 00:00:00+00:00,2176.75,2113.92,2040.08,1.0,228522.68828995334,148330.49403747855,-0.07984253479917747
2016-08-08 00:00:00+00:00,2175.5,2115.635,2040.915,1.0,228391.45899841204,148245.3151618397,-0.08037093577839027
2016-08-09 00:00:00+00:00,2177.5,2117.24,2041.5375,1.0,228601.42586487805,148381.60136286184,-0.07952549421165012
2016-08-10 00:00:00+00:00,2172.75,2118.795,2042.07125,1.0,228102.75455702125,148057.92163543426,-0.081533417932658
2016-08-11 00:00:00+00:00,2181.75,2120.47,2042.66875,1.0,229047.6054561183,148671.2095400339,-0.07772893088232746
2016-08-12 00:00:00+00:00,2180.25,2122.0,2043.2675,1.0,228890.13030626878,148568.99488926728,-0.07836301205738261
2016-08-15 00:00:00+00:00,2186.0,2123.765,2043.775,1.0,229493.78504735863,148960.81771720597,-0.07593236755300448
2016-08-16 00:00:00+00:00,2176.75,2125.135,2044.24375,1.0,228522.68828995328,148330.49403747855,-0.07984253479917769
2016-08-17 00:00:00+00:00,2179.75,2126.525,2044.77375,1.0,228837.6385896523,148534.92333901176,-0.07857437244906751
2016-08-18 00:00:00+00:00,2183.5,2127.835,2045.21375,1.0,229231.32646427612,148790.45996592828,-0.07698916951142953
2016-08-19 00:00:00+00:00,2181.75,2129.185,2045.6075,1.0,229047.60545611836,148671.2095400339,-0.07772893088232724
2016-08-22 00:00:00+00:00,2181.5,2130.89,2046.04125,1.0,229021.3595978101,148654.17376490613,-0.07783461107816969
2016-08-23 00:00:00+00:00,2185.25,2133.02,2046.4975,1.0,229415.04747243391,148909.71039182265,-0.07624940814053183
2016-08-24 00:00:00+00:00,2175.0,2135.03,2046.90375,1.0,228338.96728179557,148211.24361158413,-0.08058229617007517
2016-08-25 00:00:00+00:00,2173.5,2137.065,2047.40625,1.0,228181.49213194606,148109.02896081752,-0.08121637734513032
2016-08-26 00:00:00+00:00,2168.5,2138.85,2047.85875,1.0,227656.574965781,147768.31345826216,-0.08332998126198066
2016-08-29 00:00:00+00:00,2179.25,2140.865,2048.41,1.0,228785.14687303588,148500.8517887562,-0.0787857328407523
2016-08-30 00:00:00+00:00,2175.25,2142.885,2049.08375,1.0,228365.21314010385,148228.2793867119,-0.0804766159742325
2016-08-31 00:00:00+00:00,2169.5,2144.665,2049.83875,1.0,227761.55839901406,147836.45655877324,-0.08290726047861041
2016-09-01 00:00:00+00:00,2167.25,2146.475,2050.435,1.0,227525.3456742398,147683.13458262334,-0.08385838224119302
2016-09-02 00:00:00+00:00,2178.0,2147.92,2051.08,1.0,228653.91758149464,148415.6729131174,-0.07931413381996477
2016-09-06 00:00:00+00:00,2184.5,2151.24,2051.60375,1.0,229336.3098975092,148858.60306643936,-0.07656644872805918
2016-09-07 00:00:00+00:00,2184.5,2155.23,2052.13,1.0,229336.3098975092,148858.60306643936,-0.07656644872805918
2016-09-08 00:00:00+00:00,2177.5,2158.21,2052.57375,1.0,228601.42586487814,148381.60136286184,-0.07952549421164978
2016-09-09 00:00:00+00:00,2122.75,2159.33,2052.76625,1.0,222853.58289537087,144650.76660988058,-0.10266945710116171
2016-09-12 00:00:00+00:00,2158.5,2160.695,2053.135,1.0,226606.74063345097,147086.88245315145,-0.08755718909568122
2016-09-13 00:00:00+00:00,2128.75,2161.345,2053.33875,1.0,223483.48349476894,145059.62521294705,-0.10013313240094113
2016-09-14 00:00:00+00:00,2120.25,2162.095,2053.49,1.0,222591.12431228836,144480.40885860292,-0.10372625905958677
2016-09-15 00:00:00+00:00,2145.0,2163.115,2053.81625,1.0,225189.46428480535,146166.950596252,-0.09326391967117731
2016-09-16 00:00:00+00:00,2141.75,2164.11,2054.025,1.0,224848.26812679807,145945.485519591,-0.09463776221713005
2016-09-19 00:00:00+00:00,2133.0,2164.36,2054.2825,1.0,223929.66308600927,145349.2333901191,-0.09833656907161814
2016-09-20 00:00:00+00:00,2131.0,2164.375,2054.68125,1.0,223719.69621954323,145212.94718909694,-0.09918201063835841
2016-09-21 00:00:00+00:00,2156.25,2164.585,2055.02,1.0,226370.52790867674,146933.56047700153,-0.08850831085826372
2016-09-22 00:00:00+00:00,2168.25,2165.03,2055.45625,1.0,227630.32910747282,147751.27768313442,-0.083435661457823
2016-09-23 00:00:00+00:00,2158.0,2165.045,2055.9525,1.0,226554.24891683448,147052.81090289593,-0.08776854948736623
2016-09-26 00:00:00+00:00,2139.75,2164.785,2056.44125,1.0,224638.30126033205,145809.19931856883,-0.09548320378387021
2016-09-27 00:00:00+00:00,2152.75,2164.64,2056.95875,1.0,226003.08589236118,146695.05962521277,-0.08998783360005913
2016-09-28 00:00:00+00:00,2163.25,2164.73,2057.72625,1.0,227105.4119413078,147410.56218057906,-0.08554926537467322
2016-09-29 00:00:00+00:00,2148.5,2164.35,2058.37625,1.0,225556.9063011209,146405.45144804072,-0.0917843969293819
2016-09-30 00:00:00+00:00,2160.5,2164.4,2058.95125,1.0,226816.707499917,147223.16865417358,-0.08671174752894095
2016-10-03 00:00:00+00:00,2153.25,2164.115,2059.3575,1.0,226055.57760897765,146729.1311754683,-0.08977647320837423
2016-10-04 00:00:00+00:00,2144.75,2163.765,2059.91,1.0,225163.21842649707,146149.91482112417,-0.09336959986701998
2016-10-05 00:00:00+00:00,2153.25,2163.565,2060.51375,1.0,226055.57760897765,146729.1311754683,-0.08977647320837423
2016-10-06 00:00:00+00:00,2156.5,2163.485,2061.22125,1.0,226396.77376698493,146950.59625212927,-0.08840263066242149
2016-10-07 00:00:00+00:00,2146.5,2163.12,2061.77375,1.0,225346.93943465484,146269.16524701854,-0.09262983849612227
2016-10-11 00:00:00+00:00,2134.5,2162.445,2062.18125,1.0,224087.13823585873,145451.44804088568,-0.09770248789656322
2016-10-12 00:00:00+00:00,2131.5,2161.785,2062.5825,1.0,223772.1879361597,145247.01873935247,-0.09897065024667351
2016-10-13 00:00:00+00:00,2126.25,2161.255,2062.97,1.0,223221.02491168637,144889.2674616693,-0.10118993435936652
2016-10-14 00:00:00+00:00,2127.0,2160.655,2063.24125,1.0,223299.7624866111,144940.37478705263,-0.10087289377183917
2016-10-17 00:00:00+00:00,2123.0,2159.93,2063.58375,1.0,222879.82875367906,144667.8023850083,-0.10256377690531937
2016-10-18 00:00:00+00:00,2132.0,2159.035,2064.06625,1.0,223824.67965277616,145281.090289608,-0.09875928985498861
2016-10-19 00:00:00+00:00,2138.0,2158.285,2064.71125,1.0,224454.58025217423,145689.9488926744,-0.09622296515476814
2016-10-20 00:00:00+00:00,2137.0,2157.475,2065.3375,1.0,224349.59681894124,145621.80579216336,-0.09664568593813805
2016-10-21 00:00:00+00:00,2134.75,2156.715,2066.08125,1.0,224113.38409416698,145468.48381601344,-0.09759680770072077
2016-10-24 00:00:00+00:00,2144.25,2155.965,2067.1375,1.0,225110.72670988055,146115.84327086865,-0.0935809602587051
2016-10-25 00:00:00+00:00,2138.0,2155.12,2068.27,1.0,224454.58025217423,145689.94889267444,-0.09622296515476814
2016-10-26 00:00:00+00:00,2134.0,2154.08,2069.36875,1.0,224034.6465192422,145417.37649063012,-0.09791384828824834
2016-10-27 00:00:00+00:00,2123.5,2153.015,2070.36125,1.0,222932.32047029558,144701.87393526387,-0.10235241651363425
2016-10-28 00:00:00+00:00,2123.75,2151.895,2071.5725,1.0,222958.56632860383,144718.9097103916,-0.1022467363177918
2016-10-31 00:00:00+00:00,2120.0,2150.625,2072.6,1.0,222564.87845398003,144463.37308347507,-0.10383193925542966
2016-11-01 00:00:00+00:00,2103.75,2149.065,2073.74375,1.0,220858.89766394362,143356.04770017014,-0.11070115198519348
2016-11-02 00:00:00+00:00,2092.25,2147.28,2074.84,1.0,219651.588181764,142572.4020442928,-0.11556244099394941
2016-11-03 00:00:00+00:00,2083.5,2145.245,2075.9825,1.0,218732.98314097518,141976.1499148209,-0.11926124784843761
2016-11-04 00:00:00+00:00,2080.0,2143.345,2077.0775,1.0,218365.54112465962,141737.64906303215,-0.12074077059023303
2016-11-07 00:00:00+00:00,2129.0,2142.455,2078.22625,1.0,223509.7293530771,145076.66098807473,-0.10002745220509901
2016-11-08 00:00:00+00:00,2135.5,2141.795,2079.5525,1.0,224192.12166909163,145519.5911413967,-0.09727976711319353
2016-11-09 00:00:00+00:00,2160.25,2141.415,2080.87375,1.0,226790.4616416086,147206.13287904573,-0.08681742772478418
2016-11-10 00:00:00+00:00,2167.25,2141.255,2082.335,1.0,227525.34567423965,147683.13458262326,-0.08385838224119369
2016-11-14 00:00:00+00:00,2160.5,2141.075,2083.73375,1.0,226816.70749991684,147223.1686541735,-0.08671174752894173
2016-11-15 00:00:00+00:00,2179.25,2141.315,2084.98,1.0,228785.14687303576,148500.85178875615,-0.07878573284075274
2016-11-16 00:00:00+00:00,2172.75,2141.21,2086.1875,1.0,228102.7545570212,148057.92163543418,-0.08153341793265823
2016-11-17 00:00:00+00:00,2184.25,2141.205,2087.62125,1.0,229310.06403920084,148841.5672913115,-0.07667212892390218
2016-11-18 00:00:00+00:00,2180.75,2141.13,2088.9825,1.0,228942.6220228853,148603.06643952275,-0.07815165166569749
2016-11-21 00:00:00+00:00,2193.0,2141.44,2090.40875,1.0,230228.6690799897,149437.8194207834,-0.07297332206941387
2016-11-22 00:00:00+00:00,2200.25,2142.99,2092.03375,1.0,230989.79897092903,149931.8568994887,-0.0699085963899807
2016-11-23 00:00:00+00:00,2200.75,2143.835,2093.7775,1.0,231042.29068754555,149965.92844974424,-0.06969723599829558
2016-11-25 00:00:00+00:00,2211.25,2145.485,2095.5925,1.0,232144.61673649217,150681.4310051105,-0.06525866777290967
2016-11-28 00:00:00+00:00,2200.75,2147.095,2097.3625,1.0,231042.2906875456,149965.92844974424,-0.06969723599829536
2016-11-29 00:00:00+00:00,2203.75,2148.27,2099.25875,1.0,231357.24098724464,150170.35775127748,-0.06842907364818518
2016-11-30 00:00:00+00:00,2198.75,2149.41,2100.96125,1.0,230832.3238210796,149829.6422487221,-0.07054267756503552
2016-12-01 00:00:00+00:00,2192.0,2150.59,2102.4775,1.0,230123.68564675678,149369.67632027235,-0.07339604285278356
2016-12-02 00:00:00+00:00,2192.0,2151.81,2103.82375,1.0,230123.68564675678,149369.67632027235,-0.07339604285278356
2016-12-05 00:00:00+00:00,2204.25,2152.77,2105.2625,1.0,231409.73270386117,150204.429301533,-0.06821771325650006
2016-12-06 00:00:00+00:00,2210.0,2153.605,2106.74,1.0,232013.38744495096,150596.2521294717,-0.06578706875212215
2016-12-07 00:00:00+00:00,2236.75,2155.18,2108.2425,1.0,234821.69428393393,152419.08006814285,-0.05447928779697253
2016-12-08 00:00:00+00:00,2247.75,2157.34,2109.90125,1.0,235976.51204949705,153168.65417376466,-0.04982935917990161
2016-12-09 00:00:00+00:00,2260.0,2159.485,2111.55,1.0,237262.5591066014,154003.4071550253,-0.04465102958361822
2016-12-12 00:00:00+00:00,2256.0,2161.34,2113.0775,1.0,236842.62537366938,153730.83475298103,-0.04634191271709853
2016-12-13 00:00:00+00:00,2273.25,2163.835,2114.73,1.0,238653.58959693878,154906.30323679704,-0.03904997920396458
2016-12-14 00:00:00+00:00,2257.0,2165.765,2116.3675,1.0,236947.60880690237,153798.9778534921,-0.04591919193372851
2016-12-15 00:00:00+00:00,2263.5,2167.97,2117.795,1.0,237630.00112291693,154241.90800681408,-0.043171506841822915
2016-12-16 00:00:00+00:00,2267.5,2170.425,2119.215,1.0,238049.934855849,154514.4804088584,-0.04148062370834249
2016-12-19 00:00:00+00:00,2260.0,2172.56,2120.5625,1.0,237262.5591066014,154003.4071550253,-0.04465102958361822
2016-12-20 00:00:00+00:00,2266.5,2174.76,2121.92,1.0,237944.95142261597,154446.33730834728,-0.041903344491712624
2016-12-21 00:00:00+00:00,2260.5,2177.04,2123.2275,1.0,237315.0508232179,154037.47870528084,-0.044439669191933207
2016-12-22 00:00:00+00:00,2258.75,2179.525,2124.61625,1.0,237131.32981506013,153918.22827938647,-0.0451794305628308
2016-12-23 00:00:00+00:00,2260.0,2182.095,2125.97125,1.0,237262.55910660137,154003.40715502528,-0.04465102958361833
2016-12-27 00:00:00+00:00,2261.0,2184.79,2127.3325,1.0,237367.5425398344,154071.5502555364,-0.044228308800248195
2016-12-28 00:00:00+00:00,2245.25,2187.155,2128.45875,1.0,235714.0534664145,152998.29642248698,-0.05088616113832689
2016-12-29 00:00:00+00:00,2245.0,2189.595,2129.59,1.0,235687.8076081063,152981.26064735922,-0.05099184133416934
2016-12-30 00:00:00+00:00,2236.25,2191.68,2130.6925,1.0,234769.20256731746,152385.00851788733,-0.05469064818865743
2017-01-03 00:00:00+00:00,2252.5,2193.97,2131.82,1.0,236475.18335735388,153492.33390119227,-0.04782143545889361
2017-01-04 00:00:00+00:00,2264.25,2196.515,2132.9425,1.0,237708.73869784173,154293.01533219736,-0.04285446625429523
2017-01-05 00:00:00+00:00,2264.25,2199.105,2134.02375,1.0,237708.73869784173,154293.01533219736,-0.04285446625429523
2017-01-06 00:00:00+00:00,2271.5,2201.65,2135.1675,1.0,238469.86858878104,154787.05281090265,-0.039789740574862176
2017-01-09 00:00:00+00:00,2265.0,2204.19,2136.28,1.0,237787.47627276648,154344.12265758065,-0.04253742566676766
2017-01-10 00:00:00+00:00,2263.75,2206.785,2137.455,1.0,237656.24698122524,154258.94378194184,-0.04306582664598024
2017-01-11 00:00:00+00:00,2270.5,2209.725,2138.665,1.0,238364.88515554802,154718.90971039157,-0.04021246135823231
2017-01-12 00:00:00+00:00,2263.5,2212.52,2139.8425,1.0,237630.00112291696,154241.90800681405,-0.043171506841822804
2017-01-13 00:00:00+00:00,2272.5,2215.57,2140.9675,1.0,238574.85202201406,154855.19591141373,-0.03936701979149204
2017-01-17 00:00:00+00:00,2262.75,2218.75,2142.005,1.0,237551.26354799222,154190.80068143076,-0.04348854742935038
2017-01-18 00:00:00+00:00,2266.5,2222.235,2143.08,1.0,237944.95142261597,154446.33730834728,-0.041903344491712624
2017-01-19 00:00:00+00:00,2261.5,2225.795,2144.0625,1.0,237420.03425645092,154105.62180579192,-0.04401694840856307
2017-01-20 00:00:00+00:00,2266.0,2229.515,2145.105,1.0,237892.45970599947,154412.26575809173,-0.042114704883397636
2017-01-23 00:00:00+00:00,2262.0,2232.175,2146.22125,1.0,237472.52597306744,154139.69335604744,-0.04380558801687795
2017-01-24 00:00:00+00:00,2274.5,2234.955,2147.2925,1.0,238784.81888848008,154991.4821124359,-0.038521578224751885
2017-01-25 00:00:00+00:00,2294.0,2237.63,2148.5875,1.0,240831.99583652374,156320.2725724018,-0.030278522949035436
2017-01-26 00:00:00+00:00,2294.0,2240.165,2149.85375,1.0,240831.99583652374,156320.2725724018,-0.030278522949035436
2017-01-27 00:00:00+00:00,2289.0,2242.735,2151.12625,1.0,240307.07867035872,155979.55706984643,-0.03239212686588566
2017-01-30 00:00:00+00:00,2276.0,2244.67,2152.2275,1.0,238942.29403832962,155093.6967632025,-0.03788749704969663
2017-01-31 00:00:00+00:00,2274.5,2246.705,2153.22,1.0,238784.8188884801,154991.4821124359,-0.038521578224751774
2017-02-01 00:00:00+00:00,2274.5,2248.51,2154.21,1.0,238784.8188884801,154991.4821124359,-0.038521578224751774
2017-02-02 00:00:00+00:00,2275.5,2250.405,2155.2125,1.0,238889.8023217131,155059.62521294696,-0.03809885744138175
2017-02-03 00:00:00+00:00,2291.0,2252.365,2156.23375,1.0,240517.04553682476,156115.84327086862,-0.031546685299145394
2017-02-06 00:00:00+00:00,2286.5,2254.09,2157.1975,1.0,240044.6200872762,155809.19931856875,-0.03344892882431083
2017-02-07 00:00:00+00:00,2288.5,2255.845,2158.15,1.0,240254.58695374225,155945.4855195909,-0.03260348725757056
2017-02-08 00:00:00+00:00,2290.25,2257.425,2159.1875,1.0,240438.30796190005,156064.7359454853,-0.031863725886672856
2017-02-09 00:00:00+00:00,2304.25,2259.495,2160.27875,1.0,241908.07602716223,157018.73935264032,-0.025945634919491534
2017-02-10 00:00:00+00:00,2312.75,2261.675,2161.42625,1.0,242800.4352096428,157597.95570698444,-0.022352508260845894
2017-02-13 00:00:00+00:00,2326.25,2264.225,2162.615,1.0,244217.71155828846,158517.88756388394,-0.016645777685349694
2017-02-14 00:00:00+00:00,2337.0,2267.125,2163.84625,1.0,245346.28346554333,159250.425894378,-0.012101529264121225
2017-02-15 00:00:00+00:00,2350.5,2270.295,2165.23625,1.0,246763.55981418895,160170.35775127748,-0.006394798688625136
2017-02-16 00:00:00+00:00,2345.5,2273.12,2166.66875,1.0,246238.6426480239,159829.6422487221,-0.008508402605475585
2017-02-17 00:00:00+00:00,2348.0,2275.88,2168.0375,1.0,246501.1012311064,159999.9999999998,-0.007451600647050416
2017-02-21 00:00:00+00:00,2360.0,2278.345,2169.5525,1.0,247760.90242990252,160817.71720613266,-0.002378951246609473
2017-02-22 00:00:00+00:00,2361.0,2280.61,2171.1225,1.0,247865.8858631355,160885.86030664374,-0.00195623046323945
2017-02-23 00:00:00+00:00,2362.75,2282.665,2172.71625,1.0,248049.6068712933,161005.11073253813,-0.0012164690923417432
2017-02-24 00:00:00+00:00,2365.0,2284.845,2174.2775,1.0,248285.81959606754,161158.43270868805,-0.0002653473297592468
2017-02-27 00:00:00+00:00,2368.25,2286.745,2175.8475,1.0,248627.01575407482,161379.89778534902,0.0
2017-02-28 00:00:00+00:00,2362.75,2288.86,2177.27375,1.0,248049.60687129328,161005.11073253813,-0.0023223899503852508
2017-03-01 00:00:00+00:00,2393.5,2291.46,2178.95125,1.0,251277.8474432083,163100.51107325364,0.0
2017-03-02 00:00:00+00:00,2382.0,2293.75,2180.5675,1.0,250070.53796102866,162316.86541737628,-0.004804679339878937
2017-03-03 00:00:00+00:00,2381.25,2296.175,2182.25625,1.0,249991.80038610392,162265.758091993,-0.0051180279924797345
2017-03-06 00:00:00+00:00,2375.5,2298.355,2183.82,1.0,249388.14564501413,161873.93526405434,-0.007520367662419036
2017-03-07 00:00:00+00:00,2366.5,2300.475,2185.435,1.0,248443.29474591702,161260.64735945466,-0.01128055149362861
2017-03-08 00:00:00+00:00,2364.0,2302.58,2187.0475,1.0,248180.83616283452,161090.28960817697,-0.012325047002297862
2017-03-09 00:00:00+00:00,2366.25,2304.705,2188.685,1.0,248417.04888760878,161243.6115843269,-0.01138500104449558
2017-03-10 00:00:00+00:00,2371.75,2306.92,2190.29375,1.0,248994.45777039032,161618.3986371378,-0.009087110925423136
2017-03-13 00:00:00+00:00,2375.0,2309.515,2191.9425,1.0,249335.6539283976,161839.86371379878,-0.0077292667641529755
2017-03-14 00:00:00+00:00,2366.5,2311.945,2193.4,1.0,248443.29474591702,161260.64735945466,-0.01128055149362861
2017-03-15 00:00:00+00:00,2383.75,2314.895,2194.8825,1.0,250254.25896918643,162436.11584327064,-0.0040735324838104825
2017-03-16 00:00:00+00:00,2382.75,2317.5,2196.3475,1.0,250149.27553595343,162367.9727427596,-0.004491330687278139
2017-03-17 00:00:00+00:00,2384.5,2319.905,2197.78375,1.0,250332.9965441112,162487.22316865393,-0.0037601838312095737
2017-03-20 00:00:00+00:00,2370.25,2322.025,2199.16,1.0,248836.9826205408,161516.18398637115,-0.009713808230624732
2017-03-21 00:00:00+00:00,2342.25,2323.44,2200.38125,1.0,245897.44649001653,159608.1771720611,-0.021412157927721
2017-03-22 00:00:00+00:00,2342.5,2324.99,2201.575,1.0,245923.69234832484,159625.21294718888,-0.021307708376853918
2017-03-23 00:00:00+00:00,2340.0,2326.515,2202.78625,1.0,245661.2337652423,159454.8551959112,-0.02235220388552328
2017-03-24 00:00:00+00:00,2344.75,2328.0,2203.96875,1.0,246159.9050730991,159778.5349233388,-0.020367662419051524
2017-03-27 00:00:00+00:00,2338.5,2329.5,2205.11,1.0,245503.75861539278,159352.6405451446,-0.022978901190724876
2017-03-28 00:00:00+00:00,2351.5,2331.08,2206.2775,1.0,246868.54324742188,160238.50085178853,-0.017547524545644566
2017-03-29 00:00:00+00:00,2357.0,2332.965,2207.49125,1.0,247445.95213020343,160613.28790459942,-0.015249634426572123
2017-03-30 00:00:00+00:00,2364.5,2334.925,2208.8325,1.0,248233.32787945098,161124.36115843244,-0.012116147900564256
2017-03-31 00:00:00+00:00,2359.25,2336.88,2210.235,1.0,247682.16485497772,160766.60988074934,-0.014309588468769618
2017-04-03 00:00:00+00:00,2356.0,2338.68,2211.6425,1.0,247340.96869697043,160545.14480408834,-0.01566743263003978
2017-04-04 00:00:00+00:00,2356.5,2340.57,2213.06625,1.0,247393.46041358696,160579.2163543439,-0.01545853352830584
2017-04-05 00:00:00+00:00,2346.5,2342.01,2214.4025,1.0,246343.62608125687,159897.78534923316,-0.01963651556298307
2017-04-06 00:00:00+00:00,2353.75,2343.205,2215.77875,1.0,247104.75597219617,160391.82282793842,-0.01660747858784206
2017-04-07 00:00:00+00:00,2352.25,2344.37,2217.16875,1.0,246947.28082234666,160289.60817717182,-0.017234175893043657
2017-04-10 00:00:00+00:00,2352.5,2345.64,2218.52875,1.0,246973.52668065493,160306.64395229958,-0.017129726342176688
2017-04-11 00:00:00+00:00,2351.0,2347.14,2219.9,1.0,246816.05153080542,160204.42930153297,-0.017756423647378283
2017-04-12 00:00:00+00:00,2340.75,2348.465,2221.075,1.0,245739.97134016707,159505.96252129448,-0.022038855232922372
2017-04-13 00:00:00+00:00,2327.5,2349.525,2222.62,1.0,244348.9408498297,158603.06643952275,-0.027574681428869763
2017-04-17 00:00:00+00:00,2345.0,2350.915,2224.42,1.0,246186.15093140738,159795.57069846656,-0.020263212868184555
2017-04-18 00:00:00+00:00,2337.25,2351.84,2225.96375,1.0,245372.52932385157,159267.46166950575,-0.02350114894505928
2017-04-19 00:00:00+00:00,2333.75,2352.785,2227.29875,1.0,245005.08730753604,159028.960817717,-0.0249634426571963
2017-04-20 00:00:00+00:00,2352.0,2354.055,2228.6075,1.0,246921.0349640385,160272.57240204408,-0.017338625443910183
2017-04-21 00:00:00+00:00,2347.5,2355.2,2229.86375,1.0,246448.60951448994,159965.92844974427,-0.01921871735951508
2017-04-24 00:00:00+00:00,2370.0,2356.515,2231.3,1.0,248810.73676223267,161499.14821124342,-0.009818257781491146
2017-04-25 00:00:00+00:00,2385.0,2357.96,2232.755,1.0,250385.48826072778,162521.2947189095,-0.0035512847294754124
2017-04-26 00:00:00+00:00,2382.25,2359.08,2234.20625,1.0,250096.78381933706,162333.90119250407,-0.004700229789011523
2017-04-27 00:00:00+00:00,2386.0,2360.06,2235.53375,1.0,250490.4716939608,162589.43781942056,-0.003133486526007645
2017-04-28 00:00:00+00:00,2380.5,2360.66,2236.785,1.0,249913.06281117923,162214.65076660964,-0.005431376645080199
2017-05-01 00:00:00+00:00,2387.0,2361.49,2237.99125,1.0,250595.45512719383,162657.58091993164,-0.0027156883225398776
2017-05-02 00:00:00+00:00,2385.75,2362.245,2239.19,1.0,250464.22583565256,162572.4020442928,-0.0032379360768746146
2017-05-03 00:00:00+00:00,2383.25,2362.71,2240.32,1.0,250201.76725257005,162402.04429301512,-0.004282431585543867
2017-05-04 00:00:00+00:00,2385.5,2363.2,2241.48375,1.0,250437.9799773443,162555.36626916504,-0.003342385627741473
2017-05-05 00:00:00+00:00,2397.75,2363.9,2242.6725,1.0,251724.02703444866,163390.11925042566,0.0
2017-05-08 00:00:00+00:00,2395.0,2364.5,2243.85375,1.0,251435.32259305785,163202.7257240202,-0.0011469085601085727
2017-05-09 00:00:00+00:00,2393.25,2365.0,2244.9825,1.0,251251.60158490008,163083.47529812582,-0.001876759461995725
2017-05-10 00:00:00+00:00,2395.25,2365.65,2246.16875,1.0,251461.56845136613,163219.76149914795,-0.0010426441455532176
2017-05-11 00:00:00+00:00,2391.0,2365.6,2247.28625,1.0,251015.38886012582,162930.1533219759,-0.0028151391929935876
2017-05-12 00:00:00+00:00,2388.75,2365.735,2248.41875,1.0,250779.17613535153,162776.83134582598,-0.00375351892399145
2017-05-15 00:00:00+00:00,2398.5,2366.08,2249.595,1.0,251802.7646093734,163441.22657580892,0.0
2017-05-16 00:00:00+00:00,2397.0,2366.51,2250.7775,1.0,251645.2894595239,163339.01192504232,-0.000625390869293363
2017-05-17 00:00:00+00:00,2357.5,2366.33,2251.74125,1.0,247498.44384682,160647.35945485494,-0.017094017094017144
2017-05-18 00:00:00+00:00,2363.5,2366.32,2252.7175,1.0,248128.34444621808,161056.21805792136,-0.014592453616843803
2017-05-19 00:00:00+00:00,2381.5,2366.625,2253.8025,1.0,250018.04624441225,162282.79386712066,-0.007087763185324114
2017-05-22 00:00:00+00:00,2392.75,2367.045,2255.0025,1.0,251199.10986828362,163049.40374787027,-0.0023973316656242805
2017-05-23 00:00:00+00:00,2398.0,2367.505,2256.2075,1.0,251750.27289275688,163407.1550255534,-0.00020846362309789868
2017-05-24 00:00:00+00:00,2402.0,2368.215,2257.42125,1.0,252170.2066256889,163679.72742759765,0.0
2017-05-25 00:00:00+00:00,2413.5,2368.81,2258.605,1.0,253377.51610786855,164463.37308347502,0.0
2017-05-26 00:00:00+00:00,2413.75,2369.43,2259.79625,1.0,253403.76196617683,164480.4088586028,0.0
2017-05-30 00:00:00+00:00,2410.75,2369.955,2260.9625,1.0,253088.8116664778,164275.97955706957,-0.0012428793371310753
2017-05-31 00:00:00+00:00,2411.0,2370.77,2262.15375,1.0,253115.057524786,164293.01533219733,-0.001139306059036893
2017-06-01 00:00:00+00:00,2429.5,2372.515,2263.3925,1.0,255057.25103959665,165553.66269165216,0.0
2017-06-02 00:00:00+00:00,2437.75,2374.42,2264.68,1.0,255923.36436376898,166115.8432708685,0.0
2017-06-05 00:00:00+00:00,2434.5,2376.31,2265.9225,1.0,255582.1682057617,165894.3781942075,-0.00133319659522102
2017-06-06 00:00:00+00:00,2430.75,2378.03,2267.1925,1.0,255188.4803311379,165638.841567291,-0.002871500358937684
2017-06-07 00:00:00+00:00,2432.0,2379.9,2268.45375,1.0,255319.70962267913,165724.02044292985,-0.002358732437698907
2017-06-08 00:00:00+00:00,2432.5,2381.52,2269.69875,1.0,255372.2013392956,165758.09199318537,-0.002153625269203485
2017-06-09 00:00:00+00:00,2430.5,2382.99,2270.9425,1.0,255162.2344728296,165621.8057921632,-0.0029740539431856172
2017-06-12 00:00:00+00:00,2428.5,2384.27,2272.1775,1.0,254952.26760636354,165485.51959114106,-0.0037944826171678603
2017-06-13 00:00:00+00:00,2440.0,2385.885,2273.45125,1.0,256159.57708854316,166269.16524701842,0.0
2017-06-14 00:00:00+00:00,2437.25,2387.51,2274.7625,1.0,255870.87264715237,166081.77172061295,-0.0011270491803279103
2017-06-15 00:00:00+00:00,2434.25,2389.065,2276.06625,1.0,255555.92234745334,165877.34241907974,-0.0023565573770492065
2017-06-16 00:00:00+00:00,2433.75,2390.81,2277.3925,1.0,255503.4306308368,165843.2708688242,-0.0025614754098362003
2017-06-19 00:00:00+00:00,2447.5,2392.685,2278.73375,1.0,256946.9528377907,166780.23850085147,0.0
2017-06-20 00:00:00+00:00,2437.5,2394.39,2280.045,1.0,255897.1185054606,166098.80749574074,-0.0040858018386109585
2017-06-21 00:00:00+00:00,2433.5,2396.01,2281.365,1.0,255477.18477252856,165826.23509369642,-0.005720122574055186
2017-06-22 00:00:00+00:00,2431.75,2397.625,2282.6875,1.0,255293.4637643708,165706.98466780205,-0.006435137895812071
2017-06-23 00:00:00+00:00,2435.0,2399.51,2283.9725,1.0,255634.65992237808,165928.44974446303,-0.005107252298263587
2017-06-26 00:00:00+00:00,2436.0,2401.68,2285.23,1.0,255739.64335561113,165996.59284497413,-0.004698672114402336
2017-06-27 00:00:00+00:00,2420.5,2403.19,2286.41,1.0,254112.40014049946,164940.3747870525,-0.011031664964249233
2017-06-28 00:00:00+00:00,2438.5,2405.215,2287.715,1.0,256002.10193869364,166166.95059625182,-0.003677221654749707
2017-06-29 00:00:00+00:00,2420.0,2406.94,2289.20125,1.0,254059.90842388294,164906.30323679696,-0.011235955056179803
2017-06-30 00:00:00+00:00,2421.0,2408.32,2290.51375,1.0,254164.89185711596,164974.44633730804,-0.010827374872318662
2017-07-03 00:00:00+00:00,2425.0,2409.87,2291.995,1.0,254584.82559004799,165247.0187393523,-0.009193054136874435
2017-07-05 00:00:00+00:00,2428.0,2411.03,2293.53375,1.0,254899.77588974702,165451.44804088553,-0.007967313585291125
2017-07-06 00:00:00+00:00,2408.5,2411.5,2294.85125,1.0,252852.59894170333,164122.6575809196,-0.01593462717058225
2017-07-07 00:00:00+00:00,2422.5,2412.305,2296.255,1.0,254322.36700696548,165076.66098807464,-0.010214504596527063
2017-07-10 00:00:00+00:00,2424.5,2413.075,2297.7125,1.0,254532.33387343146,165212.94718909677,-0.009397344228805005
2017-07-11 00:00:00+00:00,2424.5,2413.955,2299.18,1.0,254532.33387343146,165212.94718909677,-0.009397344228805005
2017-07-12 00:00:00+00:00,2440.0,2415.015,2300.59875,1.0,256159.5770885431,166269.1652470184,-0.00306435137895833
2017-07-13 00:00:00+00:00,2445.5,2416.21,2301.985,1.0,256736.9859713247,166643.9522998293,-0.0008171603677221695
2017-07-14 00:00:00+00:00,2456.0,2417.665,2303.475,1.0,257839.31202027132,167359.4548551956,0.0
2017-07-17 00:00:00+00:00,2458.5,2419.125,2305.06875,1.0,258101.77060335386,167529.81260647328,0.0
2017-07-18 00:00:00+00:00,2457.75,2420.325,2306.59375,1.0,258023.03302842908,167478.70528108996,-0.00030506406345343073
2017-07-19 00:00:00+00:00,2471.5,2421.855,2308.135,1.0,259466.55523538298,168415.67291311722,0.0
2017-07-20 00:00:00+00:00,2471.25,2423.415,2309.74875,1.0,259440.30937707474,168398.63713798948,-0.00010115314586278679
2017-07-21 00:00:00+00:00,2469.5,2424.9,2311.29375,1.0,259256.58836891697,168279.3867120951,-0.0008092251669026274
2017-07-24 00:00:00+00:00,2468.5,2426.45,2312.87,1.0,259151.60493568398,168211.24361158404,-0.0012138377503539965
2017-07-25 00:00:00+00:00,2474.0,2428.155,2314.51625,1.0,259729.01381846555,168586.03066439496,0.0
2017-07-26 00:00:00+00:00,2473.25,2429.65,2316.11625,1.0,259650.27624354078,168534.92333901164,-0.00030315278900572284
2017-07-27 00:00:00+00:00,2472.0,2431.15,2317.69375,1.0,259519.04695199954,168449.74446337283,-0.0008084074373484462
2017-07-28 00:00:00+00:00,2470.25,2433.405,2319.3125,1.0,259335.32594384177,168330.49403747843,-0.0015157639450282812
2017-07-31 00:00:00+00:00,2468.0,2435.495,2320.98,1.0,259099.1132190675,168177.1720613285,-0.0024252223120452276
2017-08-01 00:00:00+00:00,2472.25,2437.31,2322.68375,1.0,259545.29281030782,168466.7802385006,-0.0007073565076797239
2017-08-02 00:00:00+00:00,2473.5,2438.925,2324.42,1.0,259676.5221018491,168551.95911413943,-0.0002021018593368895
2017-08-03 00:00:00+00:00,2471.75,2440.4,2326.14375,1.0,259492.80109369135,168432.70868824504,-0.0009094583670167244
2017-08-04 00:00:00+00:00,2472.0,2441.8,2327.88875,1.0,259519.04695199963,168449.74446337283,-0.0008084074373481132
2017-08-07 00:00:00+00:00,2477.5,2443.08,2329.61625,1.0,260096.45583478114,168824.53151618372,0.0
2017-08-08 00:00:00+00:00,2472.75,2444.26,2331.29,1.0,259597.78452692434,168500.85178875612,-0.0019172552976791657
2017-08-09 00:00:00+00:00,2473.0,2445.505,2332.97,1.0,259624.03038523262,168517.8875638839,-0.0018163471241169349
2017-08-10 00:00:00+00:00,2437.5,2446.035,2334.48375,1.0,255897.11850546076,166098.8074957408,-0.016145307769929396
2017-08-11 00:00:00+00:00,2440.0,2446.245,2335.9625,1.0,256159.5770885433,166269.16524701848,-0.015136226034308753
2017-08-14 00:00:00+00:00,2463.5,2446.76,2337.59,1.0,258626.687769519,167870.5281090287,-0.005650857719475377
2017-08-15 00:00:00+00:00,2463.75,2447.345,2339.23875,1.0,258652.93362782724,167887.56388415647,-0.0055499495459132575
2017-08-16 00:00:00+00:00,2467.5,2448.08,2340.95875,1.0,259046.62150245105,168143.100511073,-0.004036326942482349
2017-08-17 00:00:00+00:00,2429.5,2448.03,2342.4875,1.0,255057.25103959665,165553.66269165222,-0.01937436932391534
2017-08-18 00:00:00+00:00,2426.75,2447.915,2344.02125,1.0,254768.54659820587,165366.26916524678,-0.020484359233097993
2017-08-21 00:00:00+00:00,2428.0,2447.865,2345.6425,1.0,254899.7758897471,165451.44804088562,-0.019979818365287838
2017-08-22 00:00:00+00:00,2452.75,2448.35,2347.445,1.0,257498.1158622641,167137.98977853465,-0.009989909182643975
2017-08-23 00:00:00+00:00,2441.5,2448.38,2349.235,1.0,256317.05223839273,166371.3798977851,-0.0145307769929367
2017-08-24 00:00:00+00:00,2440.75,2448.45,2351.03875,1.0,256238.31466346796,166320.2725724018,-0.014833501513622949
2017-08-25 00:00:00+00:00,2442.5,2448.615,2352.60625,1.0,256422.03567162572,166439.52299829616,-0.014127144298688554
2017-08-28 00:00:00+00:00,2443.75,2448.815,2354.1475,1.0,256553.26496316696,166524.701873935,-0.013622603430878288
2017-08-29 00:00:00+00:00,2447.0,2448.805,2355.58125,1.0,256894.46112117422,166746.16695059597,-0.01231079717457162
2017-08-30 00:00:00+00:00,2455.75,2449.17,2357.02375,1.0,257813.06616196304,167342.41908006786,-0.008779011099899647
2017-08-31 00:00:00+00:00,2470.0,2449.9,2358.57125,1.0,259309.0800855334,168313.45826235064,-0.0030272452068623723
2017-09-01 00:00:00+00:00,2474.25,2450.75,2360.04625,1.0,259755.25967677374,168603.06643952272,-0.0013118062563072241
2017-09-05 00:00:00+00:00,2459.75,2451.245,2361.48125,1.0,258232.99989489507,167614.99148211215,-0.00716448032290673
2017-09-06 00:00:00+00:00,2465.5,2451.835,2362.8875,1.0,258836.65463598486,168006.8143100508,-0.004843592330979418
2017-09-07 00:00:00+00:00,2466.5,2452.755,2364.31625,1.0,258941.63806921785,168074.95741056188,-0.004439959636731272
2017-09-08 00:00:00+00:00,2462.5,2453.235,2365.66375,1.0,258521.70433628582,167802.3850085176,-0.0060544904137241895
2017-09-11 00:00:00+00:00,2487.5,2454.585,2367.1,1.0,261146.29016711106,169505.96252129442,0.0
2017-09-12 00:00:00+00:00,2496.0,2456.085,2368.57625,1.0,262038.6493495916,170085.17887563852,0.0
2017-09-13 00:00:00+00:00,2496.5,2457.515,2370.0025,1.0,262091.14106620807,170119.25042589405,0.0
2017-09-14 00:00:00+00:00,2496.5,2458.885,2371.48125,1.0,262091.14106620807,170119.25042589405,0.0
2017-09-15 00:00:00+00:00,2496.0,2460.635,2372.9425,1.0,262038.64934959155,170085.1788756385,-0.00020028039254960106
2017-09-18 00:00:00+00:00,2502.75,2462.24,2374.4625,1.0,262747.28752391436,170545.14480408822,0.0
2017-09-19 00:00:00+00:00,2504.75,2463.845,2376.02625,1.0,262957.2543903804,170681.43100511038,0.0
2017-09-20 00:00:00+00:00,2505.25,2465.46,2377.5925,1.0,263009.74610699684,170715.5025553659,0.0
2017-09-21 00:00:00+00:00,2501.0,2466.68,2379.07625,1.0,262563.56651575654,170425.89437819383,-0.0016964374812893368
2017-09-22 00:00:00+00:00,2499.5,2467.76,2380.52375,1.0,262406.09136590705,170323.67972742722,-0.0022951801217442336
2017-09-25 00:00:00+00:00,2497.0,2468.58,2381.825,1.0,262143.6327828245,170153.32197614954,-0.003293084522502765
2017-09-26 00:00:00+00:00,2495.5,2469.32,2383.06375,1.0,261986.157632975,170051.10732538294,-0.0038918271629577728
2017-09-27 00:00:00+00:00,2504.5,2470.255,2384.28625,1.0,262931.00853207207,170664.3952299826,-0.0002993713202276149
2017-09-28 00:00:00+00:00,2507.75,2470.98,2385.545,1.0,263272.2046900794,170885.8603066436,0.0
2017-09-29 00:00:00+00:00,2516.0,2471.875,2386.75875,1.0,264138.3180142517,171448.04088585995,0.0
2017-10-02 00:00:00+00:00,2526.25,2473.01,2388.105,1.0,265214.3982048901,172146.50766609848,0.0
2017-10-03 00:00:00+00:00,2532.75,2474.295,2389.45125,1.0,265896.79052090464,172589.43781942048,0.0
2017-10-04 00:00:00+00:00,2536.25,2475.54,2390.795,1.0,266264.2325372202,172827.9386712092,0.0
2017-10-05 00:00:00+00:00,2550.0,2477.075,2392.245,1.0,267707.754744174,173764.90630323644,0.0
2017-10-06 00:00:00+00:00,2545.0,2478.535,2393.6375,1.0,267182.837578009,173424.19080068107,-0.001960784313725372
2017-10-09 00:00:00+00:00,2543.75,2480.005,2395.05375,1.0,267051.60828646773,173339.01192504223,-0.002450980392156743
2017-10-10 00:00:00+00:00,2548.5,2481.615,2396.5025,1.0,267550.27959432453,173662.69165246983,-0.0005882352941175562
2017-10-11 00:00:00+00:00,2553.0,2483.23,2397.9675,1.0,268022.7050438731,173969.33560476967,0.0
2017-10-12 00:00:00+00:00,2549.5,2484.75,2399.41,1.0,267655.2630275575,173730.8347529809,-0.0013709361535451103
2017-10-13 00:00:00+00:00,2552.75,2486.37,2400.9475,1.0,267996.45918556483,173952.29982964188,-9.792401096753167e-05
2017-10-16 00:00:00+00:00,2556.25,2488.055,2402.50375,1.0,268363.9012018803,174190.80068143064,0.0
2017-10-17 00:00:00+00:00,2557.0,2489.645,2404.1075,1.0,268442.6387768051,174241.90800681396,0.0
2017-10-18 00:00:00+00:00,2560.0,2491.39,2405.645,1.0,268757.5890765041,174446.3373083472,0.0
2017-10-19 00:00:00+00:00,2560.5,2493.14,2407.12625,1.0,268810.0807931206,174480.40885860275,0.0
2017-10-20 00:00:00+00:00,2574.0,2495.87,2408.675,1.0,270227.3571417663,175400.34071550224,0.0
2017-10-23 00:00:00+00:00,2563.5,2498.34,2410.135,1.0,269125.0310928197,174684.838160136,-0.004079254079254024
2017-10-24 00:00:00+00:00,2567.25,2500.415,2411.64625,1.0,269518.7189674435,174940.3747870525,-0.002622377622377492
2017-10-25 00:00:00+00:00,2558.5,2502.31,2413.12,1.0,268600.1139266547,174344.12265758062,-0.00602175602175592
2017-10-26 00:00:00+00:00,2561.5,2504.19,2414.575,1.0,268915.0642263537,174548.55195911386,-0.004856254856254738
2017-10-27 00:00:00+00:00,2578.5,2507.17,2416.15,1.0,270699.78259131487,175706.9846678021,0.0
2017-10-30 00:00:00+00:00,2568.25,2510.0,2417.62875,1.0,269623.70240067656,175008.5178875636,-0.003975179367849413
2017-10-31 00:00:00+00:00,2572.75,2512.895,2419.17875,1.0,270096.1278502251,175315.16183986343,-0.0022299786697691504
2017-11-01 00:00:00+00:00,2574.75,2515.335,2420.72,1.0,270306.0947166911,175451.44804088556,-0.0014543339150667745
2017-11-02 00:00:00+00:00,2576.75,2518.04,2422.29625,1.0,270516.0615831571,175587.7342419077,-0.0006786891603645095
2017-11-03 00:00:00+00:00,2582.75,2520.88,2423.88,1.0,271145.9621825551,175996.59284497413,0.0
2017-11-06 00:00:00+00:00,2588.75,2523.805,2425.51375,1.0,271775.8627819532,176405.45144804058,0.0
2017-11-07 00:00:00+00:00,2586.75,2526.665,2427.075,1.0,271565.8959154872,176269.16524701842,-0.0007725736359245339
2017-11-08 00:00:00+00:00,2591.0,2529.545,2428.56,1.0,272012.0755067275,176558.7734241905,0.0
2017-11-09 00:00:00+00:00,2584.0,2532.11,2430.01,1.0,271277.19147409644,176081.771720613,-0.0027016595908915253
2017-11-10 00:00:00+00:00,2579.5,2534.3,2431.4625,1.0,270804.76602454786,175775.12776831316,-0.004438440756464823
2017-11-13 00:00:00+00:00,2582.0,2536.455,2432.9925,1.0,271067.22460763046,175945.48551959087,-0.0034735623311461516
2017-11-14 00:00:00+00:00,2578.0,2538.82,2434.51,1.0,270647.29087469843,175672.9131175466,-0.005017367811655515
2017-11-15 00:00:00+00:00,2565.0,2540.81,2435.9625,1.0,269282.50624266925,174787.05281090262,-0.010034735623311475
2017-11-16 00:00:00+00:00,2585.0,2543.18,2437.51,1.0,271382.1749073295,176149.91482112408,-0.00231570822076399
2017-11-17 00:00:00+00:00,2576.25,2545.455,2438.93625,1.0,270463.56986654067,175553.6626916522,-0.005692782709378452
2017-11-20 00:00:00+00:00,2582.0,2547.345,2440.41375,1.0,271067.22460763046,175945.48551959087,-0.0034735623311461516
2017-11-21 00:00:00+00:00,2596.25,2549.35,2441.9525,1.0,272563.2385312008,176916.52470187366,0.0
2017-11-22 00:00:00+00:00,2594.5,2551.31,2443.47375,1.0,272379.51752304303,176797.27427597926,-0.0006740491092922518
2017-11-24 00:00:00+00:00,2601.0,2553.4,2444.9575,1.0,273061.90983905765,177240.20442930126,0.0
2017-11-27 00:00:00+00:00,2601.75,2555.515,2446.4025,1.0,273140.6474139824,177291.31175468455,0.0
2017-11-28 00:00:00+00:00,2626.0,2557.98,2447.90125,1.0,275686.49566988286,178943.7819420781,0.0
2017-11-29 00:00:00+00:00,2625.0,2560.385,2449.34125,1.0,275581.51223664987,178875.638841567,-0.00038080731150036407
2017-11-30 00:00:00+00:00,2648.0,2563.24,2450.82875,1.0,277996.1312010091,180442.93015332168,0.0
2017-12-01 00:00:00+00:00,2644.0,2566.1,2452.32125,1.0,277576.19746807707,180170.3577512774,-0.0015105740181268201
2017-12-04 00:00:00+00:00,2638.25,2568.875,2453.7725,1.0,276972.5427269873,179778.53492333874,-0.0036820241691841726
2017-12-05 00:00:00+00:00,2628.25,2571.5,2455.11375,1.0,275922.7083946572,179097.103918228,-0.0074584592145013895
2017-12-06 00:00:00+00:00,2629.25,2574.175,2456.455,1.0,276027.6918278902,179165.24701873906,-0.007080815709969768
2017-12-07 00:00:00+00:00,2639.5,2576.875,2457.83875,1.0,277103.7720185285,179863.71379897755,-0.0032099697885197287
2017-12-08 00:00:00+00:00,2651.0,2579.74,2459.26875,1.0,278311.0815007081,180647.35945485492,0.0
2017-12-11 00:00:00+00:00,2661.5,2582.65,2460.735,1.0,279413.4075496547,181362.86201022117,0.0
2017-12-12 00:00:00+00:00,2665.0,2585.425,2462.24625,1.0,279780.8495659703,181601.36286200993,0.0
2017-12-13 00:00:00+00:00,2666.5,2588.1,2463.61125,1.0,279938.3247158198,181703.57751277654,0.0
2017-12-14 00:00:00+00:00,2653.25,2590.44,2464.9675,1.0,278547.29422548244,180800.68143100484,-0.0049690605662853216
2017-12-15 00:00:00+00:00,2666.75,2592.775,2466.395,1.0,279964.57057412807,181720.6132879043,0.0
2017-12-18 00:00:00+00:00,2694.5,2595.765,2467.99,1.0,282877.8608463441,183611.5843270866,0.0
2017-12-19 00:00:00+00:00,2684.0,2598.57,2469.5775,1.0,281775.5347973975,182896.08177172035,-0.0038968268695490638
2017-12-20 00:00:00+00:00,2681.5,2601.23,2471.165,1.0,281513.07621431496,182725.72402044266,-0.004824642790870359
2017-12-21 00:00:00+00:00,2687.75,2603.925,2472.7725,1.0,282169.2226720213,183151.6183986369,-0.0025051029875671205
2017-12-22 00:00:00+00:00,2686.0,2606.655,2474.34375,1.0,281985.5016638636,183032.3679727425,-0.003154574132491761
2017-12-26 00:00:00+00:00,2687.0,2609.34,2475.90375,1.0,282090.4850970966,183100.51107325358,-0.0027834477639633315
2017-12-27 00:00:00+00:00,2685.5,2611.925,2477.49875,1.0,281933.00994724705,182998.29642248698,-0.0033401373167561976
2017-12-28 00:00:00+00:00,2685.75,2614.5,2479.00875,1.0,281959.2558055553,183015.33219761474,-0.0032473557246239793
2017-12-29 00:00:00+00:00,2676.0,2616.82,2480.475,1.0,280935.6673315335,182350.93696763177,-0.00686583781777661
2018-01-02 00:00:00+00:00,2693.0,2619.47,2482.0175,1.0,282720.3856964947,183509.36967632006,-0.0005566895527922
2018-01-03 00:00:00+00:00,2711.0,2622.21,2483.72125,1.0,284610.08749468887,184735.94548551936,0.0
2018-01-04 00:00:00+00:00,2723.75,2625.415,2485.62875,1.0,285948.6262684097,185604.77001703554,0.0
2018-01-05 00:00:00+00:00,2742.5,2628.92,2487.62875,1.0,287917.06564152864,186882.45315161813,0.0
2018-01-08 00:00:00+00:00,2746.75,2632.685,2489.6625,1.0,288363.24523276894,187172.0613287902,0.0
2018-01-09 00:00:00+00:00,2752.25,2636.5,2491.7,1.0,288940.6541155505,187546.84838160113,0.0
2018-01-10 00:00:00+00:00,2750.5,2639.94,2493.76,1.0,288756.93310739275,187427.59795570673,-0.0006358434008538749
2018-01-11 00:00:00+00:00,2769.5,2643.965,2495.85,1.0,290751.61833881994,188722.31686541715,0.0
2018-01-12 00:00:00+00:00,2788.75,2648.285,2498.00875,1.0,292772.54942855536,190034.0715502553,0.0
2018-01-16 00:00:00+00:00,2782.5,2652.44,2500.09875,1.0,292116.40297084907,189608.17717206109,-0.0022411474675032572
2018-01-17 00:00:00+00:00,2803.75,2656.98,2502.32125,1.0,294347.3009270505,191056.21805792142,0.0
2018-01-18 00:00:00+00:00,2796.25,2661.25,2504.5225,1.0,293559.9251778029,190545.14480408834,-0.002674988854213245
2018-01-19 00:00:00+00:00,2811.0,2665.695,2506.795,1.0,295108.4308179898,191550.25553662668,0.0
2018-01-22 00:00:00+00:00,2835.25,2670.665,2509.23875,1.0,297654.27907389036,193202.72572402022,0.0
2018-01-23 00:00:00+00:00,2839.5,2675.635,2511.6675,1.0,298100.4586651306,193492.33390119227,0.0
2018-01-24 00:00:00+00:00,2841.0,2680.775,2514.11125,1.0,298257.93381498015,193594.5485519589,0.0
2018-01-25 00:00:00+00:00,2841.25,2686.01,2516.555,1.0,298284.1796732884,193611.58432708666,0.0
2018-01-26 00:00:00+00:00,2874.5,2691.86,2519.1725,1.0,301774.87882828596,195877.34241907983,0.0
2018-01-29 00:00:00+00:00,2853.5,2697.37,2521.73625,1.0,299570.2267303928,194446.33730834728,-0.007305618368411815
2018-01-30 00:00:00+00:00,2824.5,2702.56,2524.22125,1.0,296525.70716663543,192470.18739352614,-0.017394329448599977
2018-01-31 00:00:00+00:00,2825.75,2707.375,2526.625,1.0,296656.9364581767,192555.36626916498,-0.016959471212384947
2018-02-01 00:00:00+00:00,2822.5,2712.3,2529.05125,1.0,296315.7403001694,192333.901192504,-0.01809010262654398
2018-02-02 00:00:00+00:00,2756.75,2715.795,2531.16625,1.0,289413.07956509903,187853.4923339009,-0.040963645851452624
2018-02-05 00:00:00+00:00,2607.75,2716.025,2532.445,1.0,273770.5480133806,177700.17035775102,-0.09279874760827989
2018-02-06 00:00:00+00:00,2694.25,2718.02,2534.17875,1.0,282851.61498803593,183594.54855195884,-0.06270655766220234
2018-02-07 00:00:00+00:00,2668.25,2719.365,2535.67,1.0,280122.0457239777,181822.82793867096,-0.07175160897547417
2018-02-08 00:00:00+00:00,2593.5,2719.2,2536.7125,1.0,272274.5340898102,176729.1311754682,-0.09775613150113083
2018-02-09 00:00:00+00:00,2619.0,2719.06,2537.89625,1.0,274951.611637252,178466.78023850056,-0.08888502348234495
2018-02-12 00:00:00+00:00,2655.25,2719.665,2539.2425,1.0,278757.26109194855,180936.967632027,-0.07627413463211019
2018-02-13 00:00:00+00:00,2661.75,2719.94,2540.64875,1.0,279439.6534079631,181379.89778534893,-0.07401287180379224
2018-02-14 00:00:00+00:00,2697.0,2721.0,2542.19875,1.0,283140.3194294267,183781.94207836426,-0.06174986954252937
2018-02-15 00:00:00+00:00,2734.0,2722.915,2543.94,1.0,287024.70645904803,186303.23679727397,-0.048878065750565636
2018-02-16 00:00:00+00:00,2735.0,2725.05,2545.69875,1.0,287129.689892281,186371.37989778505,-0.048530179161593634
2018-02-20 00:00:00+00:00,2714.0,2726.745,2547.34125,1.0,284925.03779438784,184940.3747870525,-0.05583579753000545
2018-02-21 00:00:00+00:00,2698.75,2727.93,2548.84625,1.0,283324.04043758445,183901.19250425862,-0.06114106801182839
2018-02-22 00:00:00+00:00,2711.5,2729.14,2550.42875,1.0,284662.5792113053,184770.01703577477,-0.05670551400243551
2018-02-23 00:00:00+00:00,2748.75,2730.885,2552.20625,1.0,288573.21209923486,187308.34752981225,-0.04374673856322886
2018-02-26 00:00:00+00:00,2784.5,2733.275,2554.1525,1.0,292326.36983731494,189744.4633730831,-0.03130979300748005
2018-02-27 00:00:00+00:00,2747.5,2734.895,2555.935,1.0,288441.9828076936,187223.1686541734,-0.04418159679944389
2018-02-28 00:00:00+00:00,2714.5,2736.12,2557.56375,1.0,284977.52951100434,184974.446337308,-0.0556618542355195
2018-03-01 00:00:00+00:00,2678.25,2736.35,2558.9625,1.0,281171.8800563077,182504.2589437816,-0.06827274308575448
2018-03-02 00:00:00+00:00,2690.25,2736.265,2560.42875,1.0,282431.68125510385,183321.97614991447,-0.06409810401809046
2018-03-05 00:00:00+00:00,2718.5,2736.955,2562.23375,1.0,285397.4632439364,185247.01873935232,-0.054270307879631385
2018-03-06 00:00:00+00:00,2724.0,2737.805,2564.03625,1.0,285974.8721267179,185621.8057921632,-0.052356931640285764
2018-03-07 00:00:00+00:00,2723.25,2738.515,2565.745,1.0,285896.13455179316,185570.69846677993,-0.05261784658201463
2018-03-08 00:00:00+00:00,2739.25,2739.58,2567.4775,1.0,287575.8694835213,186660.9880749571,-0.0470516611584626
2018-03-09 00:00:00+00:00,2784.0,2741.52,2569.4075,1.0,292273.8781206985,189710.39182282763,-0.03148373630196588
2018-03-12 00:00:00+00:00,2784.0,2743.49,2571.3175,1.0,292273.8781206985,189710.39182282763,-0.03148373630196588
2018-03-13 00:00:00+00:00,2768.5,2745.145,2573.0925,1.0,290646.6349055869,188654.173764906,-0.03687597843103163
2018-03-14 00:00:00+00:00,2749.75,2746.62,2574.7725,1.0,288678.1955324679,187376.4906303234,-0.04339885197425675
2018-03-15 00:00:00+00:00,2751.5,2747.79,2576.47625,1.0,288861.9165406257,187495.74105621772,-0.04279005044355577
2018-03-16 00:00:00+00:00,2752.75,2748.625,2578.185,1.0,288993.14583216695,187580.9199318566,-0.04235519220734074
2018-03-19 00:00:00+00:00,2722.75,2748.605,2579.65125,1.0,285843.6428351767,185536.62691652443,-0.05279178987650035
2018-03-20 00:00:00+00:00,2723.5,2748.225,2581.08,1.0,285922.3804101015,185587.73424190772,-0.05253087493477138
2018-03-21 00:00:00+00:00,2718.25,2747.655,2582.49875,1.0,285371.21738562814,185229.9829642246,-0.054357279526874525
2018-03-22 00:00:00+00:00,2643.25,2745.475,2583.56125,1.0,277497.45989315247,180119.2504258941,-0.08044877369977399
2018-03-23 00:00:00+00:00,2597.75,2742.42,2584.39,1.0,272720.7136810506,177018.7393526403,-0.09627761349799957
2018-03-26 00:00:00+00:00,2659.5,2740.22,2585.525,1.0,279203.4406831889,181226.57580919907,-0.07479561662897893
2018-03-27 00:00:00+00:00,2615.75,2736.76,2586.45125,1.0,274610.4154792448,178245.31516183962,-0.09001565489650365
2018-03-28 00:00:00+00:00,2607.5,2733.26,2587.34625,1.0,273744.3021550724,177683.1345826233,-0.0928857192555228
2018-03-29 00:00:00+00:00,2643.0,2730.045,2588.36125,1.0,277471.21403484425,180102.2146507664,-0.08053574534701691
2018-04-02 00:00:00+00:00,2575.0,2725.62,2589.05,1.0,270332.34057499963,175468.48381601344,-0.10419203339711247
2018-04-03 00:00:00+00:00,2613.25,2721.665,2589.945,1.0,274347.95689616224,178074.957410562,-0.0908853713689336
2018-04-04 00:00:00+00:00,2647.0,2717.9,2591.01125,1.0,277891.14776777633,180374.78705281072,-0.07914419899112879
2018-04-05 00:00:00+00:00,2661.75,2714.345,2592.0825,1.0,279439.65340796317,181379.89778534902,-0.07401287180379201
2018-04-06 00:00:00+00:00,2605.75,2709.64,2592.92375,1.0,273560.5811469147,177563.88415672892,-0.09349452078622356
2018-04-09 00:00:00+00:00,2619.0,2705.195,2593.85125,1.0,274951.61163725203,178466.78023850065,-0.08888502348234473
2018-04-10 00:00:00+00:00,2655.0,2700.805,2594.9675,1.0,278731.0152336404,180919.93185689926,-0.07636110627935289
2018-04-11 00:00:00+00:00,2641.0,2696.555,2595.9975,1.0,277261.2471683782,179965.92844974427,-0.08123151852496091
2018-04-12 00:00:00+00:00,2664.0,2693.345,2597.1375,1.0,279675.8661327375,181533.21976149894,-0.07323012697860487
2018-04-13 00:00:00+00:00,2657.25,2689.975,2598.32125,1.0,278967.22795841465,181073.2538330492,-0.07557836145416585
2018-04-16 00:00:00+00:00,2681.75,2687.16,2599.5375,1.0,281539.3220726234,182742.7597955705,-0.06705514002435187
2018-04-17 00:00:00+00:00,2706.5,2686.155,2600.97,1.0,284137.6620451404,184429.30153321958,-0.05844494694729507
2018-04-18 00:00:00+00:00,2709.75,2688.195,2602.41375,1.0,284478.85820314765,184650.76660988055,-0.05731431553313615
2018-04-19 00:00:00+00:00,2693.0,2688.17,2603.75375,1.0,282720.3856964947,183509.3696763201,-0.06314141589841715
2018-04-20 00:00:00+00:00,2671.5,2688.235,2604.97125,1.0,280463.24188198504,182044.293015332,-0.07062097756131491
2018-04-23 00:00:00+00:00,2671.25,2689.79,2606.285,1.0,280436.99602367677,182027.25724020423,-0.07070794920855805
2018-04-24 00:00:00+00:00,2635.25,2690.115,2607.34875,1.0,276657.5924272885,179574.1056218056,-0.08323186641154967
2018-04-25 00:00:00+00:00,2644.5,2689.9,2608.44875,1.0,277628.6891846938,180204.42930153303,-0.08001391546355874
2018-04-26 00:00:00+00:00,2674.5,2690.155,2609.69875,1.0,280778.1921816841,182248.72231686523,-0.06957731779439891
2018-04-27 00:00:00+00:00,2671.5,2689.645,2610.85625,1.0,280463.24188198504,182044.293015332,-0.07062097756131491
2018-04-30 00:00:00+00:00,2647.0,2687.905,2611.86375,1.0,277891.1477677763,180374.7870528107,-0.0791441989911289
2018-05-01 00:00:00+00:00,2652.25,2686.25,2612.845,1.0,278442.3107922496,180732.53833049384,-0.07731779439902575
2018-05-02 00:00:00+00:00,2627.5,2684.52,2613.69,1.0,275843.97081973264,179045.99659284478,-0.08592798747608266
2018-05-03 00:00:00+00:00,2631.75,2683.18,2614.56,1.0,276290.15041097294,179335.60477001683,-0.08444946947295162
2018-05-04 00:00:00+00:00,2663.0,2682.21,2615.5175,1.0,279570.8826995045,181465.0766609879,-0.07357801356757676
2018-05-07 00:00:00+00:00,2670.0,2680.635,2616.51125,1.0,280305.7667321356,181942.0783645654,-0.07114280744477264
2018-05-08 00:00:00+00:00,2670.25,2678.35,2617.515,1.0,280332.01259044383,181959.11413969318,-0.07105583579752972
2018-05-09 00:00:00+00:00,2696.0,2677.32,2618.6525,1.0,283035.33599619387,183713.79897785332,-0.0620977561315007
2018-05-10 00:00:00+00:00,2718.75,2677.405,2619.87625,1.0,285423.7091022449,185264.05451448026,-0.05418333623238769
2018-05-11 00:00:00+00:00,2729.5,2678.43,2621.1575,1.0,286552.28100949974,185996.5928449743,-0.0504435554009387
2018-05-14 00:00:00+00:00,2731.0,2679.245,2622.4525,1.0,286709.7561593492,186098.8074957409,-0.049921725517480864
2018-05-15 00:00:00+00:00,2709.0,2679.055,2623.64625,1.0,284400.12062822306,184599.6592844973,-0.05757523047486457
2018-05-16 00:00:00+00:00,2723.0,2679.035,2624.92125,1.0,285869.8886934852,185553.6626916523,-0.05270481822925677
2018-05-17 00:00:00+00:00,2718.75,2678.945,2626.15375,1.0,285423.70910224493,185264.05451448026,-0.05418333623238758
2018-05-18 00:00:00+00:00,2713.0,2678.42,2627.35125,1.0,284820.0543611551,184872.23168654158,-0.05618368411897667
2018-05-21 00:00:00+00:00,2733.0,2677.4,2628.6575,1.0,286919.72302581527,186235.09369676304,-0.04922595233953675
2018-05-22 00:00:00+00:00,2726.0,2676.24,2629.9275,1.0,286184.8389931842,185758.09199318555,-0.05166115846234076
2018-05-23 00:00:00+00:00,2730.75,2675.485,2631.19375,1.0,286683.510301041,186081.77172061312,-0.05000869716472378
2018-05-24 00:00:00+00:00,2727.5,2675.04,2632.4675,1.0,286342.3141430337,185860.30664395215,-0.051139328578882814
2018-05-25 00:00:00+00:00,2718.25,2674.375,2633.69375,1.0,285371.2173856284,185229.9829642247,-0.05435727952687375
2018-05-29 00:00:00+00:00,2692.25,2673.165,2634.9675,1.0,282641.6481215702,183458.2623509368,-0.06340233084014546
2018-05-30 00:00:00+00:00,2724.5,2673.2,2636.39,1.0,286027.36384333466,185655.8773424189,-0.05218298834579882
2018-05-31 00:00:00+00:00,2705.5,2672.84,2637.6,1.0,284032.6786119075,184361.1584327085,-0.05879283353626663
2018-06-01 00:00:00+00:00,2733.75,2673.15,2638.95,1.0,286998.4606007401,186286.20102214636,-0.048965037397807554
2018-06-04 00:00:00+00:00,2745.5,2675.195,2640.34,1.0,288232.01594122796,187086.88245315145,-0.04487736997738656
2018-06-05 00:00:00+00:00,2751.5,2678.27,2641.95,1.0,288861.916540626,187495.7410562179,-0.04279005044355455
2018-06-06 00:00:00+00:00,2772.25,2680.525,2643.6775,1.0,291040.322780211,188909.7103918227,-0.03557140372238565
2018-06-07 00:00:00+00:00,2772.25,2683.655,2645.39875,1.0,291040.322780211,188909.7103918227,-0.03557140372238565
2018-06-08 00:00:00+00:00,2778.75,2687.08,2647.02875,1.0,291722.71509622555,189352.64054514468,-0.0333101408940677
2018-06-11 00:00:00+00:00,2783.0,2689.88,2648.73625,1.0,292168.89468746586,189642.24872231673,-0.03183162289093666
2018-06-12 00:00:00+00:00,2784.0,2694.06,2650.4525,1.0,292273.87812069885,189710.3918228278,-0.03148373630196477
2018-06-13 00:00:00+00:00,2774.25,2697.28,2652.11125,1.0,291250.289646677,189045.99659284484,-0.03487563054444176
2018-06-14 00:00:00+00:00,2783.25,2700.005,2653.80875,1.0,292195.140545774,189659.2844974445,-0.031744651243693967
2018-06-15 00:00:00+00:00,2776.5,2702.3,2655.45625,1.0,291486.50237145124,189199.31856899476,-0.03409288571925484
2018-06-18 00:00:00+00:00,2779.75,2705.78,2657.07625,1.0,291827.6985294585,189420.78364565573,-0.03296225430509592
2018-06-19 00:00:00+00:00,2766.25,2708.725,2658.5575,1.0,290410.4221808129,188500.85178875623,-0.03765872325621766
2018-06-20 00:00:00+00:00,2772.0,2711.065,2660.04625,1.0,291014.0769219027,188892.67461669492,-0.03565837536962868
2018-06-21 00:00:00+00:00,2752.5,2713.295,2661.51,1.0,288966.899973859,187563.884156729,-0.04244216385458266
2018-06-22 00:00:00+00:00,2759.5,2715.205,2662.98,1.0,289701.78400649014,188040.88586030653,-0.040006957731778536
2018-06-25 00:00:00+00:00,2722.25,2716.505,2664.25875,1.0,285791.1511185605,185502.55536626905,-0.05296573317098541
2018-06-26 00:00:00+00:00,2728.5,2717.44,2665.58875,1.0,286447.2975762668,185928.44974446326,-0.05079144198991048
2018-06-27 00:00:00+00:00,2705.0,2717.41,2666.67625,1.0,283980.1868952911,184327.08688245303,-0.058966776830752354
2018-06-28 00:00:00+00:00,2719.5,2717.605,2667.79375,1.0,285502.4466771697,185315.16183986358,-0.053922421290658495
2018-06-29 00:00:00+00:00,2721.5,2718.175,2668.91875,1.0,285712.4135436357,185451.4480408857,-0.0532266481127146
2018-07-02 00:00:00+00:00,2727.25,2719.29,2670.0725,1.0,286316.0682847255,185843.27086882436,-0.05122630022612573
2018-07-03 00:00:00+00:00,2713.25,2720.13,2671.15875,1.0,284846.30021946336,184889.26746166937,-0.056096712471733534
2018-07-05 00:00:00+00:00,2738.5,2722.195,2672.3375,1.0,287497.13190859684,186609.88074957396,-0.047312576100190684
2018-07-06 00:00:00+00:00,2763.0,2724.565,2673.62875,1.0,290069.2260228056,188279.38671209526,-0.0387893546703767
2018-07-09 00:00:00+00:00,2787.5,2726.825,2675.04,1.0,292641.3201370144,189948.89267461657,-0.03026613324056271
2018-07-10 00:00:00+00:00,2796.75,2729.33,2676.51875,1.0,293612.4168944197,190579.21635434398,-0.027048182292571887
2018-07-11 00:00:00+00:00,2774.0,2731.87,2677.89125,1.0,291224.0437883687,189028.96081771707,-0.0349626021916849
2018-07-12 00:00:00+00:00,2798.5,2734.795,2679.39875,1.0,293796.13790257747,190698.46678023838,-0.026439380761870912
2018-07-13 00:00:00+00:00,2803.25,2738.31,2680.9375,1.0,294294.8092104343,191022.146507666,-0.02478691946425371
2018-07-16 00:00:00+00:00,2796.5,2741.605,2682.3975,1.0,293586.17103611154,190562.18057921625,-0.027135153939814582
2018-07-17 00:00:00+00:00,2811.25,2744.57,2683.915,1.0,295134.67667629843,191567.29131175458,-0.022003826752477584
2018-07-18 00:00:00+00:00,2816.0,2747.49,2685.415,1.0,295633.34798415523,191890.9710391822,-0.020351365454860604
2018-07-19 00:00:00+00:00,2805.25,2750.19,2686.81,1.0,294504.77607690037,191158.43270868814,-0.024091146286309595
2018-07-20 00:00:00+00:00,2800.75,2752.285,2688.15,1.0,294032.3506273518,190851.78875638833,-0.02565663593668377
2018-07-23 00:00:00+00:00,2812.0,2754.15,2689.52875,1.0,295213.41425122315,191618.39863713787,-0.021742911810748722
2018-07-24 00:00:00+00:00,2821.0,2755.98,2690.88375,1.0,296158.26515032025,192231.68654173755,-0.018611932510000706
2018-07-25 00:00:00+00:00,2841.25,2758.185,2692.365,1.0,298284.1796732887,193611.5843270868,-0.011567229083317754
2018-07-26 00:00:00+00:00,2842.5,2760.855,2693.85875,1.0,298415.40896483,193696.76320272565,-0.011132370847102724
2018-07-27 00:00:00+00:00,2817.5,2762.745,2695.20375,1.0,295790.8231340047,191993.18568994882,-0.019829535571402768
2018-07-30 00:00:00+00:00,2803.25,2764.435,2696.455,1.0,294294.8092104343,191022.146507666,-0.02478691946425371
2018-07-31 00:00:00+00:00,2817.0,2766.515,2697.7925,1.0,295738.33141738817,191959.11413969324,-0.020003478865888824
2018-08-01 00:00:00+00:00,2810.75,2768.07,2699.0825,1.0,295082.1849596819,191533.21976149903,-0.022177770046963752
2018-08-02 00:00:00+00:00,2828.5,2770.12,2700.44375,1.0,296945.6408995678,192742.75979557057,-0.01600278309271086
2018-08-03 00:00:00+00:00,2839.5,2772.295,2701.85625,1.0,298100.45866513095,193492.3339011924,-0.012176030614018729
2018-08-06 00:00:00+00:00,2850.0,2774.745,2703.30625,1.0,299202.7847140775,194207.83645655867,-0.008523221429812988
2018-08-07 00:00:00+00:00,2859.75,2777.575,2704.8025,1.0,300226.37318809936,194872.2316865416,-0.005131327187335999
2018-08-08 00:00:00+00:00,2855.25,2780.835,2706.20875,1.0,299753.94773855084,194565.5877342418,-0.00669681683770984
2018-08-09 00:00:00+00:00,2853.75,2783.42,2707.66,1.0,299596.4725887013,194463.3730834752,-0.007218646721168009
2018-08-10 00:00:00+00:00,2836.75,2786.045,2709.0075,1.0,297811.75422374014,193304.94037478697,-0.013132718733691817
2018-08-13 00:00:00+00:00,2825.5,2787.88,2710.3425,1.0,296630.6905998688,192538.3304940374,-0.017046442859626865
2018-08-14 00:00:00+00:00,2841.0,2789.79,2711.74,1.0,298257.9338149804,193594.54855195904,-0.011654200730561004
2018-08-15 00:00:00+00:00,2821.25,2791.185,2712.95375,1.0,296184.51100862847,192248.72231686534,-0.0185249608627579
2018-08-16 00:00:00+00:00,2844.75,2792.635,2714.33625,1.0,298651.6216896042,193850.08517887557,-0.010349626021916025
2018-08-17 00:00:00+00:00,2852.25,2794.235,2715.73375,1.0,299438.9974388518,194361.15843270862,-0.0077404766046258455
2018-08-20 00:00:00+00:00,2858.5,2795.83,2717.1525,1.0,300095.1438965581,194787.0528109028,-0.005566185423551029
2018-08-21 00:00:00+00:00,2861.75,2797.405,2718.5775,1.0,300436.34005456534,195008.51788756376,-0.004435554009392106
2018-08-22 00:00:00+00:00,2861.25,2798.95,2719.97,1.0,300383.84833794885,194974.44633730824,-0.004609497303878052
2018-08-23 00:00:00+00:00,2858.0,2800.625,2721.31625,1.0,300042.6521799416,194752.98126064724,-0.005740128718036974
2018-08-24 00:00:00+00:00,2876.75,2802.495,2722.76625,1.0,302011.0915530605,196030.66439522986,0.0
2018-08-27 00:00:00+00:00,2898.5,2804.935,2724.30375,1.0,304294.48122587847,197512.7768313457,0.0
2018-08-28 00:00:00+00:00,2899.25,2807.325,2725.88,1.0,304373.21880080324,197563.88415672898,0.0
2018-08-29 00:00:00+00:00,2914.75,2810.295,2727.55625,1.0,306000.46201591485,198620.1022146506,0.0
2018-08-30 00:00:00+00:00,2902.0,2812.895,2729.15625,1.0,304661.923242194,197751.27768313442,-0.004374303113474531
2018-08-31 00:00:00+00:00,2902.0,2815.885,2730.77625,1.0,304661.923242194,197751.27768313442,-0.004374303113474531
2018-09-04 00:00:00+00:00,2898.25,2818.66,2732.4425,1.0,304268.2353675702,197495.7410562179,-0.005660862852731818
2018-09-05 00:00:00+00:00,2888.25,2821.98,2733.95875,1.0,303218.4010352401,196814.31005110717,-0.009091688824084398
2018-09-06 00:00:00+00:00,2879.0,2824.99,2735.4725,1.0,302247.3042778348,196183.98637137975,-0.012265202847585477
2018-09-07 00:00:00+00:00,2874.75,2828.385,2736.93625,1.0,301801.1246865945,195894.3781942077,-0.01372330388541021
2018-09-10 00:00:00+00:00,2880.25,2831.6,2738.35625,1.0,302378.533569376,196269.1652470186,-0.01183634960116653
2018-09-11 00:00:00+00:00,2889.75,2834.965,2739.8325,1.0,303375.8761850896,196916.52470187377,-0.008577064928381617
2018-09-12 00:00:00+00:00,2888.5,2838.19,2741.27,1.0,303244.6468935483,196831.34582623493,-0.009005918174800676
2018-09-13 00:00:00+00:00,2905.25,2842.03,2742.7875,1.0,305003.11940020125,197972.74275979542,-0.0032592846727850233
2018-09-14 00:00:00+00:00,2906.25,2845.385,2744.18875,1.0,305108.1028334343,198040.8858603065,-0.0029162020756495766
2018-09-17 00:00:00+00:00,2891.0,2847.945,2745.51875,1.0,303507.10547663085,197001.70357751264,-0.008148211681962447
2018-09-18 00:00:00+00:00,2906.5,2850.325,2746.81125,1.0,305134.3486917425,198057.92163543426,-0.0028304314263658537
2018-09-19 00:00:00+00:00,2910.0,2852.59,2748.14125,1.0,305501.79070805805,198296.42248722303,-0.0016296423363925117
2018-09-20 00:00:00+00:00,2934.0,2855.79,2749.62,1.0,308021.39310565026,199931.85689948878,0.0
2018-09-21 00:00:00+00:00,2943.0,2858.68,2751.19375,1.0,308966.2440047473,200545.14480408843,0.0
2018-09-24 00:00:00+00:00,2925.5,2861.125,2752.675,1.0,307129.03392316966,199352.64054514465,-0.005946313285762783
2018-09-25 00:00:00+00:00,2921.25,2863.62,2754.08375,1.0,306682.85433192935,199063.03236797257,-0.007390417940876692
2018-09-26 00:00:00+00:00,2911.5,2865.625,2755.38625,1.0,305659.26585790754,198398.63713798963,-0.010703363914372988
2018-09-27 00:00:00+00:00,2920.0,2867.705,2756.67875,1.0,306551.6250403881,198977.85349233373,-0.007815154604145391
2018-09-28 00:00:00+00:00,2919.0,2869.98,2757.94875,1.0,306446.6416071551,198909.71039182265,-0.00815494393476035
2018-10-01 00:00:00+00:00,2930.0,2872.565,2759.26625,1.0,307601.4593727182,199659.28449744443,-0.004417261297995245
2018-10-02 00:00:00+00:00,2928.5,2874.895,2760.6425,1.0,307443.9842228687,199557.06984667783,-0.004926945293917684
2018-10-03 00:00:00+00:00,2931.5,2877.105,2761.96625,1.0,307758.9345225677,199761.49914821103,-0.003907577302072585
2018-10-04 00:00:00+00:00,2907.75,2878.435,2763.0325,1.0,305265.5779832837,198143.10051107308,-0.011977573904179417
2018-10-05 00:00:00+00:00,2894.0,2879.465,2764.0825,1.0,303822.0557763299,197206.13287904582,-0.01664967720013577
2018-10-08 00:00:00+00:00,2893.75,2880.99,2765.14375,1.0,303795.8099180216,197189.09710391806,-0.01673462453278962
2018-10-09 00:00:00+00:00,2888.25,2882.69,2766.14625,1.0,303218.4010352401,196814.31005110714,-0.01860346585117212
2018-10-10 00:00:00+00:00,2781.0,2881.97,2766.62125,1.0,291958.9278209998,189505.96252129454,-0.05504587155963281
2018-10-11 00:00:00+00:00,2745.5,2880.665,2766.91375,1.0,288232.01594122796,187086.88245315145,-0.06710839279646597
2018-10-12 00:00:00+00:00,2768.5,2879.465,2767.32875,1.0,290646.6349055872,188654.17376490615,-0.059293238192320574
2018-10-15 00:00:00+00:00,2749.0,2877.655,2767.645,1.0,288599.4579575435,187325.3833049402,-0.0659191301393135
2018-10-16 00:00:00+00:00,2817.75,2877.01,2768.35375,1.0,295817.0689923129,192010.22146507647,-0.04255861365953095
2018-10-17 00:00:00+00:00,2816.25,2876.14,2768.97,1.0,295659.59384246334,191908.00681430986,-0.04306829765545361
2018-10-18 00:00:00+00:00,2772.25,2874.48,2769.27625,1.0,291040.322780211,188909.71039182265,-0.058019028202514145
2018-10-19 00:00:00+00:00,2767.5,2872.755,2769.495,1.0,290541.6514723542,188586.03066439505,-0.05963302752293553
2018-10-22 00:00:00+00:00,2756.5,2871.15,2769.565,1.0,289386.8337067911,187836.45655877326,-0.06337071015970064
2018-10-23 00:00:00+00:00,2746.25,2869.565,2769.5625,1.0,288310.75351615273,187137.98977853474,-0.06685355079850475
2018-10-24 00:00:00+00:00,2664.25,2866.03,2769.1225,1.0,279702.11199104594,181550.25553662676,-0.09471627590893628
2018-10-25 00:00:00+00:00,2688.25,2863.37,2768.81125,1.0,282221.71438863815,183185.68994889254,-0.08656133197417581
2018-10-26 00:00:00+00:00,2669.5,2859.865,2768.31125,1.0,280253.27501551923,181908.0068143099,-0.09293238192320741
2018-10-29 00:00:00+00:00,2643.5,2855.69,2767.585,1.0,277523.70575146104,180136.286201022,-0.10176690451919779
2018-10-30 00:00:00+00:00,2685.25,2852.225,2767.09875,1.0,281906.7640889392,182981.2606473593,-0.08758069996602069
2018-10-31 00:00:00+00:00,2711.0,2849.21,2766.635,1.0,284610.0874946892,184735.94548551945,-0.07883112470268383
2018-11-01 00:00:00+00:00,2738.0,2846.745,2766.34375,1.0,287444.64019198046,186575.80919931844,-0.06965681277607838
2018-11-02 00:00:00+00:00,2724.25,2844.07,2765.91,1.0,286001.11798502656,185638.84156729118,-0.07432891607203496
2018-11-05 00:00:00+00:00,2739.5,2841.325,2765.43125,1.0,287602.11534182995,186678.02385008504,-0.06914712878015594
2018-11-06 00:00:00+00:00,2759.0,2838.535,2765.02875,1.0,289649.29228987364,188006.81431005095,-0.06252123683316313
2018-11-07 00:00:00+00:00,2816.5,2836.88,2764.90625,1.0,295685.8397007717,191925.04258943768,-0.04298335032279943
2018-11-08 00:00:00+00:00,2808.75,2834.76,2764.74375,1.0,294872.2180932159,191396.93356047684,-0.04561671763506581
2018-11-09 00:00:00+00:00,2779.0,2832.3,2764.26625,1.0,291748.9609545339,189369.6763202724,-0.055725450220862505
2018-11-12 00:00:00+00:00,2727.75,2828.815,2763.6375,1.0,286368.56000134215,185877.3424190799,-0.07313965341488227
2018-11-13 00:00:00+00:00,2727.5,2825.4,2763.1525,1.0,286342.31414303393,185860.30664395215,-0.0732246007475359
2018-11-14 00:00:00+00:00,2698.5,2821.605,2762.51625,1.0,283297.79457927664,183884.15672913103,-0.08307849133537148
2018-11-15 00:00:00+00:00,2734.5,2818.715,2762.07625,1.0,287077.198175665,186337.30834752967,-0.07084607543323074
2018-11-16 00:00:00+00:00,2743.0,2816.08,2762.0075,1.0,287969.55735814554,186916.5247018738,-0.06795786612300325
2018-11-19 00:00:00+00:00,2696.25,2812.4,2762.45,1.0,283061.5818545023,183730.8347529811,-0.08384301732925536
2018-11-20 00:00:00+00:00,2640.0,2807.405,2762.17875,1.0,277156.26373514556,179897.78534923325,-0.10295616717635014
2018-11-21 00:00:00+00:00,2649.0,2802.615,2762.0825,1.0,278101.11463424267,180511.0732538329,-0.09989806320081485
2018-11-23 00:00:00+00:00,2629.5,2797.1,2762.2625,1.0,276053.937686199,179182.282793867,-0.10652395514780777
2018-11-26 00:00:00+00:00,2670.0,2792.375,2762.5175,1.0,280305.7667321359,181942.07836456547,-0.09276248725789937
2018-11-27 00:00:00+00:00,2683.5,2788.225,2762.65875,1.0,281723.0430807815,182862.01022146494,-0.08817533129459665
2018-11-28 00:00:00+00:00,2741.5,2784.925,2763.0575,1.0,287812.0822082961,186814.31005110717,-0.06846755011892547
2018-11-29 00:00:00+00:00,2744.25,2781.61,2763.29375,1.0,288100.7866496868,187001.7035775126,-0.06753312945973444
2018-11-30 00:00:00+00:00,2758.25,2778.095,2763.415,1.0,289570.554714949,187955.70698466766,-0.06277607883112402
2018-12-03 00:00:00+00:00,2790.75,2775.05,2763.69375,1.0,292982.51629502175,190170.35775127754,-0.05173292558613607
2018-12-04 00:00:00+00:00,2701.75,2770.575,2763.6325,1.0,283638.9907372839,184105.621805792,-0.08197417601087276
2018-12-06 00:00:00+00:00,2691.0,2765.97,2763.59375,1.0,282510.418830029,183373.083475298,-0.08562691131498423
2018-12-07 00:00:00+00:00,2636.0,2760.46,2763.21625,1.0,276736.3300022135,179625.21294718896,-0.10431532449881031
2018-12-10 00:00:00+00:00,2643.0,2754.92,2762.6875,0.0,276736.3300022135,180102.2146507665,-0.10431532449881031
2018-12-11 00:00:00+00:00,2641.25,2749.365,2761.97125,0.0,276736.3300022135,179982.9642248721,-0.10431532449881031
2018-12-12 00:00:00+00:00,2652.5,2743.815,2761.49625,0.0,276736.3300022135,180749.57410562166,-0.10431532449881031
2018-12-13 00:00:00+00:00,2645.5,2738.155,2761.15125,0.0,276736.3300022135,180272.57240204414,-0.10431532449881031
2018-12-14 00:00:00+00:00,2602.0,2731.565,2760.77,0.0,276736.3300022135,177308.34752981245,-0.10431532449881031
2018-12-17 00:00:00+00:00,2552.5,2724.46,2760.08125,0.0,276736.3300022135,173935.26405451435,-0.10431532449881031
2018-12-18 00:00:00+00:00,2535.75,2717.295,2759.1675,0.0,276736.3300022135,172793.86712095386,-0.10431532449881031
2018-12-19 00:00:00+00:00,2503.25,2709.485,2758.06375,0.0,276736.3300022135,170579.21635434398,-0.10431532449881031
2018-12-20 00:00:00+00:00,2485.75,2701.435,2756.87625,0.0,276736.3300022135,169386.7120954002,-0.10431532449881031
2018-12-21 00:00:00+00:00,2467.75,2695.17,2755.51875,0.0,276736.3300022135,168160.1362862009,-0.10431532449881031
2018-12-24 00:00:00+00:00,2341.75,2687.095,2753.3075,0.0,276736.3300022135,159574.1056218057,-0.10431532449881031
2018-12-26 00:00:00+00:00,2471.0,2681.145,2751.7425,0.0,276736.3300022135,168381.6013628619,-0.10431532449881031
2018-12-27 00:00:00+00:00,2495.0,2676.065,2750.375,0.0,276736.3300022135,170017.03577512765,-0.10431532449881031
2018-12-28 00:00:00+00:00,2486.0,2669.43,2749.05625,0.0,276736.3300022135,169403.74787052802,-0.10431532449881031
2018-12-31 00:00:00+00:00,2505.25,2663.21,2747.825,0.0,276736.3300022135,170715.50255536617,-0.10431532449881031
2019-01-02 00:00:00+00:00,2511.0,2657.985,2746.61625,0.0,276736.3300022135,171107.32538330485,-0.10431532449881031
2019-01-03 00:00:00+00:00,2447.75,2651.59,2745.24125,0.0,276736.3300022135,166797.27427597946,-0.10431532449881031
2019-01-04 00:00:00+00:00,2531.25,2647.085,2744.28,0.0,276736.3300022135,172487.22316865408,-0.10431532449881031
2019-01-07 00:00:00+00:00,2550.5,2643.17,2743.44125,0.0,276736.3300022135,173798.97785349225,-0.10431532449881031
2019-01-08 00:00:00+00:00,2572.5,2641.335,2743.0875,0.0,276736.3300022135,175298.12606473587,-0.10431532449881031
2019-01-09 00:00:00+00:00,2582.5,2639.22,2743.01125,0.0,276736.3300022135,175979.55706984657,-0.10431532449881031
2019-01-10 00:00:00+00:00,2594.0,2637.71,2742.68375,0.0,276736.3300022135,176763.20272572394,-0.10431532449881031
2019-01-11 00:00:00+00:00,2595.0,2636.74,2742.58,0.0,276736.3300022135,176831.34582623502,-0.10431532449881031
2019-01-14 00:00:00+00:00,2580.5,2634.645,2742.445,0.0,276736.3300022135,175843.27086882445,-0.10431532449881031
2019-01-15 00:00:00+00:00,2605.5,2632.535,2742.2575,0.0,276736.3300022135,177546.84838160127,-0.10431532449881031
2019-01-16 00:00:00+00:00,2613.25,2630.04,2742.44875,0.0,276736.3300022135,178074.95741056208,-0.10431532449881031
2019-01-17 00:00:00+00:00,2635.25,2628.26,2742.55875,0.0,276736.3300022135,179574.10562180568,-0.10431532449881031
2019-01-18 00:00:00+00:00,2671.5,2626.9,2742.68125,0.0,276736.3300022135,182044.29301533208,-0.10431532449881031
2019-01-22 00:00:00+00:00,2632.0,2624.36,2742.5325,0.0,276736.3300022135,179352.64054514468,-0.10431532449881031
2019-01-23 00:00:00+00:00,2638.25,2620.795,2742.695,0.0,276736.3300022135,179778.5349233389,-0.10431532449881031
2019-01-24 00:00:00+00:00,2634.0,2617.3,2742.77,0.0,276736.3300022135,179488.92674616686,-0.10431532449881031
2019-01-25 00:00:00+00:00,2663.5,2614.99,2742.8125,0.0,276736.3300022135,181499.1482112435,-0.10431532449881031
2019-01-28 00:00:00+00:00,2642.0,2613.275,2742.8175,0.0,276736.3300022135,180034.07155025544,-0.10431532449881031
2019-01-29 00:00:00+00:00,2640.25,2611.53,2742.69875,0.0,276736.3300022135,179914.82112436107,-0.10431532449881031
2019-01-30 00:00:00+00:00,2682.5,2611.21,2742.825,0.0,276736.3300022135,182793.86712095392,-0.10431532449881031
2019-01-31 00:00:00+00:00,2704.5,2610.61,2742.93875,0.0,276736.3300022135,184293.01533219754,-0.10431532449881031
2019-02-01 00:00:00+00:00,2704.25,2609.835,2742.9275,0.0,276736.3300022135,184275.97955706975,-0.10431532449881031
2019-02-04 00:00:00+00:00,2721.25,2610.335,2742.985,0.0,276736.3300022135,185434.41226575797,-0.10431532449881031
2019-02-05 00:00:00+00:00,2731.0,2612.155,2743.175,0.0,276736.3300022135,186098.80749574094,-0.10431532449881031
2019-02-06 00:00:00+00:00,2729.5,2613.765,2743.465,0.0,276736.3300022135,185996.59284497434,-0.10431532449881031
2019-02-07 00:00:00+00:00,2704.0,2615.255,2743.62875,0.0,276736.3300022135,184258.94378194195,-0.10431532449881031
2019-02-08 00:00:00+00:00,2706.25,2615.98,2743.98375,0.0,276736.3300022135,184412.26575809187,-0.10431532449881031
2019-02-11 00:00:00+00:00,2708.25,2616.475,2744.3025,0.0,276736.3300022135,184548.55195911403,-0.10431532449881031
2019-02-12 00:00:00+00:00,2744.75,2616.54,2744.65375,0.0,276736.3300022135,187035.77512776823,-0.10431532449881031
2019-02-13 00:00:00+00:00,2749.5,2616.645,2745.04375,0.0,276736.3300022135,187359.45485519583,-0.10431532449881031
2019-02-14 00:00:00+00:00,2743.5,2616.35,2745.52625,0.0,276736.3300022135,186950.59625212938,-0.10431532449881031
2019-02-15 00:00:00+00:00,2777.0,2616.075,2746.15,0.0,276736.3300022135,189233.39011925037,-0.10431532449881031
2019-02-19 00:00:00+00:00,2778.75,2617.615,2746.90625,0.0,276736.3300022135,189352.64054514474,-0.10431532449881031
2019-02-20 00:00:00+00:00,2787.0,2619.535,2747.6825,0.0,276736.3300022135,189914.8211243611,-0.10431532449881031
2019-02-21 00:00:00+00:00,2774.25,2622.3,2748.23875,0.0,276736.3300022135,189045.99659284492,-0.10431532449881031
2019-02-22 00:00:00+00:00,2791.25,2625.265,2748.845,0.0,276736.3300022135,190204.42930153315,-0.10431532449881031
2019-02-25 00:00:00+00:00,2797.0,2628.38,2749.47875,0.0,276736.3300022135,190596.25212947183,-0.10431532449881031
2019-02-26 00:00:00+00:00,2791.5,2631.16,2749.95625,0.0,276736.3300022135,190221.46507666094,-0.10431532449881031
2019-02-27 00:00:00+00:00,2795.0,2634.15,2750.3375,0.0,276736.3300022135,190459.9659284497,-0.10431532449881031
2019-02-28 00:00:00+00:00,2784.75,2637.805,2750.61375,0.0,276736.3300022135,189761.4991482112,-0.10431532449881031
2019-03-01 00:00:00+00:00,2805.0,2642.855,2750.98375,0.0,276736.3300022135,191141.39693356043,-0.10431532449881031
2019-03-04 00:00:00+00:00,2791.5,2647.97,2751.39625,0.0,276736.3300022135,190221.46507666097,-0.10431532449881031
2019-03-05 00:00:00+00:00,2791.5,2653.735,2751.73875,0.0,276736.3300022135,190221.46507666097,-0.10431532449881031
2019-03-06 00:00:00+00:00,2771.5,2659.45,2752.0025,0.0,276736.3300022135,188858.6030664395,-0.10431532449881031
2019-03-07 00:00:00+00:00,2750.0,2665.095,2752.1875,0.0,276736.3300022135,187393.52640545144,-0.10431532449881031
2019-03-08 00:00:00+00:00,2747.0,2673.2,2752.2575,0.0,276736.3300022135,187189.0971039182,-0.10431532449881031
2019-03-11 00:00:00+00:00,2784.0,2679.46,2752.5475,0.0,276736.3300022135,189710.3918228279,-0.10431532449881031
2019-03-12 00:00:00+00:00,2792.0,2685.4,2752.85375,0.0,276736.3300022135,190255.53662691647,-0.10431532449881031
2019-03-13 00:00:00+00:00,2814.5,2691.97,2753.28875,0.0,276736.3300022135,191788.7563884156,-0.10431532449881031
2019-03-14 00:00:00+00:00,2807.25,2698.01,2753.73375,0.0,276736.3300022135,191294.71890971035,-0.10431532449881031
2019-03-15 00:00:00+00:00,2811.889892578125,2704.0277978515624,2754.3319494628904,0.0,276736.3300022135,191610.8955760221,-0.10431532449881031
2019-03-18 00:00:00+00:00,2840.5,2711.8827978515624,2754.911949462891,0.0,276736.3300022135,193560.47700170352,-0.10431532449881031
2019-03-19 00:00:00+00:00,2836.5,2717.9877978515624,2755.5669494628905,0.0,276736.3300022135,193287.90459965923,-0.10431532449881031
2019-03-20 00:00:00+00:00,2827.0,2723.5177978515626,2756.0331994628905,0.0,276736.3300022135,192640.54514480405,-0.10431532449881031
2019-03-21 00:00:00+00:00,2862.5,2729.3177978515623,2756.6181994628905,0.0,276736.3300022135,195059.62521294714,-0.10431532449881031
2019-03-22 00:00:00+00:00,2810.75,2733.8827978515624,2756.914449462891,0.0,276736.3300022135,191533.21976149912,-0.10431532449881031
2019-03-25 00:00:00+00:00,2807.0,2738.1427978515626,2757.0881994628908,0.0,276736.3300022135,191277.68313458256,-0.10431532449881031
2019-03-26 00:00:00+00:00,2823.0,2742.7027978515625,2757.3419494628906,0.0,276736.3300022135,192367.97274275974,-0.10431532449881031
2019-03-27 00:00:00+00:00,2810.5,2747.3027978515624,2757.5006994628907,0.0,276736.3300022135,191516.18398637132,-0.10431532449881031
2019-03-28 00:00:00+00:00,2821.0,2751.6127978515624,2757.6906994628907,0.0,276736.3300022135,192231.6865417376,-0.10431532449881031
2019-03-29 00:00:00+00:00,2837.75,2756.1027978515626,2757.9594494628905,0.0,276736.3300022135,193373.0834752981,-0.10431532449881031
2019-04-01 00:00:00+00:00,2870.5,2760.8077978515626,2758.4406994628907,0.0,276736.3300022135,195604.77001703574,-0.10431532449881031
2019-04-02 00:00:00+00:00,2867.0,2764.7177978515624,2758.8594494628906,1.0,276398.9054577063,195366.269165247,-0.10540743262082897
2019-04-03 00:00:00+00:00,2879.75,2769.6727978515623,2759.3756994628907,1.0,277628.09486983955,196235.0936967632,-0.10142903874776121
2019-04-04 00:00:00+00:00,2882.75,2774.5627978515627,2759.8906994628906,1.0,277917.3159079885,196439.52299829642,-0.1004929460717453
2019-04-05 00:00:00+00:00,2896.0,2779.8027978515624,2760.539449462891,1.0,279194.70882647985,197342.41908006812,-0.09635853675267514
2019-04-08 00:00:00+00:00,2898.25,2784.4977978515626,2761.1706994628908,1.0,279411.6246050916,197495.74105621804,-0.09565646724566335
2019-04-09 00:00:00+00:00,2882.5,2789.3077978515626,2761.820699462891,1.0,277893.2141548095,196422.48722316863,-0.10057095379474656
2019-04-10 00:00:00+00:00,2894.5,2794.3927978515626,2762.4956994628906,1.0,279050.09830740537,197240.2044293015,-0.09682658309068315
2019-04-11 00:00:00+00:00,2891.75,2798.5777978515625,2763.3431994628904,1.0,278784.97902243544,197052.81090289605,-0.0976846680436978
2019-04-12 00:00:00+00:00,2912.5,2802.7377978515624,2764.2631994628905,1.0,280785.42453629925,198466.78023850083,-0.0912100270345878
2019-04-15 00:00:00+00:00,2909.5,2806.8427978515624,2765.2856994628905,1.0,280496.2034981502,198262.3509369676,-0.09214611971060382
2019-04-16 00:00:00+00:00,2911.5,2810.6477978515627,2766.2456994628906,1.0,280689.01752358285,198398.63713798975,-0.09152205792659329
2019-04-17 00:00:00+00:00,2900.5,2814.0377978515626,2767.1406994628906,1.0,279628.5403837033,197649.06303236797,-0.09495439773865144
2019-04-18 00:00:00+00:00,2910.0,2817.6477978515627,2768.0544494628907,1.0,280544.40700450836,198296.42248722314,-0.0919901042646013
2019-04-22 00:00:00+00:00,2912.5,2821.8177978515623,2769.0506994628904,1.0,280785.42453629914,198466.78023850083,-0.09121002703458814
2019-04-23 00:00:00+00:00,2938.0,2826.4527978515625,2770.048199462891,1.0,283243.8033605655,200204.4293015332,-0.08325323928845307
2019-04-24 00:00:00+00:00,2930.75,2830.9027978515624,2770.8869494628907,1.0,282544.8525183721,199710.39182282792,-0.08551546325549153
2019-04-25 00:00:00+00:00,2926.25,2834.5327978515625,2771.5806994628906,1.0,282111.02096114866,199403.74787052808,-0.08691960226951523
2019-04-26 00:00:00+00:00,2941.5,2838.3727978515626,2772.3044494628907,1.0,283581.2279050726,200442.93015332197,-0.08216113116643464
2019-04-29 00:00:00+00:00,2943.0,2842.3627978515624,2773.1494494628905,1.0,283725.83842414716,200545.1448040886,-0.08169308482842652
2019-04-30 00:00:00+00:00,2948.5,2845.7927978515627,2773.8994494628905,1.0,284256.0769940869,200919.9318568995,-0.07997691492239756
2019-05-01 00:00:00+00:00,2923.0,2848.6777978515624,2774.4981994628906,1.0,281797.6981698206,199182.2827938671,-0.08793370266853251
2019-05-02 00:00:00+00:00,2917.5,2851.2877978515626,2775.1031994628906,1.0,281267.45959988073,198807.49574105622,-0.0896498725745618
2019-05-03 00:00:00+00:00,2947.5,2854.7527978515627,2775.7844494628907,1.0,284159.66998137056,200851.7887563884,-0.08028894581440293
2019-05-06 00:00:00+00:00,2932.5,2857.5777978515625,2776.3669494628907,1.0,282713.5647906257,199829.64224872232,-0.08496940919448215
2019-05-07 00:00:00+00:00,2890.75,2859.4527978515625,2776.7944494628905,1.0,278688.57200971904,196984.667802385,-0.09799669893570329
2019-05-08 00:00:00+00:00,2887.25,2861.3677978515625,2777.226949462891,1.0,278351.1474652119,196746.16695059623,-0.09908880705772172
2019-05-09 00:00:00+00:00,2872.75,2862.9227978515623,2777.5306994628904,1.0,276953.2457808252,195758.0919931857,-0.10361325499179841
2019-05-10 00:00:00+00:00,2887.0,2864.9677978515624,2777.860699462891,1.0,278327.0457120329,196729.13117546847,-0.09916681478072298
2019-05-13 00:00:00+00:00,2807.0,2865.0077978515624,2777.6894494628905,1.0,270614.4846947268,191277.68313458262,-0.12412928614114627
2019-05-14 00:00:00+00:00,2839.25,2865.9627978515623,2777.673199462891,1.0,273723.61085482826,193475.2981260647,-0.11406628987397582
2019-05-15 00:00:00+00:00,2855.0,2867.2327978515623,2777.860699462891,1.0,275242.02130511036,194548.55195911412,-0.1091518033248926
2019-05-16 00:00:00+00:00,2878.5,2869.3727978515626,2778.2369494628906,1.0,277507.58610394405,196149.91482112434,-0.10181907736276807
2019-05-17 00:00:00+00:00,2862.0,2871.6127978515624,2778.4619494628905,1.0,275916.87039412465,195025.55366269164,-0.10696758708085552
2019-05-20 00:00:00+00:00,2844.0,2873.5527978515624,2778.6281994628907,1.0,274181.5441652308,193798.9778534923,-0.11258414313695064
2019-05-21 00:00:00+00:00,2866.0,2875.1927978515623,2778.8156994628907,1.0,276302.49844499,195298.12606473596,-0.10571946351283412
2019-05-22 00:00:00+00:00,2857.5,2876.5027978515627,2778.9056994628904,1.0,275483.03883690125,194718.90971039186,-0.1083717260948791
2019-05-23 00:00:00+00:00,2819.5,2876.6027978515626,2778.7531994628907,1.0,271819.5723536809,192129.47189097106,-0.12022889999108
2019-05-24 00:00:00+00:00,2831.75,2877.0927978515624,2778.6131994628904,1.0,273000.55825945584,192964.22487223172,-0.11640652156401543
2019-05-28 00:00:00+00:00,2805.0,2876.955,2778.3619494628906,1.0,270421.67066929414,191141.39693356052,-0.12475334792515691
2019-05-29 00:00:00+00:00,2780.0,2875.745,2777.9931994628905,1.0,268011.495351386,189437.8194207837,-0.13255412022528912
2019-05-30 00:00:00+00:00,2790.5,2874.825,2777.7619494628907,1.0,269023.7689849074,190153.32197614995,-0.1292777958592336
2019-05-31 00:00:00+00:00,2752.5,2873.335,2777.3969494628905,1.0,265360.302501687,187563.88415672915,-0.1411349697554347
2019-06-03 00:00:00+00:00,2749.5,2871.075,2776.9394494628905,1.0,265071.08146353805,187359.45485519595,-0.14207106243145062
2019-06-04 00:00:00+00:00,2805.0,2870.96,2776.8581994628908,1.0,270421.6706692942,191141.39693356052,-0.12475334792515669
2019-06-05 00:00:00+00:00,2827.75,2871.375,2776.7731994628907,1.0,272614.9302085906,192691.65247018743,-0.1176546451320365
2019-06-06 00:00:00+00:00,2845.75,2871.83,2776.7406994628905,1.0,274350.2564374844,193918.22827938673,-0.11203808907594137
2019-06-07 00:00:00+00:00,2875.0,2873.12,2776.8231994628904,1.0,277170.16155943694,195911.41396933564,-0.1029111854847865
2019-06-10 00:00:00+00:00,2889.25,2874.485,2776.9606994628907,1.0,278543.9614906446,196882.45315161845,-0.09846474527371107
2019-06-11 00:00:00+00:00,2887.0,2875.47,2777.0894494628906,1.0,278327.0457120329,196729.13117546853,-0.09916681478072298
2019-06-12 00:00:00+00:00,2881.0,2875.68,2777.204449462891,1.0,277748.6036357349,196320.2725724021,-0.1010390001327548
2019-06-13 00:00:00+00:00,2894.5,2876.23,2777.2931994628907,1.0,279050.09830740525,197240.20442930158,-0.09682658309068348
2019-06-14 00:00:00+00:00,2890.5,2876.445,2777.2531994628907,1.0,278664.47025653993,196967.63202725726,-0.09807470665870466
2019-06-17 00:00:00+00:00,2892.0,2876.63,2777.2169494628906,1.0,278809.0807756144,197069.84667802384,-0.09760666032069676
2019-06-18 00:00:00+00:00,2921.75,2877.145,2777.2519494628905,1.0,281677.18940392515,199097.10391822827,-0.08832374128353926
2019-06-19 00:00:00+00:00,2929.0,2877.76,2777.3869494628907,1.0,282376.1402461185,199591.14139693356,-0.08606151731650102
2019-06-20 00:00:00+00:00,2955.75,2879.225,2777.6556994628904,1.0,284955.0278362802,201413.96933560478,-0.07771469095535954
2019-06-21 00:00:00+00:00,2953.89990234375,2880.412998046875,2777.9339489746094,1.0,284776.6654480077,201287.89794505964,-0.07829197857733594
2019-06-24 00:00:00+00:00,2952.0,2881.617998046875,2778.2526989746093,1.0,284593.501538594,201158.43270868825,-0.07888480680037913
2019-06-25 00:00:00+00:00,2922.0,2881.807998046875,2778.4676989746094,1.0,281701.29115710425,199114.13969335606,-0.08824573356053789
2019-06-26 00:00:00+00:00,2918.0,2881.977998046875,2778.6839489746094,1.0,281315.66310623894,198841.56729131177,-0.08949385712855906
2019-06-27 00:00:00+00:00,2931.0,2882.367998046875,2778.9376989746092,1.0,282568.95427155116,199727.4275979557,-0.08543745553249027
2019-06-28 00:00:00+00:00,2944.25,2883.242998046875,2779.2101989746093,1.0,283846.3471900425,200630.32367972747,-0.0813030462134201
2019-07-01 00:00:00+00:00,2967.75,2884.397998046875,2779.6064489746095,1.0,286111.9119888762,202231.6865417377,-0.07397032025129568
2019-07-02 00:00:00+00:00,2979.5,2885.737998046875,2779.977698974609,1.0,287244.694388293,203032.36797274282,-0.07030395727023353
2019-07-03 00:00:00+00:00,3000.25,2886.982998046875,2780.4476989746095,1.0,289245.1399021568,204446.3373083476,-0.06382931626112365
2019-07-05 00:00:00+00:00,2990.5,2888.177998046875,2780.9451989746094,1.0,288305.17152817256,203781.94207836463,-0.06687161745817538
2019-07-08 00:00:00+00:00,2978.5,2889.222998046875,2781.3051989746095,1.0,287148.2873755767,202964.22487223175,-0.0706159881622388
2019-07-09 00:00:00+00:00,2982.0,2890.032998046875,2781.665198974609,1.0,287485.71192008385,203202.7257240205,-0.06952388004022025
2019-07-10 00:00:00+00:00,2997.5,2891.122998046875,2781.9826989746093,1.0,288980.0206171869,204258.94378194213,-0.06468740121413818
2019-07-11 00:00:00+00:00,3004.0,2892.232998046875,2782.287698974609,1.0,289606.666199843,204701.8739352641,-0.06265920041610384
2019-07-12 00:00:00+00:00,3015.5,2894.082998046875,2782.7376989746094,1.0,290715.34684608073,205485.51959114146,-0.05907084515804306
2019-07-15 00:00:00+00:00,3017.25,2896.077998046875,2783.2176989746094,1.0,290884.05911833426,205604.7700170358,-0.0585247910970339
2019-07-16 00:00:00+00:00,3007.0,2897.267998046875,2783.6951989746094,1.0,289895.8872379919,204906.3032367973,-0.06172310774008816
2019-07-17 00:00:00+00:00,2985.0,2898.317998046875,2784.0201989746092,1.0,287774.93295823276,203407.15502555371,-0.06858778736420457
2019-07-18 00:00:00+00:00,2997.5,2900.452998046875,2784.412698974609,1.0,288980.02061718685,204258.94378194213,-0.0646874012141384
2019-07-19 00:00:00+00:00,2977.0,2902.247998046875,2784.6476989746093,1.0,287003.6768565022,202862.0102214651,-0.0710840345002468
2019-07-22 00:00:00+00:00,2989.0,2904.572998046875,2784.9501989746095,1.0,288160.561009098,203679.72742759797,-0.0673396637961835
2019-07-23 00:00:00+00:00,3008.0,2906.992998046875,2785.3326989746092,1.0,289992.29425070825,204974.44633730836,-0.06141107684808289
2019-07-24 00:00:00+00:00,3021.5,2911.282998046875,2785.9014489746096,1.0,291293.7889223787,205894.37819420785,-0.057198659806011354
2019-07-25 00:00:00+00:00,3006.5,2914.627998046875,2786.4639489746096,1.0,289847.68373163376,204872.23168654172,-0.06187912318609079
2019-07-26 00:00:00+00:00,3024.5,2918.017998046875,2787.1176989746095,1.0,291583.0099605276,206098.807495741,-0.056262567129995666
2019-07-29 00:00:00+00:00,3021.75,2920.882998046875,2787.7851989746096,1.0,291317.8906755577,205911.41396933555,-0.05712065208301009
2019-07-30 00:00:00+00:00,3012.25,2923.887998046875,2788.9414489746096,1.0,290402.0240547526,205264.05451448038,-0.060084945557060454
2019-07-31 00:00:00+00:00,2982.25,2926.652998046875,2790.1251989746092,1.0,287509.81367326283,203219.76149914818,-0.06944587231721921
2019-08-01 00:00:00+00:00,2952.0,2928.372998046875,2791.0426989746093,1.0,284593.50153859396,201158.4327086882,-0.07888480680037935
2019-08-02 00:00:00+00:00,2932.5,2929.872998046875,2791.9601989746093,1.0,282713.5647906256,199829.6422487223,-0.08496940919448259
2019-08-05 00:00:00+00:00,2830.0,2930.082998046875,2792.0214489746095,1.0,272831.8459872022,192844.9744463373,-0.11695257562502492
2019-08-06 00:00:00+00:00,2876.0,2930.967998046875,2792.3201989746094,1.0,277266.5685721532,195979.55706984663,-0.10259915459278135
2019-08-07 00:00:00+00:00,2880.5,2932.477998046875,2792.861448974609,1.0,277700.4001293767,196286.2010221465,-0.10119501557875765
2019-08-08 00:00:00+00:00,2940.0,2935.677998046875,2793.7239489746094,1.0,283436.6173859981,200340.71550255534,-0.08262917750444276
2019-08-09 00:00:00+00:00,2919.75,2938.262998046875,2794.540198974609,1.0,281484.37537849246,198960.8177172061,-0.0889478030675499
2019-08-12 00:00:00+00:00,2880.25,2940.817998046875,2795.2101989746093,1.0,277676.2983761976,196269.1652470187,-0.10127302330175902
2019-08-13 00:00:00+00:00,2932.0,2944.467998046875,2796.548948974609,1.0,282665.36128426745,199795.57069846676,-0.08512542464048511
2019-08-14 00:00:00+00:00,2840.75,2945.182998046875,2797.3114489746094,1.0,273868.2213739027,193577.51277683134,-0.11359824353596804
2019-08-15 00:00:00+00:00,2848.5,2945.597998046875,2798.2064489746094,1.0,274615.3757224542,194105.62180579215,-0.11118000412292706
2019-08-16 00:00:00+00:00,2891.5,2946.512998046875,2799.446448974609,1.0,278760.8772692562,197035.77512776828,-0.0977626757666995
2019-08-19 00:00:00+00:00,2923.75,2947.487998046875,2800.6389489746093,1.0,281870.0034293578,199233.3901192504,-0.08769967949952873
2019-08-20 00:00:00+00:00,2898.25,2947.667998046875,2801.5751989746095,1.0,279411.6246050914,197495.74105621802,-0.0956564672456639
2019-08-21 00:00:00+00:00,2929.25,2948.512998046875,2802.5314489746092,1.0,282400.2419992975,199608.17717206126,-0.08598350959349976
2019-08-22 00:00:00+00:00,2922.25,2949.337998046875,2803.5214489746095,1.0,281725.39291028323,199131.17546848377,-0.08816772583753685
2019-08-23 00:00:00+00:00,2855.5,2948.557998046875,2804.1014489746094,1.0,275290.2248114685,194582.62350936962,-0.10899578787888997
2019-08-26 00:00:00+00:00,2883.25,2948.412998046875,2804.7226989746096,1.0,277965.51941434655,196473.5945485519,-0.10033693062574311
2019-08-27 00:00:00+00:00,2865.5,2947.882998046875,2804.9676989746094,1.0,276254.29493863176,195264.05451448035,-0.10587547895883709
2019-08-28 00:00:00+00:00,2889.75,2947.242998046875,2805.372698974609,1.0,278592.16499700263,196916.52470187386,-0.09830872982770889
2019-08-29 00:00:00+00:00,2926.75,2947.197998046875,2806.111448974609,1.0,282159.2244675067,199437.81942078355,-0.08676358682351304
2019-08-30 00:00:00+00:00,2924.75,2946.577998046875,2807.0964489746093,1.0,281966.410442074,199301.53321976142,-0.0873876486075238
2019-09-03 00:00:00+00:00,2906.0,2945.62,2807.9889489746092,1.0,280158.7789536429,198023.85008517877,-0.09323822783262303
2019-09-04 00:00:00+00:00,2938.5,2945.35,2809.1889489746095,1.0,283292.0068669234,200238.50085178867,-0.08309722384245122
2019-09-05 00:00:00+00:00,2972.0,2946.35,2810.3764489746095,1.0,286521.64179292036,202521.29471890957,-0.07264418896027391
2019-09-06 00:00:00+00:00,2980.75,2947.605,2811.5651989746093,1.0,287365.2031541882,203117.54684838146,-0.06991391865522767
2019-09-09 00:00:00+00:00,2978.25,2948.55,2812.975198974609,1.0,287124.1856223974,202947.18909710378,-0.07069399588524072
2019-09-10 00:00:00+00:00,2978.5,2949.235,2814.6676989746093,1.0,287148.28737557644,202964.22487223157,-0.07061598816223957
2019-09-11 00:00:00+00:00,3002.0,2949.92,2816.4326989746096,1.0,289413.85217441013,204565.5877342418,-0.06328326220011515
2019-09-12 00:00:00+00:00,3011.75,2950.565,2818.3439489746092,1.0,290353.8205483943,205229.98296422474,-0.06024096100306364
2019-09-13 00:00:00+00:00,3006.5,2950.69,2820.0264489746096,1.0,289847.6837316336,204872.23168654164,-0.061879123186091345
2019-09-16 00:00:00+00:00,2999.0,2950.86,2821.6039489746095,1.0,289124.63113626116,204361.15843270862,-0.06421935487613095
2019-09-17 00:00:00+00:00,3005.5,2951.4,2822.923948974609,1.0,289751.27671891724,204804.0885860306,-0.06219115407809672
2019-09-18 00:00:00+00:00,3006.25,2951.885,2824.2339489746096,1.0,289823.5819784545,204855.1959114139,-0.06195713090909272
2019-09-19 00:00:00+00:00,3006.0,2952.055,2825.4726989746096,1.0,289799.4802252754,204838.16013628614,-0.06203513863209409
2019-09-20 00:00:00+00:00,3013.610107421875,2952.2472021484373,2826.5869995117187,1.0,290533.1479482687,205356.73645123502,-0.05966055002499038
2019-09-23 00:00:00+00:00,2997.0,2951.8772021484374,2828.063249511719,1.0,288931.8171108284,204224.8722316865,-0.06484341666014193
2019-09-24 00:00:00+00:00,2970.25,2950.9372021484373,2829.4594995117186,1.0,286352.9295206667,202402.04429301526,-0.07319024302128341
2019-09-25 00:00:00+00:00,2986.25,2950.5222021484374,2831.210749511719,1.0,287895.4417241279,203492.33390119244,-0.0681977487491987
2019-09-26 00:00:00+00:00,2980.5,2950.4322021484377,2832.898249511719,1.0,287341.101401009,203100.5110732538,-0.06999192637822926
2019-09-27 00:00:00+00:00,2963.75,2949.7572021484375,2834.5107495117186,1.0,285726.2839380106,201959.1141396933,-0.07521844381931786
2019-09-30 00:00:00+00:00,2978.5,2949.7872021484377,2836.1407495117187,1.0,287148.2873755764,202964.22487223166,-0.0706159881622398
2019-10-01 00:00:00+00:00,2937.75,2948.7622021484376,2837.6019995117185,1.0,283219.7016073861,200187.3935264054,-0.08333124701145533
2019-10-02 00:00:00+00:00,2880.5,2946.2122021484374,2838.994499511719,1.0,277700.4001293765,196286.20102214647,-0.10119501557875821
2019-10-03 00:00:00+00:00,2911.75,2944.0172021484377,2840.790749511719,1.0,280713.1192767617,198415.67291311754,-0.0914440502035927
2019-10-04 00:00:00+00:00,2951.0,2942.9072021484376,2842.866999511719,1.0,284497.0945258775,201090.28960817718,-0.07919683769238506
2019-10-07 00:00:00+00:00,2937.5,2941.1672021484374,2845.0382495117187,1.0,283195.5998542071,200170.35775127768,-0.0834092547344566
2019-10-08 00:00:00+00:00,2892.5,2938.5822021484373,2847.071999511719,1.0,278857.2842819724,197103.91822827936,-0.09745064487469479
2019-10-09 00:00:00+00:00,2919.0,2936.7172021484375,2849.3282495117187,1.0,281412.07011895505,198909.71039182282,-0.08918182623655446
2019-10-10 00:00:00+00:00,2941.0,2935.8922021484377,2852.324499511719,1.0,283533.02439871425,200408.85860306644,-0.08231714661243794
2019-10-11 00:00:00+00:00,2970.75,2936.2672021484377,2854.8232495117186,1.0,286401.1330270249,202436.11584327085,-0.07303422757528055
2019-10-14 00:00:00+00:00,2965.5,2936.9272021484376,2857.1757495117185,1.0,285894.9962102642,202078.36456558775,-0.07467238975830837
2019-10-15 00:00:00+00:00,2997.75,2940.2822021484376,2859.7344995117187,1.0,289004.1223703657,204275.97955706983,-0.0646093934911377
2019-10-16 00:00:00+00:00,2991.5,2942.5922021484375,2862.165749511719,1.0,288401.5785408887,203850.08517887563,-0.06655958656617078
2019-10-17 00:00:00+00:00,2998.0,2944.9422021484374,2864.6007495117187,1.0,289028.22412354476,204293.01533219762,-0.06453138576813655
2019-10-18 00:00:00+00:00,2988.25,2945.9072021484376,2867.3032495117186,1.0,288088.2557495606,203628.62010221466,-0.06757368696518806
2019-10-21 00:00:00+00:00,3006.5,2947.6422021484377,2869.679499511719,1.0,289847.6837316335,204872.23168654172,-0.06187912318609179
2019-10-22 00:00:00+00:00,2994.5,2949.9272021484376,2871.8994995117187,1.0,288690.7995790376,204054.5144804088,-0.0656234938901552
2019-10-23 00:00:00+00:00,3005.75,2951.4022021484375,2874.065749511719,1.0,289775.3784720963,204821.1243611584,-0.06211314635509546
2019-10-24 00:00:00+00:00,3004.25,2954.6722021484375,2876.1744995117188,1.0,289630.76795302174,204718.90971039177,-0.06258119269310358
2019-10-25 00:00:00+00:00,3020.25,2958.1072021484374,2878.3057495117187,1.0,291173.280156483,205809.19931856895,-0.05758869842101877
2019-10-28 00:00:00+00:00,3036.25,2961.0022021484374,2880.511999511719,1.0,292715.7923599442,206899.48892674615,-0.05259620414893418
2019-10-29 00:00:00+00:00,3035.75,2963.2422021484376,2882.7882495117187,1.0,292667.58885358606,206865.4173764906,-0.05275221959493681
2019-10-30 00:00:00+00:00,3047.75,2966.2322021484374,2884.9994995117186,1.0,293824.47300618194,207683.13458262352,-0.049007848890873396
2019-10-31 00:00:00+00:00,3035.75,2968.3622021484375,2887.1119995117188,1.0,292667.58885358606,206865.41737649066,-0.05275221959493681
2019-11-01 00:00:00+00:00,3063.25,2971.1822021484377,2889.2519995117186,1.0,295318.78170328494,208739.35264054514,-0.04417137006479155
2019-11-04 00:00:00+00:00,3075.75,2975.5872021484374,2891.273249511719,1.0,296523.869362239,209591.14139693353,-0.04027098391472528
2019-11-05 00:00:00+00:00,3072.0,2979.3622021484375,2893.4732495117187,1.0,296162.3430645529,209335.604770017,-0.04144109975974497
2019-11-06 00:00:00+00:00,3075.5,2983.5622021484373,2895.659499511719,1.0,296499.76760906004,209574.10562180576,-0.04034899163772632
2019-11-07 00:00:00+00:00,3086.0,2987.4872021484375,2897.9194995117186,1.0,297512.0412425815,210289.60817717205,-0.03707266727167069
2019-11-08 00:00:00+00:00,3090.5,2990.7622021484376,2900.054499511719,1.0,297945.87279980496,210596.2521294719,-0.03566852825764688
2019-11-11 00:00:00+00:00,3087.5,2994.0172021484377,2902.281999511719,1.0,297656.651761656,210391.82282793868,-0.03660462093366268
2019-11-12 00:00:00+00:00,3092.0,2997.7372021484375,2904.540749511719,1.0,298090.48331887944,210698.46678023846,-0.03520048191963898
2019-11-13 00:00:00+00:00,3095.5,3000.8772021484374,2906.605749511719,1.0,298427.9078633865,210936.9676320272,-0.03410837379762066
2019-11-14 00:00:00+00:00,3097.0,3003.3772021484374,2908.568249511719,1.0,298572.51838246104,211039.1822827938,-0.03364032745961254
2019-11-15 00:00:00+00:00,3118.25,3006.1272021484374,2910.6382495117186,1.0,300621.167402683,212487.22316865413,-0.027009671004500024
2019-11-18 00:00:00+00:00,3121.75,3008.9972021484373,2912.6407495117187,1.0,300958.59194719006,212725.72402044284,-0.025917562882481815
2019-11-19 00:00:00+00:00,3118.5,3011.7972021484375,2914.5782495117187,1.0,300645.269155862,212504.25894378187,-0.026931663281498985
2019-11-20 00:00:00+00:00,3109.0,3013.9372021484373,2916.4757495117187,1.0,299729.4025350569,211856.89948892666,-0.029895956755549125
2019-11-21 00:00:00+00:00,3104.0,3015.7822021484376,2918.4757495117187,1.0,299247.36747147527,211516.1839863713,-0.03145611121557568
2019-11-22 00:00:00+00:00,3111.5,3017.8822021484375,2920.5019995117186,1.0,299970.42006684776,212027.25724020432,-0.029115879525535848
2019-11-25 00:00:00+00:00,3132.75,3020.5572021484377,2922.6244995117186,1.0,302019.06908706966,213475.29812606462,-0.022485223070423555
2019-11-26 00:00:00+00:00,3143.75,3023.3222021484376,2924.619499511719,1.0,303079.54622694926,214224.8722316864,-0.019052883258365294
2019-11-27 00:00:00+00:00,3153.75,3026.2722021484374,2926.6407495117187,1.0,304043.61635411246,214906.30323679713,-0.015932574338312522
2019-11-29 00:00:00+00:00,3143.75,3029.0272021484375,2928.641999511719,1.0,303079.5462269492,214224.8722316864,-0.019052883258365516
2019-12-02 00:00:00+00:00,3114.25,3031.04,2930.3282495117187,1.0,300235.53935181757,212214.65076660976,-0.028257794572521644
2019-12-03 00:00:00+00:00,3091.0,3032.92,2931.889499511719,1.0,297994.0763061629,210630.3236797273,-0.035512512811644914
2019-12-04 00:00:00+00:00,3111.0,3035.735,2933.509499511719,1.0,299922.2165604895,211993.18568994876,-0.029271894971538814
2019-12-05 00:00:00+00:00,3117.75,3038.365,2935.2269995117185,1.0,300572.9638963247,212453.1516183985,-0.027165686450503213
2019-12-06 00:00:00+00:00,3146.0,3041.675,2937.000749511719,1.0,303296.46200556087,214378.1942078363,-0.018350813751353723
2019-12-09 00:00:00+00:00,3134.5,3045.09,2938.688249511719,1.0,302187.78135932307,213594.548551959,-0.02193916900941484
2019-12-10 00:00:00+00:00,3136.0,3048.24,2940.4107495117187,1.0,302332.3918783976,213696.76320272562,-0.021471122671406717
2019-12-11 00:00:00+00:00,3143.0,3052.345,2942.150749511719,1.0,303007.2409674119,214173.76490630314,-0.019286906427369632
2019-12-12 00:00:00+00:00,3168.0,3058.095,2944.0669995117187,1.0,305417.41628532,215877.34241907994,-0.011486134127237424
2019-12-13 00:00:00+00:00,3172.0,3063.3,2945.9019995117187,1.0,305803.0443361853,216149.91482112426,-0.010238010559216248
2019-12-16 00:00:00+00:00,3194.25,3068.165,2947.915749511719,1.0,307948.10036912357,217666.0988074956,-0.0032953232120984666
2019-12-17 00:00:00+00:00,3192.0,3073.255,2949.918249511719,1.0,307731.18459051184,217512.77683134572,-0.003997392719110371
2019-12-18 00:00:00+00:00,3194.75,3079.3,2952.034499511719,1.0,307996.3038754817,217700.17035775117,-0.0031393077660959445
2019-12-19 00:00:00+00:00,3207.0,3085.06,2954.3194995117187,1.0,309177.2897812567,218534.92333901185,0.0
2019-12-20 00:00:00+00:00,3231.02001953125,3090.860400390625,2956.739599609375,1.0,311492.98810965236,220171.72194420773,0.0
2019-12-23 00:00:00+00:00,3227.25,3095.990400390625,2958.955849609375,1.0,311129.5317887623,219914.82112436107,-0.0011668202327627109
2019-12-24 00:00:00+00:00,3225.75,3101.195400390625,2961.124599609375,1.0,310984.9212696878,219812.6064735945,-0.0016310699096240278
2019-12-26 00:00:00+00:00,3244.5,3106.130400390625,2963.274599609375,1.0,312792.55275811895,221090.28960817715,0.0
2019-12-27 00:00:00+00:00,3237.5,3111.050400390625,2965.425849609375,1.0,312117.70366910467,220613.28790459962,-0.0021574973031284195
2019-12-30 00:00:00+00:00,3223.5,3115.560400390625,2967.4839001464843,1.0,310768.0054910761,219659.28449744458,-0.006472491909385147
2019-12-31 00:00:00+00:00,3231.0,3120.415400390625,2969.436400146484,1.0,311491.0580864485,220170.35775127765,-0.004160887656033396
2020-01-02 00:00:00+00:00,3259.0,3125.465400390625,2971.5489001464844,1.0,314190.45444250567,222078.36456558766,0.0
2020-01-03 00:00:00+00:00,3235.5,3130.285400390625,2973.5914001464844,1.0,311924.889643672,220477.00170357744,-0.007210800859159372
2020-01-06 00:00:00+00:00,3243.5,3135.040400390625,2975.4964001464846,1.0,312696.1457454026,221022.146507666,-0.0047560601411476
2020-01-07 00:00:00+00:00,3235.25,3139.660400390625,2977.6189001464845,1.0,311900.78789049294,220459.96592844964,-0.007287511506597122
2020-01-08 00:00:00+00:00,3260.25,3144.460400390625,2979.885150146484,1.0,314310.96320840105,222163.54344122644,0.0
2020-01-09 00:00:00+00:00,3276.0,3149.255400390625,2982.1501501464845,1.0,315829.3736586832,223236.79727427583,0.0
2020-01-10 00:00:00+00:00,3264.75,3153.835400390625,2984.4214001464843,1.0,314744.79476562457,222470.18739352626,-0.003434065934065811
2020-01-13 00:00:00+00:00,3289.75,3158.675400390625,2986.7651501464843,1.0,317154.9700835327,224173.76490630305,0.0
2020-01-14 00:00:00+00:00,3288.0,3163.720400390625,2989.0164001464846,1.0,316986.2578112791,224054.5144804087,-0.0005319553157535628
2020-01-15 00:00:00+00:00,3293.75,3168.330400390625,2991.1326501464846,1.0,317540.598134398,224446.33730834734,0.0
2020-01-16 00:00:00+00:00,3316.5,3173.145400390625,2993.3801501464845,1.0,319733.8576736944,225996.59284497428,0.0
2020-01-17 00:00:00+00:00,3325.0,3178.205400390625,2995.6064001464842,1.0,320553.31728178315,226575.8091993184,0.0
2020-01-21 00:00:00+00:00,3319.5,3183.085400390625,2997.7901501464844,1.0,320023.07871184335,226201.0221465075,-0.0016541353383459079
2020-01-22 00:00:00+00:00,3319.75,3187.760400390625,2999.9089001464845,1.0,320047.1804650224,226218.05792163525,-0.0015789473684212352
2020-01-23 00:00:00+00:00,3326.0,3192.470400390625,3002.0476501464846,1.0,320649.72429449944,226643.95229982946,0.0
2020-01-24 00:00:00+00:00,3293.5,3196.590400390625,3004.1026501464844,1.0,317516.49638121884,224429.30153321958,-0.009771497294046916
2020-01-27 00:00:00+00:00,3239.5,3199.540400390625,3005.8276501464843,1.0,312310.5176945373,220749.57410562166,-0.026007215874924716
2020-01-28 00:00:00+00:00,3278.25,3203.195400390625,3007.760150146484,1.0,316046.2894372949,223390.11925042572,-0.014356584485868962
2020-01-29 00:00:00+00:00,3272.5,3206.705400390625,3009.5601501464844,1.0,315491.94911417604,222998.29642248707,-0.016085387853277067
2020-01-30 00:00:00+00:00,3289.75,3210.135400390625,3011.4614001464843,1.0,317154.9700835326,224173.76490630305,-0.010898977751052308
2020-01-31 00:00:00+00:00,3224.0,3212.180400390625,3013.0239001464843,1.0,310816.2089974342,219693.35604769998,-0.03066746843054735
2020-02-03 00:00:00+00:00,3245.5,3214.720400390625,3014.748900146484,1.0,312888.95977083524,221158.43270868808,-0.024203247143716133
2020-02-04 00:00:00+00:00,3299.5,3218.530400390625,3016.6964001464844,1.0,318094.9384575168,224838.16013628602,-0.007967528562838333
2020-02-05 00:00:00+00:00,3335.0,3223.150400390625,3018.8089001464846,1.0,321517.3874089463,227257.2402044291,0.0
2020-02-06 00:00:00+00:00,3345.25,3227.825400390625,3020.8451501464842,1.0,322505.5592892886,227955.7069846676,0.0
2020-02-07 00:00:00+00:00,3325.5,3231.680400390625,3022.8189001464843,1.0,320601.5207881412,226609.8807495739,-0.005903893580449848
2020-02-10 00:00:00+00:00,3353.0,3235.865400390625,3024.9526501464843,1.0,323252.7136378402,228483.81601362844,0.0
2020-02-11 00:00:00+00:00,3357.5,3239.940400390625,3027.0326501464842,1.0,323686.54519506363,228790.45996592828,0.0
2020-02-12 00:00:00+00:00,3380.5,3244.675400390625,3029.2201501464842,1.0,325903.9064875391,230357.75127768295,0.0
2020-02-13 00:00:00+00:00,3377.5,3249.940400390625,3031.365150146484,1.0,325614.68544939015,230153.32197614975,-0.0008874426859931672
2020-02-14 00:00:00+00:00,3381.0,3255.740400390625,3033.655150146484,1.0,325952.1099938973,230391.8228279385,0.0
2020-02-18 00:00:00+00:00,3369.25,3260.905400390625,3035.9139001464846,1.0,324819.3275944804,229591.14139693338,-0.0034753031647444255
2020-02-19 00:00:00+00:00,3387.25,3266.295400390625,3038.112650146484,1.0,326554.65382337425,230817.71720613266,0.0
2020-02-20 00:00:00+00:00,3369.25,3270.760400390625,3040.2964001464843,1.0,324819.3275944804,229591.14139693338,-0.005314045316997418
2020-02-21 00:00:00+00:00,3339.25,3274.855400390625,3042.5389001464846,1.0,321927.11721299065,227546.8483816012,-0.01417078751199341
2020-02-24 00:00:00+00:00,3226.25,3276.660400390625,3044.2339001464843,1.0,311033.12477604585,219846.6780238499,-0.04753118311314475
2020-02-25 00:00:00+00:00,3132.5,3276.450400390625,3045.5326501464842,1.0,301994.96733389026,213458.26235093677,-0.07520850247250721
2020-02-26 00:00:00+00:00,3110.25,3275.295400390625,3046.6489001464843,1.0,299849.911300952,211942.0783645654,-0.0817772529337959
2020-02-27 00:00:00+00:00,2957.0,3270.995400390625,3047.3989001464843,1.0,285075.5366021751,201499.14821124342,-0.12702044431323345
2020-02-28 00:00:00+00:00,2951.0,3266.130400390625,3047.9576501464844,1.0,284497.09452587715,201090.28960817697,-0.12879179275223263
2020-03-02 00:00:00+00:00,3065.0,3263.590400390625,3049.0076501464846,1.0,295487.49397553824,208858.6030664393,-0.09513617241124817
2020-03-03 00:00:00+00:00,2997.0,3259.635400390625,3049.6001501464843,1.0,288931.8171108281,204224.87223168634,-0.11521145471990557
2020-03-04 00:00:00+00:00,3114.75,3257.790400390625,3050.8639001464844,1.0,300283.7428581755,212248.72231686526,-0.08044874160454651
2020-03-05 00:00:00+00:00,3015.5,3253.48,3051.7214001464845,1.0,290715.34684608015,205485.51959114123,-0.10974979703299137
2020-03-06 00:00:00+00:00,2964.0,3248.215,3052.2114001464843,1.0,285750.3856911894,201976.14991482094,-0.12495387113440104
2020-03-09 00:00:00+00:00,2747.75,3238.655,3051.6626501464843,1.0,264902.36919128394,187240.20442930135,-0.18879622112333017
2020-03-10 00:00:00+00:00,2865.75,3231.08,3051.893900146484,1.0,276278.3966918104,195281.090289608,-0.15395970182301277
2020-03-11 00:00:00+00:00,2740.25,3221.135,3051.436400146484,1.0,264179.3165959116,186729.13117546833,-0.19101040667207891
2020-03-12 00:00:00+00:00,2469.0,3206.045,3049.7564001464843,1.0,238028.9143966082,168245.3151618397,-0.27109011735183397
2020-03-13 00:00:00+00:00,2696.0,3195.345,3049.3364001464843,1.0,259913.3062832142,183713.79897785335,-0.20407410140969784
2020-03-16 00:00:00+00:00,2416.25,3178.49,3047.4651501464846,1.0,232943.44447582203,164650.7666098806,-0.2866632223780351
2020-03-17 00:00:00+00:00,2495.5,3163.69,3046.1801501464843,1.0,240583.70023359088,170051.10732538314,-0.2632666617462541
2020-03-18 00:00:00+00:00,2414.0,3147.1,3044.5026501464845,1.0,232726.52869721036,164497.4446337307,-0.2873274780426597
2020-03-19 00:00:00+00:00,2403.25,3130.46,3042.4939001464845,1.0,231690.1533105099,163764.90630323667,-0.29050114399586646
2020-03-20 00:00:00+00:00,2437.97998046875,3114.014599609375,3040.545050048828,1.0,235038.36697919844,166131.51485306633,-0.28024799454756755
2020-03-23 00:00:00+00:00,2220.5,3092.904599609375,3037.418800048828,1.0,214071.77173660137,151311.75468483803,-0.34445346520038334
2020-03-24 00:00:00+00:00,2438.0,3076.369599609375,3035.233800048828,1.0,235040.29700240222,166132.87904599647,-0.28024208428666275
2020-03-25 00:00:00+00:00,2467.0,3059.914599609375,3033.122550048828,1.0,237836.10037117565,168109.02896081758,-0.2716805668315001
2020-03-26 00:00:00+00:00,2608.0,3046.314599609375,3031.727550048828,1.0,251429.4891641776,177717.20613287893,-0.23005387851501913
2020-03-27 00:00:00+00:00,2524.0,3030.919599609375,3029.9425500488283,1.0,243331.30009600622,171993.18568994876,-0.2548527566610078
2020-03-30 00:00:00+00:00,2611.25,3016.814599609375,3028.526300048828,1.0,251742.81195550563,177938.6712095399,-0.2290943981105612
2020-03-31 00:00:00+00:00,2569.75,3001.709599609375,3026.9225500488283,0.0,251742.81195550563,175110.73253833037,-0.2290943981105612
2020-04-01 00:00:00+00:00,2448.0,2984.279599609375,3024.702550048828,0.0,251742.81195550563,166814.3100511072,-0.2290943981105612
2020-04-02 00:00:00+00:00,2516.5,2968.214599609375,3022.676300048828,0.0,251742.81195550563,171482.11243611574,-0.2290943981105612
2020-04-03 00:00:00+00:00,2482.75,2951.349599609375,3020.4450500488283,0.0,251742.81195550563,169182.282793867,-0.2290943981105612
2020-04-06 00:00:00+00:00,2644.5,2938.369599609375,3018.888800048828,0.0,251742.81195550563,180204.4293015331,-0.2290943981105612
2020-04-07 00:00:00+00:00,2642.0,2926.419599609375,3017.3293005371092,0.0,251742.81195550563,180034.07155025538,-0.2290943981105612
2020-04-08 00:00:00+00:00,2735.0,2915.554599609375,3016.244300537109,0.0,251742.81195550563,186371.3798977852,-0.2290943981105612
2020-04-09 00:00:00+00:00,2779.75,2905.699599609375,3015.5330505371094,0.0,251742.81195550563,189420.78364565573,-0.2290943981105612
2020-04-13 00:00:00+00:00,2759.25,2895.089599609375,3014.7393005371096,0.0,251742.81195550563,188023.8500851787,-0.2290943981105612
2020-04-14 00:00:00+00:00,2843.0,2887.469599609375,3014.2993005371095,0.0,251742.81195550563,193730.83475298109,-0.2290943981105612
2020-04-15 00:00:00+00:00,2775.0,2878.059599609375,3013.4530505371094,0.0,251742.81195550563,189097.10391822812,-0.2290943981105612
2020-04-16 00:00:00+00:00,2787.5,2867.819599609375,3012.5518005371096,0.0,251742.81195550563,189948.8926746165,-0.2290943981105612
2020-04-17 00:00:00+00:00,2870.0,2858.519599609375,3012.0043005371094,0.0,251742.81195550563,195570.69846678004,-0.2290943981105612
2020-04-20 00:00:00+00:00,2806.5,2847.744599609375,3011.0355505371094,0.0,251742.81195550563,191243.61158432686,-0.2290943981105612
2020-04-21 00:00:00+00:00,2732.0,2835.874599609375,3009.7430505371094,0.0,251742.81195550563,186166.95059625193,-0.2290943981105612
2020-04-22 00:00:00+00:00,2788.5,2824.584599609375,3008.7930505371096,0.0,251742.81195550563,190017.03577512753,-0.2290943981105612
2020-04-23 00:00:00+00:00,2780.75,2813.049599609375,3007.7868005371092,0.0,251742.81195550563,189488.92674616672,-0.2290943981105612
2020-04-24 00:00:00+00:00,2829.5,2802.029599609375,3006.9468005371095,0.0,251742.81195550563,192810.90289608156,-0.2290943981105612
2020-04-27 00:00:00+00:00,2869.0,2791.859599609375,3006.2718005371094,0.0,251742.81195550563,195502.55536626893,-0.2290943981105612
2020-04-28 00:00:00+00:00,2867.25,2781.584599609375,3005.5305505371093,0.0,251742.81195550563,195383.30494037457,-0.2290943981105612
2020-04-29 00:00:00+00:00,2941.0,2773.019599609375,3005.1493005371094,0.0,251742.81195550563,200408.8586030662,-0.2290943981105612
2020-04-30 00:00:00+00:00,2902.5,2763.324599609375,3004.6268005371094,0.0,251742.81195550563,197785.3492333899,-0.2290943981105612
2020-05-01 00:00:00+00:00,2821.75,2752.374599609375,3003.8105505371095,0.0,251742.81195550563,192282.7938671207,-0.2290943981105612
2020-05-04 00:00:00+00:00,2825.25,2742.094599609375,3002.9493005371096,0.0,251742.81195550563,192521.29471890946,-0.2290943981105612
2020-05-05 00:00:00+00:00,2858.25,2734.734599609375,3002.3555505371096,0.0,251742.81195550563,194770.01703577483,-0.2290943981105612
2020-05-06 00:00:00+00:00,2833.5,2728.754599609375,3001.5780505371094,0.0,251742.81195550563,193083.47529812576,-0.2290943981105612
2020-05-07 00:00:00+00:00,2880.0,2724.149599609375,3000.9380505371096,0.0,251742.81195550563,196252.1294718907,-0.2290943981105612
2020-05-08 00:00:00+00:00,2928.5,2723.579599609375,3000.4730505371094,0.0,251742.81195550563,199557.06984667774,-0.2290943981105612
2020-05-11 00:00:00+00:00,2922.75,2723.014599609375,3000.054300537109,0.0,251742.81195550563,199165.24701873906,-0.2290943981105612
2020-05-12 00:00:00+00:00,2852.5,2718.764599609375,2999.1943005371095,0.0,251742.81195550563,194378.19420783618,-0.2290943981105612
2020-05-13 00:00:00+00:00,2813.0,2715.084599609375,2998.150550537109,0.0,251742.81195550563,191686.54173764877,-0.2290943981105612
2020-05-14 00:00:00+00:00,2847.0,2709.729599609375,2997.3243005371096,0.0,251742.81195550563,194003.40715502526,-0.2290943981105612
2020-05-15 00:00:00+00:00,2846.5,2706.349599609375,2996.6455505371096,0.0,251742.81195550563,193969.33560476973,-0.2290943981105612
2020-05-18 00:00:00+00:00,2948.0,2706.029599609375,2996.6255505371096,0.0,251742.81195550563,200885.86030664365,-0.2290943981105612
2020-05-19 00:00:00+00:00,2918.75,2709.449599609375,2996.556800537109,0.0,251742.81195550563,198892.67461669474,-0.2290943981105612
2020-05-20 00:00:00+00:00,2968.5,2711.504599609375,2997.2493005371093,0.0,251742.81195550563,202282.79386712064,-0.2290943981105612
2020-05-21 00:00:00+00:00,2937.0,2715.439599609375,2997.554300537109,0.0,251742.81195550563,200136.2862010218,-0.2290943981105612
2020-05-22 00:00:00+00:00,2953.0,2725.119599609375,2997.9168005371093,0.0,251742.81195550563,201226.57580919898,-0.2290943981105612
2020-05-26 00:00:00+00:00,2994.5,2731.089599609375,2998.1893005371094,0.0,251742.81195550563,204054.51448040854,-0.2290943981105612
2020-05-27 00:00:00+00:00,3035.5,2743.474599609375,2998.7680505371095,0.0,251742.81195550563,206848.38160136252,-0.2290943981105612
2020-05-28 00:00:00+00:00,3038.0,2754.324599609375,2999.556800537109,0.0,251742.81195550563,207018.73935264023,-0.2290943981105612
2020-05-29 00:00:00+00:00,3042.0,2766.884599609375,3000.1068005371094,0.0,251742.81195550563,207291.31175468455,-0.2290943981105612
2020-06-01 00:00:00+00:00,3054.0,2779.899599609375,3001.1730505371092,0.0,251742.81195550563,208109.0289608174,-0.2290943981105612
2020-06-02 00:00:00+00:00,3077.0,2792.68,3002.315550537109,0.0,251742.81195550563,209676.32027257208,-0.2290943981105612
2020-06-03 00:00:00+00:00,3117.75,2810.625,3003.4468005371095,0.0,251742.81195550563,212453.15161839832,-0.2290943981105612
2020-06-04 00:00:00+00:00,3110.5,2824.075,3004.3805505371092,0.0,251742.81195550563,211959.11413969303,-0.2290943981105612
2020-06-05 00:00:00+00:00,3186.75,2838.47,3005.8230505371093,0.0,251742.81195550563,217155.02555366236,-0.2290943981105612
2020-06-08 00:00:00+00:00,3227.5,2850.86,3007.3143005371094,0.0,251742.81195550563,219931.85689948857,-0.2290943981105612
2020-06-09 00:00:00+00:00,3205.5,2864.49,3008.7305505371096,0.0,251742.81195550563,218432.70868824498,-0.2290943981105612
2020-06-10 00:00:00+00:00,3186.0,2875.985,3010.3830505371093,0.0,251742.81195550563,217103.91822827907,-0.2290943981105612
2020-06-11 00:00:00+00:00,3010.25,2884.795,3011.0180505371095,0.0,251742.81195550563,205127.76831345793,-0.2290943981105612
2020-06-12 00:00:00+00:00,3034.75,2896.53,3011.8643005371096,0.0,251742.81195550563,206797.2742759792,-0.2290943981105612
2020-06-15 00:00:00+00:00,3073.0,2907.66,3012.7805505371093,0.0,251742.81195550563,209403.7478705278,-0.2290943981105612
2020-06-16 00:00:00+00:00,3128.75,2920.58,3013.7905505371095,0.0,251742.81195550563,213202.7257240201,-0.2290943981105612
2020-06-17 00:00:00+00:00,3118.0,2930.05,3014.7568005371095,0.0,251742.81195550563,212470.18739352605,-0.2290943981105612
2020-06-18 00:00:00+00:00,3109.0,2939.39,3015.7718005371094,0.0,251742.81195550563,211856.8994889264,-0.2290943981105612
2020-06-19 00:00:00+00:00,3161.260009765625,2947.9152001953125,3016.8856005859375,0.0,251742.81195550563,215418.05858709506,-0.2290943981105612
2020-06-22 00:00:00+00:00,3110.75,2954.5352001953124,3017.5793505859374,0.0,251742.81195550563,211976.14991482082,-0.2290943981105612
2020-06-23 00:00:00+00:00,3118.5,2961.7202001953124,3018.2681005859376,0.0,251742.81195550563,212504.25894378164,-0.2290943981105612
2020-06-24 00:00:00+00:00,3049.0,2965.8402001953127,3018.6218505859374,0.0,251742.81195550563,207768.31345826204,-0.2290943981105612
2020-06-25 00:00:00+00:00,3070.75,2971.7552001953127,3019.0831005859377,0.0,251742.81195550563,209250.42589437793,-0.2290943981105612
2020-06-26 00:00:00+00:00,3007.0,2976.1452001953126,3019.1081005859373,0.0,251742.81195550563,204906.303236797,-0.2290943981105612
2020-06-29 00:00:00+00:00,3047.75,2979.7002001953124,3019.2881005859376,0.0,251742.81195550563,207683.13458262323,-0.2290943981105612
2020-06-30 00:00:00+00:00,3090.25,2985.3752001953126,3019.7068505859374,0.0,251742.81195550563,210579.21635434384,-0.2290943981105612
2020-07-01 00:00:00+00:00,3103.0,2992.7952001953126,3020.2268505859374,0.0,251742.81195550563,211448.04088586,-0.2290943981105612
2020-07-02 00:00:00+00:00,3129.0,2999.6052001953126,3020.8443505859377,0.0,251742.81195550563,213219.76149914792,-0.2290943981105612
2020-07-06 00:00:00+00:00,3172.0,3007.4302001953124,3021.6731005859374,0.0,251742.81195550563,216149.91482112405,-0.2290943981105612
2020-07-07 00:00:00+00:00,3136.5,3013.5702001953123,3022.3256005859375,0.0,251742.81195550563,213730.83475298097,-0.2290943981105612
2020-07-08 00:00:00+00:00,3163.5,3019.4602001953126,3023.075050048828,0.0,251742.81195550563,215570.69846677996,-0.2290943981105612
2020-07-09 00:00:00+00:00,3141.0,3024.9352001953125,3023.795050048828,0.0,251742.81195550563,214037.47870528084,-0.2290943981105612
2020-07-10 00:00:00+00:00,3178.5,3029.6852001953125,3024.836300048828,1.0,254748.33740865157,216592.84497444605,-0.21989065405744002
2020-07-13 00:00:00+00:00,3148.25,3034.6002001953125,3025.646300048828,1.0,252323.88020978047,214531.51618398607,-0.22731500759362466
2020-07-14 00:00:00+00:00,3183.5,3041.8352001953126,3026.6613000488283,1.0,255149.07413573767,216933.5604770014,-0.21866348818369064
2020-07-15 00:00:00+00:00,3219.5,3049.7202001953124,3027.940050048828,1.0,258034.3785707578,219386.71209540003,-0.20982789389269418
2020-07-16 00:00:00+00:00,3194.5,3056.4452001953123,3029.020050048828,1.0,256030.69493532716,217683.1345826232,-0.21596372326144164
2020-07-17 00:00:00+00:00,3214.0,3064.0552001953124,3030.401300048828,1.0,257593.56817096303,219011.92504258914,-0.21117777635381874
2020-07-20 00:00:00+00:00,3245.25,3071.3602001953127,3032.225050048828,1.0,260098.17271525133,221141.39693356014,-0.2035079896428843
2020-07-21 00:00:00+00:00,3251.25,3077.8152001953126,3033.9225500488283,1.0,260579.05678775467,221550.25553662656,-0.2020353905943849
2020-07-22 00:00:00+00:00,3265.5,3084.6702001953126,3035.495050048828,1.0,261721.1564599501,222521.29471890934,-0.19853796785419897
2020-07-23 00:00:00+00:00,3227.5,3092.1702001953126,3036.9450500488283,1.0,258675.55733409553,219931.85689948854,-0.20786442849469522
2020-07-24 00:00:00+00:00,3204.0,3099.9902001953124,3038.502550048828,1.0,256792.0947167907,218330.49403747832,-0.21363210810131794
2020-07-27 00:00:00+00:00,3232.25,3107.6952001953123,3040.068800048828,1.0,259056.25722482734,220255.53662691615,-0.2066986209146332
2020-07-28 00:00:00+00:00,3213.0,3115.0252001953127,3041.428800048828,1.0,257513.42082554576,218943.781942078,-0.21142320952856875
2020-07-29 00:00:00+00:00,3252.5,3121.1152001953124,3042.8375500488282,1.0,260679.24096952617,221635.4344122654,-0.20172859912594765
2020-07-30 00:00:00+00:00,3248.75,3127.7152001953127,3044.253800048828,1.0,260378.68842421155,221379.89778534885,-0.20264897353125988
2020-07-31 00:00:00+00:00,3263.5,3133.6152001953124,3045.582550048828,1.0,261560.86176911564,222385.0085178872,-0.19902883420369877
2020-08-03 00:00:00+00:00,3288.5,3140.6452001953126,3047.0675500488283,1.0,263564.54540454625,224088.586030664,-0.1928930048349513
2020-08-04 00:00:00+00:00,3300.0,3147.5852001953126,3048.577550048828,1.0,264486.23987684434,224872.23168654134,-0.19007052332532748
2020-08-05 00:00:00+00:00,3316.0,3154.0152001953124,3050.216300048828,1.0,265768.59740351996,225962.5212947185,-0.1861435925293291
2020-08-06 00:00:00+00:00,3344.25,3160.1902001953126,3051.9050500488283,1.0,268032.75991155655,227887.5638841563,-0.17921010534264448
2020-08-07 00:00:00+00:00,3344.75,3166.3252001953124,3053.656300048828,1.0,268072.8335842652,227921.63543441184,-0.17908738875526942
2020-08-10 00:00:00+00:00,3352.75,3172.5402001953125,3055.3913000488283,1.0,268714.01234760304,228466.78023850045,-0.17712392335727012
2020-08-11 00:00:00+00:00,3330.0,3178.0602001953125,3057.020050048828,1.0,266890.6602393611,226916.52470187354,-0.18270752808283053
2020-08-12 00:00:00+00:00,3370.0,3183.9202001953126,3058.7688000488283,1.0,270096.55405605014,229642.24872231646,-0.17289020109283448
2020-08-13 00:00:00+00:00,3367.75,3188.9202001953126,3060.426300048828,1.0,269916.22252886137,229488.92674616651,-0.17344242573602175
2020-08-14 00:00:00+00:00,3361.5,3193.9402001953126,3062.055050048828,1.0,269415.3016200037,229063.0323679723,-0.17497638307820862
2020-08-17 00:00:00+00:00,3379.75,3197.8002001953123,3063.7150500488283,1.0,270877.9906738681,230306.64395229943,-0.17049722763902286
2020-08-18 00:00:00+00:00,3387.0,3200.9902001953124,3065.471300048828,1.0,271459.058928143,230800.68143100472,-0.168717837122086
2020-08-19 00:00:00+00:00,3372.75,3204.3352001953126,3067.0188000488283,1.0,270316.95925594756,229829.6422487219,-0.17221525986227204
2020-08-20 00:00:00+00:00,3380.75,3208.2302001953126,3068.543800048828,1.0,270958.13801928534,230374.78705281048,-0.17025179446427297
2020-08-21 00:00:00+00:00,3392.5,3215.8752001953126,3070.146300048828,1.0,271899.8693279378,231175.4684838156,-0.16736795466096144
2020-08-24 00:00:00+00:00,3427.5,3223.7302001953126,3071.906300048828,1.0,274705.0264175407,233560.47700170314,-0.15877779354471488
2020-08-25 00:00:00+00:00,3443.0,3231.1302001953127,3073.691300048828,1.0,275947.31027150765,234616.69505962476,-0.15497357933609157
2020-08-26 00:00:00+00:00,3480.25,3238.1602001953124,3075.640050048828,1.0,278932.79888829926,237155.0255536622,-0.14583119357665786
2020-08-27 00:00:00+00:00,3485.25,3245.5052001953127,3077.628800048828,1.0,279333.5356153854,237495.7410562176,-0.14460402770290837
2020-08-28 00:00:00+00:00,3504.5,3253.4152001953125,3079.691300048828,1.0,280876.372014667,238807.49574105578,-0.1398794390889726
2020-08-31 00:00:00+00:00,3499.0,3260.17,3081.708800048828,1.0,280435.5616148723,238432.70868824486,-0.14122932155009704
2020-09-01 00:00:00+00:00,3527.0,3268.495,3083.858800048828,1.0,282679.6872865546,240340.7155025549,-0.1343571926570999
2020-09-02 00:00:00+00:00,3579.25,3277.71,3086.1638000488283,1.0,286867.3860846046,243901.19250425845,-0.1215333092764177
2020-09-03 00:00:00+00:00,3461.5,3285.96,3087.8625500488283,1.0,277430.0361617263,235877.3424190796,-0.15043306560321845
2020-09-04 00:00:00+00:00,3417.5,3292.895,3089.357550048828,1.0,273903.55296336836,232879.04599659238,-0.1612321252922141
2020-09-08 00:00:00+00:00,3335.5,3299.465,3090.490050048828,1.0,267331.4706391558,227291.31175468437,-0.1813576456217061
2020-09-09 00:00:00+00:00,3400.25,3306.515,3091.971300048828,1.0,272521.0112549212,231703.57751277636,-0.16546584755664995
2020-09-10 00:00:00+00:00,3340.5,3311.52,3093.116300048828,1.0,267732.20736624196,227632.0272572397,-0.1801304797479566
2020-09-11 00:00:00+00:00,3333.75,3316.135,3094.1213000488283,1.0,267191.21278467565,227172.06132878998,-0.18178715367751852
2020-09-14 00:00:00+00:00,3382.5,3321.205,3095.315050048828,1.0,271098.3958737654,230494.0374787048,-0.16982228640846087
2020-09-15 00:00:00+00:00,3405.25,3325.87,3096.572550048828,1.0,272921.7479820073,232044.29301533173,-0.16423868168290068
2020-09-16 00:00:00+00:00,3389.5,3330.93,3097.801300048828,1.0,271659.427291686,230971.03918228234,-0.16810425418521147
2020-09-17 00:00:00+00:00,3361.5,3334.89,3099.037550048828,1.0,269415.3016200037,229063.0323679723,-0.17497638307820862
2020-09-18 00:00:00+00:00,3353.60009765625,3339.142001953125,3100.3505505371095,1.0,268782.1454180968,228524.7085285345,-0.17691528119064948
2020-09-21 00:00:00+00:00,3275.0,3341.072001953125,3101.170550537109,1.0,262482.55624141364,223168.6541737645,-0.19620635269407527
2020-09-22 00:00:00+00:00,3299.25,3344.092001953125,3102.0780505371094,1.0,264426.12936778134,224821.12436115797,-0.19025459820639024
2020-09-23 00:00:00+00:00,3231.25,3345.047001953125,3102.5043005371094,1.0,258976.10987941,220187.393526405,-0.20694405408938343
2020-09-24 00:00:00+00:00,3238.0,3345.417001953125,3103.0218005371094,1.0,259517.10446097626,220647.3594548547,-0.20528738015982162
2020-09-25 00:00:00+00:00,3287.25,3347.272001953125,3103.7780505371093,1.0,263464.36122277466,224003.40715502508,-0.1931997963033889
2020-09-28 00:00:00+00:00,3346.0,3349.912001953125,3104.7930505371096,1.0,268173.0177660366,228006.8143100506,-0.17878059728683238
2020-09-29 00:00:00+00:00,3333.75,3351.682001953125,3105.6218005371093,1.0,267191.2127846756,227172.06132878998,-0.18178715367751874
2020-09-30 00:00:00+00:00,3352.0,3353.697001953125,3106.5218005371094,1.0,268653.90183854,228415.67291311704,-0.177307998238333
2020-10-01 00:00:00+00:00,3367.75,3355.742001953125,3107.389300537109,1.0,269916.22252886125,229488.92674616643,-0.1734424257360221
2020-10-02 00:00:00+00:00,3339.25,3357.977001953125,3108.1255505371096,1.0,267632.02318447037,227546.84838160087,-0.1804372712163942
2020-10-05 00:00:00+00:00,3393.0,3361.757001953125,3109.116800537109,1.0,271939.9430006462,231209.54003407102,-0.16724523807358715
2020-10-06 00:00:00+00:00,3353.25,3364.177001953125,3109.8480505371094,1.0,268754.0860203115,228500.85178875586,-0.1770012067698956
2020-10-07 00:00:00+00:00,3406.75,3368.052001953125,3110.726700439453,1.0,273041.96900013305,232146.50766609824,-0.16387053192077594
2020-10-08 00:00:00+00:00,3437.5,3371.752001953125,3111.777950439453,1.0,275506.49987171276,234241.90800681376,-0.15632346179721646
2020-10-09 00:00:00+00:00,3473.25,3376.242001953125,3113.015450439453,1.0,278371.76747037855,236678.0238500846,-0.1475492257999076
2020-10-12 00:00:00+00:00,3532.75,3381.627001953125,3114.456700439453,1.0,283140.53452270344,240732.53833049347,-0.13294595190228853
2020-10-13 00:00:00+00:00,3504.75,3385.952001953125,3115.7929504394533,1.0,280896.40885102114,238824.53151618343,-0.13981808079528568
2020-10-14 00:00:00+00:00,3481.0,3389.572001953125,3117.080450439453,1.0,278992.9093973621,237206.13287904544,-0.14564711869559566
2020-10-15 00:00:00+00:00,3475.5,3392.762001953125,3118.302950439453,1.0,278552.0989975673,236831.34582623455,-0.14699700115672032
2020-10-16 00:00:00+00:00,3462.25,3395.122001953125,3119.319200439453,1.0,277490.1466707891,235928.44974446282,-0.15024899072215636
2020-10-19 00:00:00+00:00,3422.75,3396.682001953125,3120.255450439453,1.0,274324.32652680867,233236.79727427545,-0.15994360112477757
2020-10-20 00:00:00+00:00,3432.25,3398.272001953125,3121.1992004394533,1.0,275085.7263082723,233884.15672913063,-0.15761198596465353
2020-10-21 00:00:00+00:00,3432.5,3400.322001953125,3122.1854504394532,1.0,275105.76314462663,233901.1925042584,-0.15755062767096595
2020-10-22 00:00:00+00:00,3449.25,3401.907001953125,3123.130450439453,1.0,276448.23118036514,235042.58943781888,-0.15343962199390515
2020-10-23 00:00:00+00:00,3451.75,3403.587001953125,3124.0092004394533,1.0,276648.59954390826,235212.9471890966,-0.1528260390570303
2020-10-26 00:00:00+00:00,3393.5,3404.227001953125,3124.652950439453,1.0,271980.01667335484,231243.6115843266,-0.1671225214862121
2020-10-27 00:00:00+00:00,3383.0,3404.292001953125,3125.119200439453,1.0,271138.469546474,230528.10902896032,-0.16969956982108592
2020-10-28 00:00:00+00:00,3263.5,3401.822001953125,3124.996700439453,1.0,261560.86176911555,222385.00851788706,-0.1990288342036991
2020-10-29 00:00:00+00:00,3302.25,3400.412001953125,3125.039200439453,1.0,264666.571404033,225025.55366269115,-0.18951829868214054
2020-10-30 00:00:00+00:00,3264.75,3398.092001953125,3124.780450439453,1.0,261661.04595088706,222470.18739352594,-0.19872204273526173
2020-11-02 00:00:00+00:00,3300.5,3396.252001953125,3124.657950439453,1.0,264526.31354955287,224906.30323679678,-0.18994780673795286
2020-11-03 00:00:00+00:00,3361.5,3394.932001953125,3124.867950439453,1.0,269415.3016200036,229063.03236797222,-0.17497638307820895
2020-11-04 00:00:00+00:00,3435.0,3394.772001953125,3125.444200439453,1.0,275306.13150816964,234071.55025553607,-0.15693704473409142
2020-11-05 00:00:00+00:00,3504.75,3395.262001953125,3126.337950439453,1.0,280896.40885102114,238824.5315161834,-0.13981808079528568
2020-11-06 00:00:00+00:00,3500.75,3395.572001953125,3127.374200439453,1.0,280575.8194693522,238551.95911413908,-0.1407998134942855
2020-11-09 00:00:00+00:00,3544.0,3396.362001953125,3128.896700439453,1.0,284042.19215864723,241499.148211243,-0.13018482868635217
2020-11-10 00:00:00+00:00,3541.0,3397.202001953125,3130.2104504394533,1.0,283801.7501223955,241294.7189097098,-0.13092112821060198
2020-11-11 00:00:00+00:00,3568.0,3398.022001953125,3131.6879504394533,1.0,285965.72844866064,243134.5826235088,-0.12429443249235461
2020-11-12 00:00:00+00:00,3532.5,3397.087001953125,3132.901700439453,1.0,283120.4976863491,240715.5025553657,-0.13300731019597622
2020-11-13 00:00:00+00:00,3582.0,3399.497001953125,3134.691700439453,1.0,287087.7912845017,244088.5860306638,-0.12085836804585615
2020-11-16 00:00:00+00:00,3623.0,3403.607001953125,3136.579200439453,1.0,290373.832446608,246882.45315161778,-0.1107956078811102
2020-11-17 00:00:00+00:00,3606.75,3409.032001953125,3138.115450439453,1.0,289071.43808357813,245775.12776831284,-0.11478389697079594
2020-11-18 00:00:00+00:00,3565.0,3412.327001953125,3139.265450439453,1.0,285725.2864124089,242930.15332197555,-0.12503073201660442
2020-11-19 00:00:00+00:00,3580.0,3417.117001953125,3140.439200439453,1.0,286927.49659366737,243952.29982964168,-0.12134923439535572
2020-11-20 00:00:00+00:00,3554.25,3421.527001953125,3141.5829504394533,1.0,284863.7024491738,242197.61499148156,-0.12766913864516571
2020-11-23 00:00:00+00:00,3576.0,3425.397001953125,3142.697950439453,1.0,286606.9072119985,243679.7274275974,-0.12233096709435531
2020-11-24 00:00:00+00:00,3632.75,3429.947001953125,3144.0742004394533,1.0,291155.269064426,247546.84838160078,-0.10840263442729847
2020-11-25 00:00:00+00:00,3627.25,3434.702001953125,3145.307950439453,1.0,290714.4586646313,247172.06132878986,-0.1097525168884228
2020-11-27 00:00:00+00:00,3636.5,3440.202001953125,3146.6029504394533,1.0,291455.8216097406,247802.38500851727,-0.10748226002198635
2020-11-30 00:00:00+00:00,3623.25,3445.595,3147.814200439453,1.0,290393.8692829624,246899.48892674557,-0.1107342495874224
2020-12-01 00:00:00+00:00,3660.5,3453.305,3149.2704504394533,1.0,293379.3578997541,249437.81942078305,-0.10159186382798857
2020-12-02 00:00:00+00:00,3667.25,3460.665,3150.670450439453,1.0,293920.3524813204,249897.78534923278,-0.09993518989842665
2020-12-03 00:00:00+00:00,3664.5,3469.33,3152.146700439453,1.0,293699.94728142297,249710.39182282734,-0.10061013112898898
2020-12-04 00:00:00+00:00,3698.0,3478.53,3153.9404504394533,1.0,296384.8833529,251993.18568994827,-0.09238811977486738
2020-12-07 00:00:00+00:00,3690.75,3486.6,3156.262950439453,1.0,295803.81509862514,251499.14821124298,-0.09416751029180404
2020-12-08 00:00:00+00:00,3702.0,3493.72,3159.110450439453,1.0,296705.47273456893,252265.75809199255,-0.09140638707586768
2020-12-09 00:00:00+00:00,3672.5,3500.495,3161.921700439453,1.0,294341.12604476075,250255.5366269159,-0.09864666573098979
2020-12-10 00:00:00+00:00,3668.5,3506.825,3165.479200439453,1.0,294020.53666309186,249982.9642248716,-0.09962839842998938
2020-12-11 00:00:00+00:00,3661.25,3512.695,3169.030450439453,1.0,293439.46840881696,249488.9267461663,-0.10140778894692626
2020-12-14 00:00:00+00:00,3646.5,3518.84,3171.9379504394533,1.0,292257.29506391287,248483.816013628,-0.10502792827448726
2020-12-15 00:00:00+00:00,3694.5,3524.87,3175.425450439453,1.0,296104.3676439397,251754.6848381595,-0.09324713588649214
2020-12-16 00:00:00+00:00,3700.75,3531.82,3178.3554504394533,1.0,296605.2885527974,252180.5792163537,-0.09171317854430505
2020-12-17 00:00:00+00:00,3721.25,3538.11,3181.8842004394533,1.0,298248.30913385056,253577.51277683073,-0.08668179846193191
2020-12-18 00:00:00+00:00,3726.25,3543.885,3185.695450439453,1.0,298649.0458609367,253918.2282793861,-0.08545463258818242
2020-12-21 00:00:00+00:00,3685.75,3548.135,3190.385450439453,1.0,295403.078371539,251158.43270868761,-0.09539467616555353
2020-12-22 00:00:00+00:00,3677.25,3551.025,3194.442950439453,1.0,294721.8259354926,250579.2163543435,-0.09748085815092777
2020-12-23 00:00:00+00:00,3681.5,3554.56,3199.149200439453,1.0,295062.4521535158,250868.82453151557,-0.0964377671582406
2020-12-24 00:00:00+00:00,3695.0,3558.84,3205.2792004394532,1.0,296144.4413166484,251788.75638841506,-0.09312441929911686
2020-12-28 00:00:00+00:00,3727.5,3563.88,3210.436700439453,1.0,298749.23004270816,254003.4071550249,-0.08514784111974527
2020-12-29 00:00:00+00:00,3720.0,3569.035,3216.955450439453,1.0,298148.124952079,253492.33390119186,-0.08698858993036951
2020-12-30 00:00:00+00:00,3724.25,3575.065,3223.099200439453,1.0,298488.7511701022,253781.94207836394,-0.08594549893768233
2020-12-31 00:00:00+00:00,3748.75,3581.395,3229.7729504394533,1.0,300452.3611328242,255451.4480408852,-0.07993238615630982
2021-01-04 00:00:00+00:00,3692.25,3586.59,3236.217950439453,1.0,295924.03611675097,251601.36286200956,-0.09379936052967919
2021-01-05 00:00:00+00:00,3718.25,3591.97,3242.619300537109,1.0,298007.86709759885,253373.08347529746,-0.08741809798618172
2021-01-06 00:00:00+00:00,3740.5,3597.745,3250.2193005371096,1.0,299791.1455331321,254889.26746166882,-0.08195720984799659
2021-01-07 00:00:00+00:00,3795.5,3605.785,3257.0068005371095,1.0,304199.2495310795,258637.13798977784,-0.06845838523675207
2021-01-08 00:00:00+00:00,3817.5,3614.475,3263.7593005371095,1.0,305962.4911302584,260136.28620102146,-0.06305885539225431
2021-01-11 00:00:00+00:00,3792.0,3625.045,3269.679300537109,1.0,303918.7338221192,258398.6371379891,-0.06931740134837672
2021-01-12 00:00:00+00:00,3794.5,3634.89,3276.0318005371096,1.0,304119.10218566225,258568.9948892668,-0.06870381841150197
2021-01-13 00:00:00+00:00,3803.75,3645.67,3281.994300537109,1.0,304860.46513077157,259199.3185689942,-0.06643356154506541
2021-01-14 00:00:00+00:00,3791.25,3655.485,3288.1018005371093,1.0,303858.62331305625,258347.52981260576,-0.06950147622943925
2021-01-15 00:00:00+00:00,3762.25,3663.5,3294.6730505371092,1.0,301534.3502959567,256371.37989778465,-0.0766190382971863
2021-01-19 00:00:00+00:00,3790.5,3670.61,3301.0430505371096,1.0,303798.5128039933,258296.4224872225,-0.06968555111050168
2021-01-20 00:00:00+00:00,3845.0,3677.415,3307.8543005371093,1.0,308166.54312923213,262010.22146507594,-0.056309443086631994
2021-01-21 00:00:00+00:00,3846.0,3684.32,3313.8618005371095,1.0,308246.69047464937,262078.36456558705,-0.056064009911882096
2021-01-22 00:00:00+00:00,3834.25,3690.125,3319.8230505371093,1.0,307304.95916599693,261277.6831345819,-0.05894784971519351
2021-01-25 00:00:00+00:00,3848.5,3696.275,3325.3905505371094,1.0,308447.0588381924,262248.7223168647,-0.05545042697500757
2021-01-26 00:00:00+00:00,3842.5,3701.765,3330.7043005371092,1.0,307966.174765689,261839.8637137983,-0.05692302602350696
2021-01-27 00:00:00+00:00,3744.25,3706.0,3335.6293005371094,1.0,300091.69807844656,255144.80408858534,-0.08103683544268481
2021-01-28 00:00:00+00:00,3779.25,3709.945,3340.3105505371095,1.0,302896.85516804946,257529.8126064729,-0.07244667432643825
2021-01-29 00:00:00+00:00,3705.25,3711.59,3344.9618005371094,1.0,296965.95160717476,252487.2231686535,-0.09060872925793095
2021-02-01 00:00:00+00:00,3765.75,3714.77,3349.8530505371095,1.0,301814.8660049169,256609.88074957344,-0.07576002218556199
2021-02-02 00:00:00+00:00,3818.25,3719.835,3354.5943005371096,1.0,306022.60163932125,260187.39352640478,-0.06287478051119222
2021-02-03 00:00:00+00:00,3823.5,3724.705,3359.679300537109,1.0,306443.3752027617,260545.14480408793,-0.06158625634375525
2021-02-04 00:00:00+00:00,3864.5,3730.91,3365.3418005371095,1.0,309729.41636486794,263339.01192504197,-0.0515234961790092
2021-02-05 00:00:00+00:00,3880.25,3736.995,3370.8005505371093,1.0,310991.7370551892,264412.26575809135,-0.04765792367669841
2021-02-08 00:00:00+00:00,3908.0,3742.5,3376.4368005371093,1.0,313215.82589051727,266303.2367972737,-0.04084715307738851
2021-02-09 00:00:00+00:00,3905.5,3748.065,3381.8168005371094,1.0,313015.45752697415,266132.879045996,-0.04146073601426348
2021-02-10 00:00:00+00:00,3903.0,3753.395,3386.9868005371095,1.0,312815.0891634311,265962.5212947183,-0.04207431895113822
2021-02-11 00:00:00+00:00,3912.0,3759.17,3392.210550537109,1.0,313536.41527218616,266575.809199318,-0.039865420378388916
2021-02-12 00:00:00+00:00,3931.0,3764.58,3397.1605505371094,1.0,315059.2148351135,267870.5281090284,-0.035202190058140626
2021-02-16 00:00:00+00:00,3927.75,3769.79,3402.2868005371092,1.0,314798.7359625075,267649.06303236744,-0.035999847876077906
2021-02-17 00:00:00+00:00,3928.0,3775.06,3407.8180505371092,1.0,314818.77279886184,267666.0988074952,-0.03593848958239032
2021-02-18 00:00:00+00:00,3909.5,3779.29,3413.2393005371096,1.0,313336.04690864315,266405.4514480404,-0.04047900331526355
2021-02-19 00:00:00+00:00,3903.0,3783.535,3418.463050537109,1.0,312815.0891634312,265962.5212947184,-0.04207431895113778
2021-02-22 00:00:00+00:00,3873.5,3786.965,3423.6630505371095,1.0,310450.7424736231,263952.29982964176,-0.04931459760625978
2021-02-23 00:00:00+00:00,3878.0,3791.075,3428.6530505371093,1.0,310811.40552800056,264258.9437819416,-0.04821014831988535
2021-02-24 00:00:00+00:00,3922.5,3796.155,3433.6230505371095,1.0,314377.9623990671,267291.3117546844,-0.03728837204351465
2021-02-25 00:00:00+00:00,3828.0,3799.49,3438.1493005371094,1.0,306804.0382571393,260851.78875638798,-0.060481807057380266
2021-02-26 00:00:00+00:00,3809.25,3802.745,3442.9330505371095,1.0,305301.27553056634,259574.10562180536,-0.06508367908394086
2021-03-01 00:00:00+00:00,3898.75,3806.83,3448.3618005371095,1.0,312474.4629454081,265672.9131175464,-0.043117409943824625
2021-03-02 00:00:00+00:00,3867.5,3810.165,3453.4643005371095,1.0,309969.85840111977,263543.4412265754,-0.05078719665475906
2021-03-03 00:00:00+00:00,3816.75,3812.075,3458.315550537109,1.0,305902.3806211956,260085.17887563846,-0.06324293027331651
2021-03-04 00:00:00+00:00,3765.5,3812.86,3462.4030505371093,1.0,301794.8291685627,256592.84497444594,-0.07582138047924902
2021-03-05 00:00:00+00:00,3839.0,3815.925,3467.0043005371094,1.0,307685.65905672876,261601.3628620098,-0.057782042135131495
2021-03-08 00:00:00+00:00,3819.25,3818.765,3471.2580505371093,1.0,306102.7489847386,260255.5366269161,-0.06262934733644188
2021-03-09 00:00:00+00:00,3873.25,3822.6,3475.9393005371094,1.0,310430.7056372688,263935.26405451406,-0.049375955899947255
2021-03-10 00:00:00+00:00,3896.5,3826.63,3480.6568005371096,1.0,312294.13141821924,265519.5911413965,-0.04366963458701212
2021-03-11 00:00:00+00:00,3936.75,3830.815,3485.3680505371094,1.0,315520.06207126257,268262.3509369672,-0.03379094930332871
2021-03-12 00:00:00+00:00,3942.25,3835.26,3489.9018005371095,1.0,315960.8724710573,268637.1379897781,-0.03244106684220427
2021-03-15 00:00:00+00:00,3967.5,3840.125,3494.5493005371095,1.0,317984.5929428422,270357.75127768266,-0.026243879179769336
2021-03-16 00:00:00+00:00,3962.5,3844.4,3499.1518005371095,1.0,317583.8562157561,270017.0357751273,-0.027471045053518828
2021-03-17 00:00:00+00:00,3974.0,3850.035,3503.7518005371094,1.0,318505.55068805424,270800.68143100466,-0.024648563543894775
2021-03-18 00:00:00+00:00,3916.5,3854.0,3507.9493005371096,1.0,313897.07832656376,266882.45315161796,-0.03876097109201415
2021-03-19 00:00:00+00:00,3912.6201171875,3857.44240234375,3511.923651123047,1.0,313586.116018612,266618.0659071546,-0.03971322304834346
2021-03-22 00:00:00+00:00,3930.0,3860.13240234375,3516.021151123047,1.0,314979.0674896964,267802.3850085175,-0.03544762323289019
2021-03-23 00:00:00+00:00,3899.75,3861.77740234375,3519.586151123047,1.0,312554.6102908253,265741.0562180575,-0.04287197676907473
2021-03-24 00:00:00+00:00,3880.75,3863.55240234375,3522.852401123047,1.0,311031.81072789803,264446.3373083471,-0.047535207089322795
2021-03-25 00:00:00+00:00,3900.5,3865.67240234375,3526.327401123047,1.0,312614.72079988825,265792.1635434408,-0.04268790188801219
2021-03-26 00:00:00+00:00,3964.75,3868.89240234375,3530.221151123047,1.0,317764.187742945,270170.3577512773,-0.026918820410331112
2021-03-29 00:00:00+00:00,3959.0,3872.24740234375,3534.9649011230467,1.0,317303.3405067959,269778.5349233386,-0.02833006116514314
2021-03-30 00:00:00+00:00,3947.75,3875.95740234375,3539.529901123047,1.0,316401.6828708522,269011.925042589,-0.031091184381079384
2021-03-31 00:00:00+00:00,3967.5,3879.49740234375,3544.002401123047,1.0,317984.5929428424,270357.7512776827,-0.02624387917976878
2021-04-01 00:00:00+00:00,4010.0,3882.79740234375,3548.408651123047,1.0,321390.85512307443,273253.8330494033,-0.0158129692528981
2021-04-05 00:00:00+00:00,4067.75,3887.23240234375,3553.157401123047,1.0,326019.36432091927,277189.09710391785,-0.0016392034110912501
2021-04-06 00:00:00+00:00,4064.0,3891.82740234375,3557.932401123047,1.0,325718.81177560467,276933.5604770013,-0.002559577816403369
2021-04-07 00:00:00+00:00,4070.0,3896.25740234375,3562.4761010742186,1.0,326199.69584810804,277342.4190800678,-0.0010869787679038678
2021-04-08 00:00:00+00:00,4089.0,3901.18740234375,3567.3673510742187,1.0,327722.4954110353,278637.1379897782,0.0
2021-04-09 00:00:00+00:00,4119.5,3908.69240234375,3572.372351074219,1.0,330166.98944626073,280715.5025553659,0.0
2021-04-12 00:00:00+00:00,4120.25,3915.51240234375,3577.7286010742187,1.0,330227.0999553237,280766.6098807492,0.0
2021-04-13 00:00:00+00:00,4132.75,3924.06240234375,3583.0386010742186,1.0,331228.94177303894,281618.3986371376,0.0
2021-04-14 00:00:00+00:00,4118.0,3931.10740234375,3588.593601074219,1.0,330046.7684281349,280613.28790459933,-0.0035690520839632978
2021-04-15 00:00:00+00:00,4162.5,3937.99240234375,3594.167351074219,1.0,333613.3252992015,283645.6558773421,0.0
2021-04-16 00:00:00+00:00,4176.25,3945.04740234375,3599.5973510742188,1.0,334715.35129868827,284582.6235093693,0.0
2021-04-19 00:00:00+00:00,4155.5,3950.86740234375,3604.8598510742186,1.0,333052.2938812809,283168.6541737645,-0.004968572283747252
2021-04-20 00:00:00+00:00,4126.5,3955.79240234375,3609.8473510742188,1.0,330728.02086418134,281192.50425894343,-0.01191260101765923
2021-04-21 00:00:00+00:00,4164.75,3960.92740234375,3614.8111010742186,1.0,333793.65682639024,283798.977853492,-0.002753666566895907
2021-04-22 00:00:00+00:00,4127.75,3965.37240234375,3619.767351074219,1.0,330828.20504595287,281277.6831345823,-0.011613289434300955
2021-04-23 00:00:00+00:00,4171.5,3970.74240234375,3624.807351074219,1.0,334334.65140795644,284258.9437819417,-0.0011373840167614446
2021-04-26 00:00:00+00:00,4179.5,3976.09240234375,3629.999851074219,1.0,334975.8301712943,284804.0885860303,0.0
2021-04-27 00:00:00+00:00,4179.0,3981.05240234375,3635.002351074219,1.0,334935.7564985857,284770.01703577477,-0.00011963153487248857
2021-04-28 00:00:00+00:00,4176.25,3986.02240234375,3640.142351074219,1.0,334715.35129868827,284582.6235093693,-0.0007776049766718973
2021-04-29 00:00:00+00:00,4203.5,3991.53240234375,3645.2423510742187,1.0,336899.3664613077,286439.5229982961,0.0
2021-04-30 00:00:00+00:00,4174.5,3996.83240234375,3650.017351074219,1.0,334575.09344420815,284463.37308347493,-0.00689901272748894
2021-05-03 00:00:00+00:00,4185.75,4002.48740234375,3654.9736010742185,1.0,335476.75108015194,285229.98296422453,-0.00422267158320444
2021-05-04 00:00:00+00:00,4158.25,4008.18240234375,3659.6948510742186,1.0,333272.69908117823,283356.04770017,-0.010764838824788847
2021-05-05 00:00:00+00:00,4160.0,4013.82240234375,3664.2686010742186,1.0,333412.9569356584,283475.2981260644,-0.010348519091233355
2021-05-06 00:00:00+00:00,4194.25,4019.25740234375,3668.9836010742188,1.0,336158.0035161984,285809.1993185687,-0.0022005471630781592
2021-05-07 00:00:00+00:00,4225.25,4027.20240234375,3673.7823510742187,1.0,338642.5712241324,287921.63543441193,0.0
2021-05-10 00:00:00+00:00,4183.5,4034.68740234375,3678.562351074219,1.0,335296.4195529632,285076.66098807467,-0.009881072125909607
2021-05-11 00:00:00+00:00,4146.25,4039.63740234375,3683.2736010742187,1.0,332310.93093617156,282538.33049403713,-0.018697118513697375
2021-05-12 00:00:00+00:00,4058.75,4043.46240234375,3687.406101074219,1.0,325298.0382121643,276575.8091993183,-0.03940595231051425
2021-05-13 00:00:00+00:00,4107.0,4049.26740234375,3691.8761010742187,1.0,329165.14762854547,279863.7137989776,-0.02798650967398375
2021-05-14 00:00:00+00:00,4169.0,4057.33740234375,3696.4586010742187,1.0,334134.2830444134,284088.5860306641,-0.013312821726525259
2021-05-17 00:00:00+00:00,4157.75,4063.71240234375,3701.0036010742188,1.0,333232.6254084696,283321.9761499145,-0.015975386071830244
2021-05-18 00:00:00+00:00,4123.0,4069.78740234375,3705.301101074219,1.0,330447.50515522104,280954.00340715476,-0.02419975149399456
2021-05-19 00:00:00+00:00,4111.5,4074.55240234375,3709.4161010742187,1.0,329525.8106829229,280170.3577512774,-0.026921483935862023
2021-05-20 00:00:00+00:00,4154.25,4079.70740234375,3713.687351074219,1.0,332952.1096995093,283083.47529812576,-0.016803739423702946
2021-05-21 00:00:00+00:00,4151.75,4084.00740234375,3717.866101074219,1.0,332751.7413359662,282913.117546848,-0.017395420389326288
2021-05-24 00:00:00+00:00,4193.75,4089.03740234375,3722.113601074219,1.0,336117.92984348966,285775.1277683131,-0.007455180166854314
2021-05-25 00:00:00+00:00,4185.5,4093.39740234375,3726.3173510742185,1.0,335456.7142437975,285212.9471890967,-0.009407727353411444
2021-05-26 00:00:00+00:00,4193.0,4098.00740234375,3730.5186010742186,1.0,336057.8193344267,285724.02044292976,-0.0076326844565414165
2021-05-27 00:00:00+00:00,4199.0,4102.50740234375,3734.863601074219,1.0,336538.7034069301,286132.87904599623,-0.0062126501390453726
2021-05-28 00:00:00+00:00,4202.5,4108.22740234375,3739.026101074219,1.0,336819.2191158904,286371.37989778497,-0.005384296787172671
2021-06-01 00:00:00+00:00,4198.5,4113.945,3743.1798510742187,1.0,336498.6297342215,286098.8074957407,-0.006330986332169997
2021-06-02 00:00:00+00:00,4206.25,4119.47,3747.403601074219,1.0,337119.771661205,286626.9165247015,-0.004496775338737713
2021-06-03 00:00:00+00:00,4191.25,4125.3,3751.4611010742187,1.0,335917.5614799466,285604.7700170354,-0.008046861132477656
2021-06-04 00:00:00+00:00,4228.25,4132.25,3755.667351074219,1.0,338883.0132603839,288126.0647359451,0.0
2021-06-07 00:00:00+00:00,4225.5,4138.75,3759.9311010742185,1.0,338662.60806048656,287938.67120953964,-0.0006503872760598162
2021-06-08 00:00:00+00:00,4225.75,4143.97,3764.156101074219,1.0,338682.64489684085,287955.70698466746,-0.0005912611600543682
2021-06-09 00:00:00+00:00,4218.5,4149.16,3768.2861010742185,1.0,338101.576642566,287461.66950596217,-0.002305918524212025
2021-06-10 00:00:00+00:00,4238.0,4154.965,3772.338601074219,1.0,339664.44987820194,288790.4599659281,0.0
2021-06-11 00:00:00+00:00,4245.75,4160.53,3776.352351074219,1.0,340285.5918051854,289318.5689948889,0.0
2021-06-14 00:00:00+00:00,4254.75,4165.425,3780.224851074219,1.0,341006.91791394044,289931.85689948854,0.0
2021-06-15 00:00:00+00:00,4246.5,4169.0,3784.031101074219,1.0,340345.70231424837,289369.67632027215,-0.0019390093424994648
2021-06-16 00:00:00+00:00,4223.0,4172.18,3787.6236010742186,1.0,338462.23969694355,287768.31345826195,-0.007462248075680078
2021-06-17 00:00:00+00:00,4222.25,4175.225,3791.2398510742187,1.0,338402.1291878806,287717.2061328786,-0.007638521652270969
2021-06-18 00:00:00+00:00,4187.25,4177.19,3794.5411010742187,1.0,335596.97209827777,285332.1976149911,-0.015864621893178055
2021-06-21 00:00:00+00:00,4213.75,4179.075,3797.713601074219,1.0,337720.87675183424,287137.98977853457,-0.0096362888536341
2021-06-22 00:00:00+00:00,4236.25,4181.395,3801.5873510742185,1.0,339524.1920237218,288671.2095400337,-0.0043480815559079344
2021-06-23 00:00:00+00:00,4231.5,4183.37,3805.6573510742187,1.0,339143.49213299,288347.52981260617,-0.005464480874316835
2021-06-24 00:00:00+00:00,4256.0,4186.13,3810.2598510742187,1.0,341107.102095712,290017.0357751274,0.0
2021-06-25 00:00:00+00:00,4271.25,4188.305,3814.6148510742187,1.0,342329.34911332466,291056.2180579213,0.0
2021-06-28 00:00:00+00:00,4280.5,4190.39,3819.314851074219,1.0,343070.712058434,291686.54173764866,0.0
2021-06-29 00:00:00+00:00,4282.0,4192.92,3824.0561010742185,1.0,343190.93307655986,291788.7563884153,0.0
2021-06-30 00:00:00+00:00,4288.5,4196.16,3828.5861010742187,1.0,343711.89082177187,292231.68654173735,0.0
2021-07-01 00:00:00+00:00,4310.75,4199.08,3833.113601074219,1.0,345495.1692573051,293747.8705281087,0.0
2021-07-02 00:00:00+00:00,4342.75,4203.38,3837.8798510742185,1.0,348059.8843106563,295928.449744463,0.0
2021-07-06 00:00:00+00:00,4334.0,4206.63,3842.7423510742187,1.0,347358.59503825556,295332.1976149911,-0.0020148523401071206
2021-07-07 00:00:00+00:00,4349.75,4210.035,3847.7231005859376,1.0,348620.91572857683,296405.4514480405,0.0
2021-07-08 00:00:00+00:00,4313.0,4212.715,3852.9131005859376,1.0,345675.5007844938,293901.19250425854,-0.008448761423070272
2021-07-09 00:00:00+00:00,4360.0,4216.39,3858.2168505859377,1.0,349442.42601910344,297103.918228279,0.0
2021-07-12 00:00:00+00:00,4376.5,4219.85,3863.9431005859374,1.0,350764.85721848765,298228.2793867117,0.0
2021-07-13 00:00:00+00:00,4361.25,4223.585,3869.5593505859374,1.0,349542.610200875,297189.0971039178,-0.0034845195932823314
2021-07-14 00:00:00+00:00,4367.75,4227.225,3874.9618505859376,1.0,350063.567946087,297632.02725723985,-0.00199931452073554
2021-07-15 00:00:00+00:00,4352.0,4231.1,3879.9918505859373,1.0,348801.2472557657,296558.7734241904,-0.00559808065805989
2021-07-16 00:00:00+00:00,4318.5,4234.27,3884.9156005859377,1.0,346116.31118428864,294275.9795570695,-0.013252599108876773
2021-07-19 00:00:00+00:00,4251.25,4235.41,3889.4118505859374,1.0,340726.40220498026,289693.3560476998,-0.028618759282531436
2021-07-20 00:00:00+00:00,4315.5,4237.215,3894.1506005859374,1.0,345875.86914803705,294071.5502555363,-0.01393807837312877
2021-07-21 00:00:00+00:00,4350.5,4240.555,3899.2068505859374,1.0,348681.0262376399,296456.5587734238,-0.005940820290185944
2021-07-22 00:00:00+00:00,4359.5,4244.82,3904.0393505859374,1.0,349402.3523463949,297069.84667802346,-0.003884382497429173
2021-07-23 00:00:00+00:00,4403.0,4251.705,3909.2881005859376,1.0,352888.7618720442,300034.0715502551,0.0
2021-07-26 00:00:00+00:00,4414.25,4257.85,3914.3256005859375,1.0,353790.419507988,300800.6814310047,0.0
2021-07-27 00:00:00+00:00,4394.5,4262.36,3919.1106005859374,1.0,352207.5094359978,299454.855195911,-0.004474146230956433
2021-07-28 00:00:00+00:00,4393.75,4267.08,3923.7131005859374,1.0,352147.39892693487,299403.74787052773,-0.004644050518208043
2021-07-29 00:00:00+00:00,4411.75,4272.855,3928.1081005859373,1.0,353590.0511444449,300630.32367972704,-0.0005663476241717369
2021-07-30 00:00:00+00:00,4389.5,4278.415,3932.5318505859377,1.0,351806.7727089116,299114.1396933556,-0.005606841479300018
2021-08-02 00:00:00+00:00,4379.75,4282.925,3937.0256005859374,1.0,351025.33609109366,298449.7444633726,-0.007815597213569725
2021-08-03 00:00:00+00:00,4415.0,4288.19,3941.7231005859376,1.0,353850.53001705086,300851.78875638795,0.0
2021-08-04 00:00:00+00:00,4394.75,4292.21,3946.3856005859375,1.0,352227.54627235205,299471.8909710387,-0.004586636466591187
2021-08-05 00:00:00+00:00,4421.5,4296.93,3951.3793505859376,1.0,354371.4877622628,301294.71890970995,0.0
2021-08-06 00:00:00+00:00,4429.5,4301.66,3956.3656005859375,1.0,355012.6665256006,301839.8637137985,0.0
2021-08-09 00:00:00+00:00,4425.75,4306.195,3961.3318505859374,1.0,354712.113980286,301584.32708688197,-0.0008465966813410164
2021-08-10 00:00:00+00:00,4430.0,4310.745,3966.2356005859374,1.0,355052.74019830924,301873.93526405405,0.0
2021-08-11 00:00:00+00:00,4440.5,4315.585,3971.1793505859373,1.0,355894.2873251901,302589.43781942024,0.0
2021-08-12 00:00:00+00:00,4454.5,4320.55,3976.4843505859376,1.0,357016.3501610312,303543.44122657523,0.0
2021-08-13 00:00:00+00:00,4462.5,4325.975,3981.8818505859376,1.0,357657.528924369,304088.58603066386,0.0
2021-08-16 00:00:00+00:00,4474.0,4330.89,3987.9343505859374,1.0,358579.22339666716,304872.2316865412,0.0
2021-08-17 00:00:00+00:00,4443.5,4335.25,3993.6406005859376,1.0,356134.72936144174,302793.8671209535,-0.0068171658471167795
2021-08-18 00:00:00+00:00,4394.5,4338.625,3999.2893505859374,1.0,352207.50943599775,299454.8551959109,-0.017769333929369635
2021-08-19 00:00:00+00:00,4401.5,4342.285,4004.7943505859375,1.0,352768.54085391836,299931.8568994885,-0.016204738489047688
2021-08-20 00:00:00+00:00,4437.0,4346.265,4010.1718505859376,1.0,355613.77161622985,302350.93696763157,-0.008270004470272596
2021-08-23 00:00:00+00:00,4475.5,4350.86,4015.3743505859375,1.0,358699.44441479305,304974.4463373079,0.0
2021-08-24 00:00:00+00:00,4482.5,4355.415,4020.2631005859375,1.0,359260.47583271365,305451.44804088544,0.0
2021-08-25 00:00:00+00:00,4493.0,4360.345,4025.2243505859374,1.0,360102.02295959456,306166.9505962517,0.0
2021-08-26 00:00:00+00:00,4466.5,4365.215,4029.8368505859376,1.0,357978.1183060381,304361.15843270824,-0.005898063654573793
2021-08-27 00:00:00+00:00,4505.5,4370.88,4034.6593505859373,1.0,361103.8647773099,307018.7393526402,0.0
2021-08-30 00:00:00+00:00,4525.25,4377.64,4039.4456005859374,1.0,362686.7748493001,308364.5655877338,0.0
2021-08-31 00:00:00+00:00,4520.5,4383.775,4044.3856005859375,1.0,362306.0749585683,308040.8858603062,-0.001049665764322305
2021-09-01 00:00:00+00:00,4521.25,4389.475,4049.0818505859374,1.0,362366.1854676312,308091.99318568956,-0.0008839290646924791
2021-09-02 00:00:00+00:00,4535.25,4395.55,4053.6431005859376,1.0,363488.24830347236,309045.99659284455,0.0
2021-09-03 00:00:00+00:00,4534.5,4401.12,4058.2818505859377,1.0,363428.1377944094,308994.88926746126,-0.00016537125847537748
2021-09-07 00:00:00+00:00,4519.25,4406.08,4063.0531005859375,1.0,362205.89077679673,307955.70698466734,-0.0035279201808059435
2021-09-08 00:00:00+00:00,4512.5,4410.72,4067.7156005859374,1.0,361664.8961952305,307495.74105621764,-0.005016261507083342
2021-09-09 00:00:00+00:00,4492.25,4414.925,4072.4056005859375,1.0,360041.9124505317,306115.84327086835,-0.009481285485915869
2021-09-10 00:00:00+00:00,4458.25,4418.32,4076.8168505859376,1.0,357316.902706346,303798.9778534919,-0.01697811587012832
2021-09-13 00:00:00+00:00,4469.0,4421.485,4080.9981005859377,1.0,358178.48666958115,304531.51618398586,-0.014607794498649462
2021-09-14 00:00:00+00:00,4444.5,4423.52,4085.0843505859375,1.0,356214.87670685916,302862.0102214646,-0.020009922275508463
2021-09-15 00:00:00+00:00,4481.75,4426.475,4089.3106005859377,1.0,359200.3653236508,305400.3407155021,-0.0117964831045696
2021-09-16 00:00:00+00:00,4474.25,4428.965,4093.5656005859373,1.0,358599.26023302163,304889.26746166905,-0.013450195689322375
2021-09-17 00:00:00+00:00,4464.330078125,4431.9916015625,4097.584750976563,1.0,357804.2048279941,304213.2932282789,-0.015637488975249303
2021-09-20 00:00:00+00:00,4348.25,4431.7566015625,4100.989750976562,1.0,348500.69471045124,296303.2367972738,-0.041232567113168916
2021-09-21 00:00:00+00:00,4343.25,4431.0916015625,4104.383500976563,1.0,348099.95798336517,295962.5212947185,-0.042335042169670545
2021-09-22 00:00:00+00:00,4384.0,4431.5466015625,4107.813500976563,1.0,351365.9623091171,298739.35264054465,-0.033349870459180586
2021-09-23 00:00:00+00:00,4438.0,4432.9516015625,4111.549750976563,1.0,355693.91896164726,302419.0800681426,-0.021443139848960624
2021-09-24 00:00:00+00:00,4445.75,4434.8266015625,4115.268500976563,1.0,356315.06088863075,302947.1890971035,-0.019734303511382834
2021-09-27 00:00:00+00:00,4433.0,4437.1166015625,4119.071000976563,1.0,355293.18223456107,302078.3645655873,-0.022545614905462696
2021-09-28 00:00:00+00:00,4343.5,4438.9616015625,4122.446000976563,1.0,348119.9948197194,295979.55706984625,-0.04227991841684564
2021-09-29 00:00:00+00:00,4349.75,4439.6466015625,4125.888500976563,1.0,348620.91572857706,296405.45144804043,-0.040901824596218384
2021-09-30 00:00:00+00:00,4297.75,4438.5916015625,4129.144750976562,1.0,344453.25376688136,292862.0102214647,-0.05236756518383745
2021-10-01 00:00:00+00:00,4343.75,4438.2766015625,4132.391000976562,1.0,348140.0316560737,295996.59284497396,-0.042224794664020626
2021-10-04 00:00:00+00:00,4291.25,4436.0416015625,4135.343500976563,1.0,343932.29602166935,292419.0800681426,-0.053800782757290055
2021-10-05 00:00:00+00:00,4334.0,4434.4366015625,4138.407250976563,1.0,347358.59503825573,295332.19761499105,-0.0443746210241992
2021-10-06 00:00:00+00:00,4354.0,4433.6266015625,4141.546000976563,1.0,348961.54194660025,296695.0596252125,-0.0399647207981918
2021-10-07 00:00:00+00:00,4390.0,4433.5516015625,4145.067250976563,1.0,351846.8463816204,299148.2112436112,-0.032026900391378565
2021-10-08 00:00:00+00:00,4382.25,4432.9616015625,4148.592250976562,1.0,351225.7044546369,298620.10221465037,-0.033735736728956356
2021-10-11 00:00:00+00:00,4351.0,4432.1916015625,4151.939750976562,1.0,348721.09991034865,296490.6303236793,-0.040626205832092754
2021-10-12 00:00:00+00:00,4340.75,4431.4116015625,4155.168500976562,1.0,347899.5896198221,295792.1635434408,-0.04288627969792147
2021-10-13 00:00:00+00:00,4355.0,4430.2116015625,4158.306000976562,1.0,349041.68929201755,296763.2027257236,-0.039744225786891296
2021-10-14 00:00:00+00:00,4429.0,4430.8966015625,4161.851000976562,1.0,354972.59285289224,301805.792163543,-0.023427594950663932
2021-10-15 00:00:00+00:00,4462.5,4431.7166015625,4165.542250976562,1.0,357657.52892436925,304088.586030664,-0.016041012072101735
2021-10-18 00:00:00+00:00,4477.5,4432.6766015625,4169.186000976562,1.0,358859.73910562764,305110.73253833,-0.012733586902596183
2021-10-19 00:00:00+00:00,4511.25,4434.3866015625,4173.281000976563,1.0,361564.712013459,307410.56218057877,-0.005291880271208638
2021-10-20 00:00:00+00:00,4528.0,4436.3466015625,4177.3297509765625,1.0,362907.1800491976,308551.95911413926,-0.0015985888319274277
2021-10-21 00:00:00+00:00,4541.75,4438.3716015625,4181.336000976563,1.0,364009.20604868437,309488.9267461665,0.0
2021-10-22 00:00:00+00:00,4536.5,4440.0116015625,4185.041000976563,1.0,363588.4324852439,309131.1754684833,-0.001155942092805784
2021-10-25 00:00:00+00:00,4558.0,4441.9216015625,4188.743500976562,1.0,365311.60041171423,310596.25212947134,0.0
2021-10-26 00:00:00+00:00,4565.25,4443.7466015625,4192.609750976562,1.0,365892.6686659891,311090.2896081766,0.0
2021-10-27 00:00:00+00:00,4544.5,4445.7666015625,4196.359750976562,1.0,364229.6112485817,309676.3202725719,-0.004545205629483462
2021-10-28 00:00:00+00:00,4587.5,4449.6266015625,4200.278500976562,1.0,367675.9471015224,312606.473594548,0.0
2021-10-29 00:00:00+00:00,4597.0,4453.5366015625,4204.3072509765625,1.0,368437.3468829861,313253.8330494032,0.0
2021-11-01 00:00:00+00:00,4605.75,4456.9116015625,4208.524750976562,1.0,369138.6361553868,313850.0851788751,0.0
2021-11-02 00:00:00+00:00,4623.5,4459.8716015625,4212.689750976562,1.0,370561.2515365426,315059.6252129466,0.0
2021-11-03 00:00:00+00:00,4652.25,4463.2666015625,4216.726000976562,1.0,372865.4877172878,317018.73935264,0.0
2021-11-04 00:00:00+00:00,4673.25,4466.8716015625,4220.862250976563,1.0,374548.58197104954,318449.7444633725,0.0
2021-11-05 00:00:00+00:00,4690.25,4471.3466015625,4225.1422509765625,1.0,375911.0868431424,319608.17717206076,0.0
2021-11-08 00:00:00+00:00,4694.0,4475.1166015625,4229.3697509765625,1.0,376211.63938845694,319863.7137989772,0.0
2021-11-09 00:00:00+00:00,4678.25,4478.1766015625,4233.5485009765625,1.0,374949.3186981356,318790.4599659278,-0.0033553472518108585
2021-11-10 00:00:00+00:00,4642.0,4480.6066015625,4238.037250976562,1.0,372043.9774267612,316320.27257240145,-0.011077971878994508
2021-11-11 00:00:00+00:00,4643.0,4483.0416015625,4242.356000976562,1.0,372124.1247721785,316388.4156729125,-0.010864933958244505
2021-11-12 00:00:00+00:00,4678.25,4485.9016015625,4247.221000976562,1.0,374949.31869813567,318790.4599659278,-0.0033553472518107474
2021-11-15 00:00:00+00:00,4679.0,4488.7916015625,4251.787250976562,1.0,375009.42920719855,318841.5672913111,-0.0031955688112483838
2021-11-16 00:00:00+00:00,4696.0,4492.3266015625,4256.176000976562,1.0,376371.9340792914,319999.9999999994,0.0
2021-11-17 00:00:00+00:00,4686.25,4495.8016015625,4260.489750976562,1.0,375590.4974614735,319335.60477001645,-0.002076235093696588
2021-11-18 00:00:00+00:00,4701.5,4499.9866015625,4264.674750976563,1.0,376812.7444790862,320374.7870528103,0.0
2021-11-19 00:00:00+00:00,4694.5,4504.7116015625,4268.746000976563,1.0,376251.7130611656,319897.7853492328,-0.0014888865255769934
2021-11-22 00:00:00+00:00,4679.75,4508.9266015625,4272.604750976562,1.0,375069.5397162615,318892.6746166944,-0.004626183133042749
2021-11-23 00:00:00+00:00,4688.5,4513.8066015625,4276.519750976562,1.0,375770.82898866216,319488.9267461663,-0.002765074976071702
2021-11-24 00:00:00+00:00,4699.0,4518.1516015625,4280.499750976563,1.0,376612.37611554307,320204.4293015326,-0.0005317451877061563
2021-11-26 00:00:00+00:00,4595.75,4520.5816015625,4283.918500976562,1.0,368337.1627012145,313168.6541737643,-0.022492821439966226
2021-11-29 00:00:00+00:00,4651.0,4524.315,4287.518500976563,1.0,372765.30353551626,316933.5604770011,-0.010741252791662381
2021-11-30 00:00:00+00:00,4566.25,4528.675,4290.711000976563,1.0,365972.81601140636,311158.4327086877,-0.028767414654897516
2021-12-01 00:00:00+00:00,4508.5,4531.98,4293.613500976562,1.0,361344.3068135616,307223.1686541732,-0.041050728490907296
2021-12-02 00:00:00+00:00,4575.75,4535.815,4296.944750976562,1.0,366734.21579287,311805.7921635428,-0.02674678294161459
2021-12-03 00:00:00+00:00,4537.5,4537.805,4300.117250976563,1.0,363668.5798306611,309199.3185689943,-0.03488248431351715
2021-12-06 00:00:00+00:00,4590.0,4540.69,4303.699750976562,1.0,367876.31546506553,312776.8313458257,-0.023715835371689864
2021-12-07 00:00:00+00:00,4685.0,4545.73,4307.734750976562,1.0,375490.313279702,319250.42589437764,-0.003509518238859921
2021-12-08 00:00:00+00:00,4699.0,4552.84,4311.617250976563,1.0,376612.3761155431,320204.4293015326,-0.0005317451877060453
2021-12-09 00:00:00+00:00,4667.0,4559.185,4315.812250976563,1.0,374047.6610621919,318023.8500851783,-0.007338083590343603
2021-12-10 00:00:00+00:00,4711.0,4567.45,4320.321000976563,1.0,377574.14426054986,321022.1465076655,0.0
2021-12-13 00:00:00+00:00,4668.75,4573.95,4324.171000976563,1.0,374187.9189166721,318143.10051107267,-0.008968371895563432
2021-12-14 00:00:00+00:00,4637.0,4580.865,4328.018500976563,1.0,371643.24069967517,315979.5570698461,-0.015707917639566915
2021-12-15 00:00:00+00:00,4709.5,4588.375,4332.482250976563,1.0,377453.92324242403,320919.9318568989,-0.0003184037359371672
2021-12-16 00:00:00+00:00,4668.75,4594.67,4336.998500976562,1.0,374187.9189166721,318143.10051107267,-0.008968371895563432
2021-12-17 00:00:00+00:00,4636.4599609375,4599.59919921875,4340.98580078125,1.0,371599.9580023942,315942.7571337303,-0.015822551276268304
2021-12-20 00:00:00+00:00,4558.5,4603.12419921875,4344.68205078125,1.0,365351.674084423,310630.3236797269,-0.03237104648694533
2021-12-21 00:00:00+00:00,4640.75,4608.91919921875,4348.51955078125,1.0,371943.79324498976,316235.09369676263,-0.014911908299723997
2021-12-22 00:00:00+00:00,4686.0,4615.82419921875,4352.46705078125,1.0,375570.4606251192,319318.5689948887,-0.00530672893228612
2021-12-23 00:00:00+00:00,4715.75,4623.03919921875,4356.36205078125,1.0,377954.8441512817,321345.8262350931,0.0
2021-12-27 00:00:00+00:00,4782.25,4630.10419921875,4360.56205078125,1.0,383284.64262152713,325877.34241907945,0.0
2021-12-28 00:00:00+00:00,4778.5,4636.42419921875,4364.61705078125,1.0,382984.0900762126,325621.80579216295,-0.0007841497203198156
2021-12-29 00:00:00+00:00,4784.5,4642.56419921875,4368.72705078125,1.0,383464.97414871596,326030.66439522937,0.0
2021-12-30 00:00:00+00:00,4772.25,4647.78419921875,4372.71830078125,1.0,382483.16916735494,325195.9114139687,-0.002560351133869876
2021-12-31 00:00:00+00:00,4758.5,4652.39419921875,4376.92830078125,1.0,381381.1431678681,324258.9437819415,-0.005434214651478753
2022-01-03 00:00:00+00:00,4786.0,4657.27919921875,4381.295200195313,1.0,383585.19516684173,326132.87904599594,0.0
2022-01-04 00:00:00+00:00,4784.25,4662.23419921875,4385.566450195312,1.0,383444.93731236155,326013.6286201016,-0.0003656498119516405
2022-01-05 00:00:00+00:00,4692.5,4664.92419921875,4389.530200195312,1.0,376091.4183703311,319761.4991482106,-0.019536147095695844
2022-01-06 00:00:00+00:00,4687.5,4667.36919921875,4393.563950195313,1.0,375690.681643245,319420.7836456553,-0.0205808608441288
2022-01-07 00:00:00+00:00,4667.75,4669.83419921875,4397.400200195312,1.0,374107.7715712548,318074.9574105616,-0.024707480150438776
2022-01-10 00:00:00+00:00,4662.25,4671.32919921875,4400.887700195312,1.0,373666.9611714601,317700.1703577507,-0.025856665273714885
2022-01-11 00:00:00+00:00,4705.0,4673.48919921875,4404.617700195313,1.0,377093.26018804644,320613.28790459904,-0.016924362724613506
2022-01-12 00:00:00+00:00,4716.25,4675.69919921875,4408.460200195313,1.0,377994.9178239902,321379.8977853486,-0.014573756790639436
2022-01-13 00:00:00+00:00,4652.0,4676.26919921875,4411.882700195312,1.0,372845.4508809335,317001.7035775122,-0.02799832845800254
2022-01-14 00:00:00+00:00,4654.75,4676.31919921875,4415.106450195312,1.0,373065.85608083085,317189.0971039176,-0.027423735896364487
2022-01-18 00:00:00+00:00,4571.25,4674.27919921875,4417.623950195312,1.0,366373.55273849244,311499.148211243,-0.04487045549519453
2022-01-19 00:00:00+00:00,4524.25,4670.95919921875,4419.925200195313,1.0,362606.62750388286,308296.42248722253,-0.05469076473046408
2022-01-20 00:00:00+00:00,4474.75,4666.57419921875,4421.948950195312,1.0,358639.3339057302,304923.3390119244,-0.06503343083994995
2022-01-21 00:00:00+00:00,4390.0,4660.80919921875,4423.453950195312,1.0,351846.8463816204,299148.21124361095,-0.08274132887588803
2022-01-24 00:00:00+00:00,4403.75,4656.04419921875,4424.875200195313,1.0,352948.87238110724,300085.17887563823,-0.07986836606769743
2022-01-25 00:00:00+00:00,4349.0,4650.16419921875,4426.018950195313,1.0,348560.8052195141,296354.34412265697,-0.0913079816130381
2022-01-26 00:00:00+00:00,4341.5,4643.42919921875,4427.062700195313,1.0,347959.7001288849,295843.270868824,-0.09287505223568748
2022-01-27 00:00:00+00:00,4317.75,4636.20419921875,4428.061450195312,1.0,346056.2006752258,294224.87223168596,-0.09783744254074389
2022-01-28 00:00:00+00:00,4423.25,4630.74919921875,4429.365200195312,1.0,354511.7456167431,301413.9693356042,-0.07579398244880908
2022-01-31 00:00:00+00:00,4504.25,4627.10919921875,4431.005200195313,1.0,361003.6805955384,306933.5604770011,-0.05886961972419558
2022-02-01 00:00:00+00:00,4535.0,4623.77919921875,4432.902700195313,1.0,363468.2114671182,309028.96081771667,-0.05244463017133283
2022-02-02 00:00:00+00:00,4577.25,4621.43419921875,4435.156450195313,1.0,366854.436810996,311908.00681430957,-0.0436167989970746
2022-02-03 00:00:00+00:00,4469.0,4617.21919921875,4436.677700195312,1.0,358178.48666958127,304531.51618398586,-0.06623485165064757
2022-02-04 00:00:00+00:00,4492.5,4613.29919921875,4438.501450195313,1.0,360061.949286886,306132.87904599606,-0.06132469703301291
2022-02-07 00:00:00+00:00,4475.75,4608.83419921875,4440.022700195313,1.0,358719.4812511475,304991.48211243557,-0.0648244880902632
2022-02-08 00:00:00+00:00,4512.5,4607.16919921875,4441.687700195313,1.0,361664.89619523054,307495.74105621746,-0.05714584203928119
2022-02-09 00:00:00+00:00,4577.75,4605.70419921875,4443.681450195312,1.0,366894.51048370457,311942.07836456504,-0.04351232762223134
2022-02-10 00:00:00+00:00,4497.5,4604.32919921875,4445.287700195313,1.0,360462.6860139722,306473.5945485514,-0.06027998328457984
2022-02-11 00:00:00+00:00,4409.5,4602.34919921875,4446.317700195313,1.0,353409.71961725637,300477.00170357694,-0.07866694525699935
2022-02-14 00:00:00+00:00,4394.0,4598.71419921875,4447.4152001953125,1.0,352167.43576328934,299420.7836456553,-0.0819055578771416
2022-02-15 00:00:00+00:00,4464.5,4597.25419921875,4448.808950195313,1.0,357817.8236152037,304224.872231686,-0.06717509402423727
2022-02-16 00:00:00+00:00,4470.0,4594.85419921875,4450.367700195313,1.0,358258.63401499845,304599.6592844969,-0.06602590890096116
2022-02-17 00:00:00+00:00,4374.5,4588.64419921875,4451.440200195312,1.0,350604.5625276534,298091.99318568944,-0.08597994149603005
2022-02-18 00:00:00+00:00,4343.5,4581.53419921875,4452.186450195312,1.0,348119.99481971946,295979.5570698462,-0.0924571667363141
2022-02-22 00:00:00+00:00,4300.0,4574.19419921875,4452.560200195312,1.0,344633.58529407013,293015.3321976145,-0.1015461763476806
2022-02-23 00:00:00+00:00,4222.0,4564.41419921875,4452.752700195312,1.0,338382.09235152655,287700.17035775085,-0.1178437108232343
2022-02-24 00:00:00+00:00,4284.0,4556.71919921875,4453.441450195312,1.0,343351.2277673946,291925.0425894374,-0.10488926034266577
2022-02-25 00:00:00+00:00,4380.0,4551.57919921875,4455.047700195312,1.0,351045.37292744825,298466.7802385004,-0.08483075637275361
2022-02-28 00:00:00+00:00,4368.0,4544.74919921875,4456.3527001953125,1.0,350083.6047824415,297649.0630323675,-0.08733806936899269
2022-03-01 00:00:00+00:00,4303.75,4537.44919921875,4457.0264501953125,1.0,344934.1378393848,293270.86882453103,-0.1007626410363558
2022-03-02 00:00:00+00:00,4381.75,4532.355,4458.146450195312,1.0,351185.6307819283,298586.0306643947,-0.0844651065608023
2022-03-03 00:00:00+00:00,4359.25,4528.37,4459.327700195313,1.0,349382.31551004073,297052.8109028956,-0.08916631842875045
2022-03-04 00:00:00+00:00,4327.25,4522.1,4460.406450195313,1.0,346817.6004566895,294872.2316865412,-0.09585248641872124
2022-03-07 00:00:00+00:00,4198.5,4512.35,4460.627700195312,1.0,336498.62973422173,286098.80749574053,-0.12275386544086908
2022-03-08 00:00:00+00:00,4168.75,4501.41,4460.712700195312,1.0,334114.24620805925,284071.5502555361,-0.12896991224404508
2022-03-09 00:00:00+00:00,4275.25,4491.27,4461.1202001953125,1.0,342649.9384949938,291328.7904599654,-0.10671750940242364
2022-03-10 00:00:00+00:00,4257.25,4480.845,4461.478950195313,1.0,341207.28627748374,290102.2146507661,-0.1104784788967822
2022-03-11 00:00:00+00:00,4201.5,4469.185,4461.521450195312,1.0,336739.07177047344,286303.2367972738,-0.12212703719180928
2022-03-14 00:00:00+00:00,4172.0,4457.18,4461.386450195312,1.0,334374.72508066526,284293.01533219713,-0.12829084830756365
2022-03-15 00:00:00+00:00,4262.0,4447.25,4461.683950195313,0.0,334374.72508066526,290425.89437819377,-0.12829084830756365
2022-03-16 00:00:00+00:00,4358.0,4438.69,4462.481450195312,0.0,334374.72508066526,296967.63202725677,-0.12829084830756365
2022-03-17 00:00:00+00:00,4410.25,4431.21,4463.501450195313,0.0,334374.72508066526,300528.10902896035,-0.12829084830756365
2022-03-18 00:00:00+00:00,4409.35009765625,4425.547001953125,4464.5919506835935,0.0,334374.72508066526,300466.78689310007,-0.12829084830756365
2022-03-21 00:00:00+00:00,4452.25,4420.842001953125,4465.711950683593,0.0,334374.72508066526,303390.1192504254,-0.12829084830756365
2022-03-22 00:00:00+00:00,4505.0,4417.587001953125,4467.109450683593,0.0,334374.72508066526,306984.66780238453,-0.12829084830756365
2022-03-23 00:00:00+00:00,4447.5,4413.292001953125,4468.218200683594,0.0,334374.72508066526,303066.43952299777,-0.12829084830756365
2022-03-24 00:00:00+00:00,4512.5,4409.442001953125,4469.688200683594,0.0,334374.72508066526,307495.7410562175,-0.12829084830756365
2022-03-25 00:00:00+00:00,4536.5,4405.847001953125,4471.180700683593,0.0,334374.72508066526,309131.17546848324,-0.12829084830756365
2022-03-28 00:00:00+00:00,4568.0,4404.167001953125,4472.791950683593,0.0,334374.72508066526,311277.68313458207,-0.12829084830756365
2022-03-29 00:00:00+00:00,4625.5,4403.582001953125,4474.6457006835935,0.0,334374.72508066526,315195.9114139688,-0.12829084830756365
2022-03-30 00:00:00+00:00,4596.0,4404.077001953125,4476.393200683594,0.0,334374.72508066526,313185.6899488921,-0.12829084830756365
2022-03-31 00:00:00+00:00,4530.75,4404.207001953125,4477.931950683594,0.0,334374.72508066526,308739.3526405446,-0.12829084830756365
2022-04-01 00:00:00+00:00,4539.25,4405.497001953125,4479.516950683594,0.0,334374.72508066526,309318.56899488874,-0.12829084830756365
2022-04-04 00:00:00+00:00,4577.75,4409.252001953125,4481.469450683594,0.0,334374.72508066526,311942.07836456504,-0.12829084830756365
2022-04-05 00:00:00+00:00,4520.25,4411.582001953125,4483.001950683593,0.0,334374.72508066526,308023.85008517833,-0.12829084830756365
2022-04-06 00:00:00+00:00,4475.75,4414.117001953125,4484.199450683594,0.0,334374.72508066526,304991.48211243557,-0.12829084830756365
2022-04-07 00:00:00+00:00,4496.25,4417.212001953125,4485.523200683594,0.0,334374.72508066526,306388.41567291255,-0.12829084830756365
2022-04-08 00:00:00+00:00,4483.5,4420.527001953125,4486.660700683594,0.0,334374.72508066526,305519.5911413964,-0.12829084830756365
2022-04-11 00:00:00+00:00,4409.0,4420.242001953125,4487.349450683594,0.0,334374.72508066526,300442.9301533214,-0.12829084830756365
2022-04-12 00:00:00+00:00,4393.0,4418.017001953125,4487.911950683594,0.0,334374.72508066526,299352.64054514427,-0.12829084830756365
2022-04-13 00:00:00+00:00,4442.25,4416.162001953125,4488.713200683594,0.0,334374.72508066526,302708.68824531464,-0.12829084830756365
2022-04-14 00:00:00+00:00,4387.5,4412.367001953125,4489.2082006835935,0.0,334374.72508066526,298977.8534923334,-0.12829084830756365
2022-04-18 00:00:00+00:00,4386.75,4410.722001953125,4489.588200683594,0.0,334374.72508066526,298926.7461669501,-0.12829084830756365
2022-04-19 00:00:00+00:00,4459.25,4410.057001953125,4490.170700683594,0.0,334374.72508066526,303867.1209540029,-0.12829084830756365
2022-04-20 00:00:00+00:00,4455.5,4409.652001953125,4490.778200683594,0.0,334374.72508066526,303611.58432708634,-0.12829084830756365
2022-04-21 00:00:00+00:00,4390.5,4407.212001953125,4490.981950683594,0.0,334374.72508066526,299182.2827938666,-0.12829084830756365
2022-04-22 00:00:00+00:00,4267.25,4401.002001953125,4490.753200683594,0.0,334374.72508066526,290783.64565587684,-0.12829084830756365
2022-04-25 00:00:00+00:00,4292.75,4396.907001953125,4490.416950683593,0.0,334374.72508066526,292521.2947189092,-0.12829084830756365
2022-04-26 00:00:00+00:00,4170.5,4392.127001953125,4489.386950683594,0.0,334374.72508066526,284190.8006814305,-0.12829084830756365
2022-04-27 00:00:00+00:00,4180.25,4387.852001953125,4488.481950683594,0.0,334374.72508066526,284855.19591141347,-0.12829084830756365
2022-04-28 00:00:00+00:00,4283.5,4384.232001953125,4488.0607006835935,0.0,334374.72508066526,291890.97103918175,-0.12829084830756365
2022-04-29 00:00:00+00:00,4127.5,4377.382001953125,4486.938200683594,0.0,334374.72508066526,281260.64735945436,-0.12829084830756365
2022-05-02 00:00:00+00:00,4151.0,4372.912001953125,4486.1007006835935,0.0,334374.72508066526,282862.0102214646,-0.12829084830756365
2022-05-03 00:00:00+00:00,4169.25,4369.427001953125,4485.690700683594,0.0,334374.72508066526,284105.6218057917,-0.12829084830756365
2022-05-04 00:00:00+00:00,4295.25,4369.332001953125,4485.589450683594,0.0,334374.72508066526,292691.6524701869,-0.12829084830756365
2022-05-05 00:00:00+00:00,4143.25,4367.757001953125,4484.553200683594,0.0,334374.72508066526,282333.90119250375,-0.12829084830756365
2022-05-06 00:00:00+00:00,4119.5,4364.467001953125,4483.353200683594,0.0,334374.72508066526,280715.5025553658,-0.12829084830756365
2022-05-09 00:00:00+00:00,3987.5,4356.617001953125,4481.275700683594,0.0,334374.72508066526,271720.6132879041,-0.12829084830756365
2022-05-10 00:00:00+00:00,3996.75,4349.192001953125,4479.188200683594,0.0,334374.72508066526,272350.9369676315,-0.12829084830756365
2022-05-11 00:00:00+00:00,3930.25,4341.722001953125,4476.866950683594,0.0,334374.72508066526,267819.4207836452,-0.12829084830756365
2022-05-12 00:00:00+00:00,3927.25,4332.632001953125,4474.534450683594,0.0,334374.72508066526,267614.9914821119,-0.12829084830756365
2022-05-13 00:00:00+00:00,4019.75,4325.842001953125,4472.574450683594,0.0,334374.72508066526,273918.22827938624,-0.12829084830756365
2022-05-16 00:00:00+00:00,4004.75,4319.392001953125,4470.650700683594,0.0,334374.72508066526,272896.08177172014,-0.12829084830756365
2022-05-17 00:00:00+00:00,4084.75,4317.117001953125,4469.175700683594,0.0,334374.72508066526,278347.529812606,-0.12829084830756365
2022-05-18 00:00:00+00:00,3922.75,4312.197001953125,4466.714450683594,0.0,334374.72508066526,267308.34752981213,-0.12829084830756365
2022-05-19 00:00:00+00:00,3897.75,4304.647001953125,4464.229450683593,0.0,334374.72508066526,265604.7700170353,-0.12829084830756365
2022-05-20 00:00:00+00:00,3899.5,4297.492001953125,4461.619450683594,0.0,334374.72508066526,265724.02044292964,-0.12829084830756365
2022-05-23 00:00:00+00:00,3971.75,4292.897001953125,4459.330700683594,0.0,334374.72508066526,270647.3594548546,-0.12829084830756365
2022-05-24 00:00:00+00:00,3940.5,4288.267001953125,4456.9044506835935,0.0,334374.72508066526,268517.8875638836,-0.12829084830756365
2022-05-25 00:00:00+00:00,3976.75,4282.562001953125,4454.638200683594,0.0,334374.72508066526,270988.07495741,-0.12829084830756365
2022-05-26 00:00:00+00:00,4055.75,4276.517001953125,4452.714450683594,0.0,334374.72508066526,276371.3798977848,-0.12829084830756365
2022-05-27 00:00:00+00:00,4155.75,4271.427001953125,4451.220700683593,0.0,334374.72508066526,283185.6899488921,-0.12829084830756365
2022-05-31 00:00:00+00:00,4131.25,4265.865,4449.564450683593,0.0,334374.72508066526,281516.18398637086,-0.12829084830756365
2022-06-01 00:00:00+00:00,4099.0,4258.8,4447.689450683593,0.0,334374.72508066526,279318.56899488874,-0.12829084830756365
2022-06-02 00:00:00+00:00,4175.25,4252.205,4446.348200683594,0.0,334374.72508066526,284514.4804088581,-0.12829084830756365
2022-06-03 00:00:00+00:00,4107.0,4245.395,4444.910700683594,0.0,334374.72508066526,279863.7137989774,-0.12829084830756365
2022-06-06 00:00:00+00:00,4120.5,4237.555,4443.505700683594,0.0,334374.72508066526,280783.64565587684,-0.12829084830756365
2022-06-07 00:00:00+00:00,4158.75,4230.0,4442.1144506835935,0.0,334374.72508066526,283390.11925042537,-0.12829084830756365
2022-06-08 00:00:00+00:00,4114.0,4220.92,4440.306950683594,0.0,334374.72508066526,280340.7155025549,-0.12829084830756365
2022-06-09 00:00:00+00:00,4016.25,4208.735,4437.9757006835935,0.0,334374.72508066526,273679.7274275975,-0.12829084830756365
2022-06-10 00:00:00+00:00,3899.0,4194.795,4435.005700683594,0.0,334374.72508066526,265689.9488926742,-0.12829084830756365
2022-06-13 00:00:00+00:00,3750.5,4179.19,4431.425700683594,0.0,334374.72508066526,255570.6984667798,-0.12829084830756365
2022-06-14 00:00:00+00:00,3736.75,4163.14,4427.581950683594,0.0,334374.72508066526,254633.73083475255,-0.12829084830756365
2022-06-15 00:00:00+00:00,3789.25,4147.37,4423.901950683594,0.0,334374.72508066526,258211.2436115839,-0.12829084830756365
2022-06-16 00:00:00+00:00,3668.25,4130.33,4419.640700683593,0.0,334374.72508066526,249965.92844974407,-0.12829084830756365
2022-06-17 00:00:00+00:00,3663.760009765625,4114.090200195313,4415.353250732422,0.0,334374.72508066526,249659.9665939093,-0.12829084830756365
2022-06-21 00:00:00+00:00,3767.75,4099.520200195312,4411.515750732422,0.0,334374.72508066526,256746.16695059586,-0.12829084830756365
2022-06-22 00:00:00+00:00,3762.75,4085.1052001953126,4407.657000732422,0.0,334374.72508066526,256405.4514480405,-0.12829084830756365
2022-06-23 00:00:00+00:00,3799.75,4072.9202001953126,4404.059500732422,0.0,334374.72508066526,258926.74616695018,-0.12829084830756365
2022-06-24 00:00:00+00:00,3916.25,4063.3852001953123,4401.078250732422,0.0,334374.72508066526,266865.4173764902,-0.12829084830756365
2022-06-27 00:00:00+00:00,3903.75,4052.6152001953124,4398.135750732422,0.0,334374.72508066526,266013.6286201018,-0.12829084830756365
2022-06-28 00:00:00+00:00,3825.5,4041.3752001953126,4394.972000732422,0.0,334374.72508066526,260681.43100511035,-0.12829084830756365
2022-06-29 00:00:00+00:00,3821.25,4030.0652001953126,4391.733250732422,0.0,334374.72508066526,260391.8228279383,-0.12829084830756365
2022-06-30 00:00:00+00:00,3789.5,4016.6702001953126,4388.458250732422,0.0,334374.72508066526,258228.27938671174,-0.12829084830756365
2022-07-01 00:00:00+00:00,3827.25,4004.1052001953126,4385.185750732422,0.0,334374.72508066526,260800.68143100478,-0.12829084830756365
2022-07-05 00:00:00+00:00,3834.0,3992.9752001953125,4381.984500732422,0.0,334374.72508066526,261260.64735945454,-0.12829084830756365
2022-07-06 00:00:00+00:00,3848.25,3984.5952001953124,4378.904100341797,0.0,334374.72508066526,262231.6865417373,-0.12829084830756365
2022-07-07 00:00:00+00:00,3905.0,3976.8402001953127,4376.687850341797,0.0,334374.72508066526,266098.80749574065,-0.12829084830756365
2022-07-08 00:00:00+00:00,3901.25,3971.4552001953125,4374.4778503417965,0.0,334374.72508066526,265843.27086882415,-0.12829084830756365
2022-07-11 00:00:00+00:00,3856.75,3964.9852001953127,4371.841600341797,0.0,334374.72508066526,262810.90289608133,-0.12829084830756365
2022-07-12 00:00:00+00:00,3823.75,3955.7902001953125,4368.770350341797,0.0,334374.72508066526,260562.18057921593,-0.12829084830756365
2022-07-13 00:00:00+00:00,3804.5,3949.3302001953125,4365.564100341797,0.0,334374.72508066526,259250.42589437778,-0.12829084830756365
2022-07-14 00:00:00+00:00,3793.25,3942.1752001953123,4362.365350341797,0.0,334374.72508066526,258483.81601362824,-0.12829084830756365
2022-07-15 00:00:00+00:00,3865.0,3936.0902001953127,4359.972850341797,0.0,334374.72508066526,263373.0834752978,-0.12829084830756365
2022-07-18 00:00:00+00:00,3833.75,3926.8602001953127,4357.3928503417965,0.0,334374.72508066526,261243.61158432672,-0.12829084830756365
2022-07-19 00:00:00+00:00,3937.5,3922.7452001953125,4355.591600341797,0.0,334374.72508066526,268313.4582623506,-0.12829084830756365
2022-07-20 00:00:00+00:00,3962.5,3919.6052001953126,4353.685350341797,0.0,334374.72508066526,270017.0357751274,-0.12829084830756365
2022-07-21 00:00:00+00:00,4001.25,3919.8802001953127,4352.235350341797,0.0,334374.72508066526,272657.5809199315,-0.12829084830756365
2022-07-22 00:00:00+00:00,3965.0,3919.2452001953125,4350.390350341797,0.0,334374.72508066526,270187.3935264051,-0.12829084830756365
2022-07-25 00:00:00+00:00,3970.0,3920.0402001953125,4348.470350341797,0.0,334374.72508066526,270528.1090289605,-0.12829084830756365
2022-07-26 00:00:00+00:00,3923.25,3919.9602001953126,4346.136600341797,0.0,334374.72508066526,267342.41908006783,-0.12829084830756365
2022-07-27 00:00:00+00:00,4024.5,3920.0552001953124,4344.347850341797,0.0,334374.72508066526,274241.90800681396,-0.12829084830756365
2022-07-28 00:00:00+00:00,4073.5,3921.4302001953124,4342.960350341797,0.0,334374.72508066526,277580.91993185657,-0.12829084830756365
2022-07-29 00:00:00+00:00,4133.5,3922.4052001953123,4341.9241003417965,0.0,334374.72508066526,281669.50596252095,-0.12829084830756365
2022-08-01 00:00:00+00:00,4120.5,3926.3602001953127,4340.751600341797,0.0,334374.72508066526,280783.645655877,-0.12829084830756365
2022-08-02 00:00:00+00:00,4093.75,3930.2802001953123,4339.075350341797,0.0,334374.72508066526,278960.8177172058,-0.12829084830756365
2022-08-03 00:00:00+00:00,4156.25,3935.4152001953125,4337.544100341797,0.0,334374.72508066526,283219.76149914786,-0.12829084830756365
2022-08-04 00:00:00+00:00,4152.25,3939.0252001953127,4335.917850341797,0.0,334374.72508066526,282947.18909710355,-0.12829084830756365
2022-08-05 00:00:00+00:00,4146.75,3943.1502001953127,4334.095350341797,0.0,334374.72508066526,282572.40204429266,-0.12829084830756365
2022-08-08 00:00:00+00:00,4141.75,3946.4502001953124,4332.164100341797,0.0,334374.72508066526,282231.6865417373,-0.12829084830756365
2022-08-09 00:00:00+00:00,4124.5,3947.8252001953124,4330.077850341797,0.0,334374.72508066526,281056.2180579213,-0.12829084830756365
2022-08-10 00:00:00+00:00,4210.0,3948.9102001953124,4328.445350341797,0.0,334374.72508066526,286882.4531516181,-0.12829084830756365
2022-08-11 00:00:00+00:00,4209.75,3950.4802001953126,4326.704100341797,0.0,334374.72508066526,286865.4173764903,-0.12829084830756365
2022-08-12 00:00:00+00:00,4281.0,3954.1202001953125,4325.282850341797,0.0,334374.72508066526,291720.61328790424,-0.12829084830756365
2022-08-15 00:00:00+00:00,4298.25,3956.5802001953125,4324.051600341797,0.0,334374.72508066526,292896.08177172026,-0.12829084830756365
2022-08-16 00:00:00+00:00,4307.75,3960.5952001953124,4322.652850341797,0.0,334374.72508066526,293543.44122657547,-0.12829084830756365
2022-08-17 00:00:00+00:00,4276.75,3963.7202001953124,4321.051600341797,0.0,334374.72508066526,291431.00511073216,-0.12829084830756365
2022-08-18 00:00:00+00:00,4286.5,3966.2752001953127,4319.4553503417965,0.0,334374.72508066526,292095.40034071513,-0.12829084830756365
2022-08-19 00:00:00+00:00,4231.5,3968.6252001953126,4317.495350341796,0.0,334374.72508066526,288347.5298126061,-0.12829084830756365
2022-08-22 00:00:00+00:00,4141.25,3971.1252001953126,4314.940350341797,0.0,334374.72508066526,282197.6149914817,-0.12829084830756365
2022-08-23 00:00:00+00:00,4130.5,3975.7552001953127,4312.226600341797,0.0,334374.72508066526,281465.0766609877,-0.12829084830756365
2022-08-24 00:00:00+00:00,4142.75,3983.6002001953125,4309.489100341797,0.0,334374.72508066526,282299.82964224834,-0.12829084830756365
2022-08-25 00:00:00+00:00,4201.0,3992.8852001953123,4307.024100341797,0.0,334374.72508066526,286269.16524701833,-0.12829084830756365
2022-08-26 00:00:00+00:00,4059.5,3998.2902001953125,4303.930350341797,0.0,334374.72508066526,276626.91652470146,-0.12829084830756365
2022-08-29 00:00:00+00:00,4031.25,4005.5502001953123,4300.876600341797,0.0,334374.72508066526,274701.8739352636,-0.12829084830756365
2022-08-30 00:00:00+00:00,3987.5,4012.025,4297.599100341797,0.0,334374.72508066526,271720.6132879042,-0.12829084830756365
2022-08-31 00:00:00+00:00,3956.5,4015.8,4293.990350341797,0.0,334374.72508066526,269608.1771720609,-0.12829084830756365
2022-09-01 00:00:00+00:00,3968.75,4019.92,4290.439100341797,0.0,334374.72508066526,270442.9301533215,-0.12829084830756365
2022-09-02 00:00:00+00:00,3924.5,4022.415,4286.581600341797,0.0,334374.72508066526,267427.59795570653,-0.12829084830756365
2022-09-06 00:00:00+00:00,3910.5,4022.3,4282.702850341797,0.0,334374.72508066526,266473.5945485515,-0.12829084830756365
2022-09-07 00:00:00+00:00,3980.0,4023.825,4279.095350341797,0.0,334374.72508066526,271209.5400340711,-0.12829084830756365
2022-09-08 00:00:00+00:00,4005.5,4027.425,4275.650350341797,0.0,334374.72508066526,272947.18909710343,-0.12829084830756365
2022-09-09 00:00:00+00:00,4067.25,4032.345,4272.587850341797,0.0,334374.72508066526,277155.0255536622,-0.12829084830756365
2022-09-12 00:00:00+00:00,4110.75,4038.77,4269.699100341797,0.0,334374.72508066526,280119.2504258939,-0.12829084830756365
2022-09-13 00:00:00+00:00,3931.25,4040.85,4265.860350341797,0.0,334374.72508066526,267887.5638841563,-0.12829084830756365
2022-09-14 00:00:00+00:00,3947.5,4043.12,4262.619100341797,0.0,334374.72508066526,268994.88926746126,-0.12829084830756365
2022-09-15 00:00:00+00:00,3902.0,4044.195,4258.874100341797,0.0,334374.72508066526,265894.37819420744,-0.12829084830756365
2022-09-16 00:00:00+00:00,3871.239990234375,4043.5197998046874,4255.399050292969,0.0,334374.72508066526,263798.2957570269,-0.12829084830756365
2022-09-19 00:00:00+00:00,3917.25,4043.8397998046876,4252.442800292969,0.0,334374.72508066526,266933.56047700136,-0.12829084830756365
2022-09-20 00:00:00+00:00,3872.75,4044.1597998046873,4248.927800292969,0.0,334374.72508066526,263901.1925042586,-0.12829084830756365
2022-09-21 00:00:00+00:00,3806.25,4043.8097998046874,4245.271550292969,0.0,334374.72508066526,259369.67632027224,-0.12829084830756365
2022-09-22 00:00:00+00:00,3772.0,4043.1597998046873,4241.1815502929685,0.0,334374.72508066526,257035.775127768,-0.12829084830756365
2022-09-23 00:00:00+00:00,3709.0,4041.4747998046873,4236.301550292968,0.0,334374.72508066526,252742.7597955704,-0.12829084830756365
2022-09-26 00:00:00+00:00,3670.0,4037.5747998046877,4231.156550292969,0.0,334374.72508066526,250085.17887563855,-0.12829084830756365
2022-09-27 00:00:00+00:00,3661.0,4034.1197998046873,4226.126550292969,0.0,334374.72508066526,249471.8909710389,-0.12829084830756365
2022-09-28 00:00:00+00:00,3732.0,4030.0097998046876,4221.231550292969,0.0,334374.72508066526,254310.05110732507,-0.12829084830756365
2022-09-29 00:00:00+00:00,3654.25,4023.8447998046877,4216.1590502929685,0.0,334374.72508066526,249011.9250425891,-0.12829084830756365
2022-09-30 00:00:00+00:00,3601.5,4015.8497998046873,4210.981550292969,0.0,334374.72508066526,245417.37649063,-0.12829084830756365
2022-10-03 00:00:00+00:00,3690.25,4010.3547998046874,4205.885300292969,0.0,334374.72508066526,251465.07666098775,-0.12829084830756365
2022-10-04 00:00:00+00:00,3803.25,4007.0197998046874,4201.557800292969,0.0,334374.72508066526,259165.24701873897,-0.12829084830756365
2022-10-05 00:00:00+00:00,3794.0,4004.4347998046874,4197.345500488282,0.0,334374.72508066526,258534.92333901156,-0.12829084830756365
2022-10-06 00:00:00+00:00,3756.75,3999.0797998046874,4193.336750488281,0.0,334374.72508066526,255996.59284497407,-0.12829084830756365
2022-10-07 00:00:00+00:00,3653.25,3990.6747998046876,4188.399250488281,0.0,334374.72508066526,248943.78194207803,-0.12829084830756365
2022-10-10 00:00:00+00:00,3625.25,3980.5097998046876,4183.095500488282,0.0,334374.72508066526,247035.77512776796,-0.12829084830756365
2022-10-11 00:00:00+00:00,3599.25,3970.0847998046875,4177.513000488281,0.0,334374.72508066526,245264.05451448006,-0.12829084830756365
2022-10-12 00:00:00+00:00,3588.5,3959.9797998046874,4171.544250488281,0.0,334374.72508066526,244531.516183986,-0.12829084830756365
2022-10-13 00:00:00+00:00,3681.75,3950.4897998046877,4166.060500488281,0.0,334374.72508066526,250885.8603066436,-0.12829084830756365
2022-10-14 00:00:00+00:00,3597.5,3939.3947998046874,4160.125500488281,0.0,334374.72508066526,245144.8040885857,-0.12829084830756365
2022-10-17 00:00:00+00:00,3689.25,3930.2447998046873,4154.7105004882815,0.0,334374.72508066526,251396.93356047667,-0.12829084830756365
2022-10-18 00:00:00+00:00,3732.75,3922.0647998046875,4149.581750488282,0.0,334374.72508066526,254361.15843270835,-0.12829084830756365
2022-10-19 00:00:00+00:00,3707.25,3913.7197998046877,4144.188000488281,0.0,334374.72508066526,252623.509369676,-0.12829084830756365
2022-10-20 00:00:00+00:00,3675.25,3903.0247998046875,4138.643000488281,0.0,334374.72508066526,250442.93015332165,-0.12829084830756365
2022-10-21 00:00:00+00:00,3764.0,3894.1097998046876,4134.000500488281,0.0,334374.72508066526,256490.6303236794,-0.12829084830756365
2022-10-24 00:00:00+00:00,3809.25,3884.6747998046876,4129.609250488281,0.0,334374.72508066526,259574.10562180544,-0.12829084830756365
2022-10-25 00:00:00+00:00,3870.25,3876.1147998046877,4125.621750488282,0.0,334374.72508066526,263730.8347529809,-0.12829084830756365
2022-10-26 00:00:00+00:00,3841.0,3866.7797998046876,4121.515500488281,0.0,334374.72508066526,261737.64906303206,-0.12829084830756365
2022-10-27 00:00:00+00:00,3819.5,3857.6347998046876,4117.088000488281,0.0,334374.72508066526,260272.572402044,-0.12829084830756365
2022-10-28 00:00:00+00:00,3911.25,3850.1297998046875,4113.063000488281,0.0,334374.72508066526,266524.70187393494,-0.12829084830756365
2022-10-31 00:00:00+00:00,3883.0,3843.1597998046873,4109.218000488281,0.0,334374.72508066526,264599.65928449715,-0.12829084830756365
2022-11-01 00:00:00+00:00,3866.0,3837.6547998046876,4105.274250488281,0.0,334374.72508066526,263441.2265758089,-0.12829084830756365
2022-11-02 00:00:00+00:00,3768.75,3830.4197998046875,4101.261750488281,0.0,334374.72508066526,256814.31005110705,-0.12829084830756365
2022-11-03 00:00:00+00:00,3727.75,3822.1197998046873,4097.279250488281,0.0,334374.72508066526,254020.44293015305,-0.12829084830756365
2022-11-04 00:00:00+00:00,3779.5,3813.6897998046875,4093.803000488281,0.0,334374.72508066526,257546.8483816011,-0.12829084830756365
2022-11-07 00:00:00+00:00,3815.25,3808.8047998046877,4090.9292504882815,0.0,334374.72508066526,259982.96422487198,-0.12829084830756365
2022-11-08 00:00:00+00:00,3835.25,3804.8847998046876,4088.0867504882813,0.0,334374.72508066526,261345.82623509344,-0.12829084830756365
2022-11-09 00:00:00+00:00,3755.5,3800.2447998046873,4085.119250488281,0.0,334374.72508066526,255911.41396933535,-0.12829084830756365
2022-11-10 00:00:00+00:00,3961.0,3800.3347998046875,4083.2167504882814,0.0,334374.72508066526,269914.8211243609,-0.12829084830756365
2022-11-11 00:00:00+00:00,4000.25,3800.9647998046876,4081.6292504882813,0.0,334374.72508066526,272589.43781942053,-0.12829084830756365
2022-11-14 00:00:00+00:00,3966.0,3801.7947998046875,4079.343000488281,0.0,334374.72508066526,270255.53662691626,-0.12829084830756365
2022-11-15 00:00:00+00:00,3999.5,3803.5747998046877,4076.8192504882813,0.0,334374.72508066526,272538.3304940372,-0.12829084830756365
2022-11-16 00:00:00+00:00,3968.5,3803.3447998046877,4073.9867504882814,0.0,334374.72508066526,270425.8943781939,-0.12829084830756365
2022-11-17 00:00:00+00:00,3955.25,3802.3397998046876,4070.8767504882812,0.0,334374.72508066526,269522.9982964222,-0.12829084830756365
2022-11-18 00:00:00+00:00,3974.0,3800.4747998046873,4068.4017504882813,0.0,334374.72508066526,270800.6814310048,-0.12829084830756365
2022-11-21 00:00:00+00:00,3958.0,3797.4197998046875,4065.729250488281,0.0,334374.72508066526,269710.39182282763,-0.12829084830756365
2022-11-22 00:00:00+00:00,4010.25,3798.9997998046874,4063.4017504882813,0.0,334374.72508066526,273270.8688245312,-0.12829084830756365
2022-11-23 00:00:00+00:00,4033.0,3800.7097998046875,4061.0042504882813,0.0,334374.72508066526,274821.1243611581,-0.12829084830756365
2022-11-25 00:00:00+00:00,4032.5,3803.3197998046876,4058.278000488281,0.0,334374.72508066526,274787.0528109026,-0.12829084830756365
2022-11-28 00:00:00+00:00,3970.25,3805.3,4055.641750488281,0.0,334374.72508066526,270545.1448040883,-0.12829084830756365
2022-11-29 00:00:00+00:00,3962.0,3806.195,4053.4042504882814,0.0,334374.72508066526,269982.9642248719,-0.12829084830756365
2022-11-30 00:00:00+00:00,4081.25,3810.365,4051.840500488281,0.0,334374.72508066526,278109.0289608173,-0.12829084830756365
2022-12-01 00:00:00+00:00,4081.75,3815.875,4049.9267504882814,0.0,334374.72508066526,278143.10051107284,-0.12829084830756365
2022-12-02 00:00:00+00:00,4075.5,3821.945,4047.954250488281,0.0,334374.72508066526,277717.20613287867,-0.12829084830756365
2022-12-05 00:00:00+00:00,4003.25,3827.83,4046.0980004882813,0.0,334374.72508066526,272793.8671209536,-0.12829084830756365
2022-12-06 00:00:00+00:00,3945.0,3833.33,4044.1055004882815,0.0,334374.72508066526,268824.53151618363,-0.12829084830756365
2022-12-07 00:00:00+00:00,3936.75,3838.845,4042.289250488281,0.0,334374.72508066526,268262.3509369673,-0.12829084830756365
2022-12-08 00:00:00+00:00,3965.75,3843.52,4041.008000488281,0.0,334374.72508066526,270238.50085178844,-0.12829084830756365
2022-12-09 00:00:00+00:00,3936.25,3849.16,4039.269250488281,0.0,334374.72508066526,268228.2793867118,-0.12829084830756365
2022-12-12 00:00:00+00:00,3991.75,3856.965,4037.3280004882813,0.0,334374.72508066526,272010.2214650763,-0.12829084830756365
2022-12-13 00:00:00+00:00,4022.25,3863.605,4035.599250488281,0.0,334374.72508066526,274088.58603066404,-0.12829084830756365
2022-12-14 00:00:00+00:00,3998.0,3867.5,4034.070500488281,0.0,334374.72508066526,272436.1158432705,-0.12829084830756365
2022-12-15 00:00:00+00:00,3897.0,3869.56,4031.646750488281,0.0,334374.72508066526,265553.6626916521,-0.12829084830756365
2022-12-16 00:00:00+00:00,3871.469970703125,3871.8543994140623,4029.207850341797,0.0,334374.72508066526,263813.96733922453,-0.12829084830756365
2022-12-19 00:00:00+00:00,3845.5,3875.6993994140626,4026.799100341797,0.0,334374.72508066526,262044.29301533184,-0.12829084830756365
2022-12-20 00:00:00+00:00,3849.25,3880.1793994140626,4025.052850341797,0.0,334374.72508066526,262299.8296422484,-0.12829084830756365
2022-12-21 00:00:00+00:00,3905.75,3886.3093994140627,4023.7378503417967,0.0,334374.72508066526,266149.914821124,-0.12829084830756365
2022-12-22 00:00:00+00:00,3849.25,3891.5243994140624,4021.607850341797,0.0,334374.72508066526,262299.8296422484,-0.12829084830756365
2022-12-23 00:00:00+00:00,3869.75,3895.2843994140626,4019.670350341797,0.0,334374.72508066526,263696.7632027253,-0.12829084830756365
2022-12-27 00:00:00+00:00,3855.0,3900.4343994140627,4017.937850341797,0.0,334374.72508066526,262691.65247018705,-0.12829084830756365
2022-12-28 00:00:00+00:00,3807.5,3902.7993994140625,4016.115350341797,0.0,334374.72508066526,259454.8551959111,-0.12829084830756365
2022-12-29 00:00:00+00:00,3871.75,3905.5793994140627,4014.1641003417967,0.0,334374.72508066526,263833.04940374754,-0.12829084830756365
2022-12-30 00:00:00+00:00,3861.0,3908.6543994140625,4011.679100341797,0.0,334374.72508066526,263100.5110732535,-0.12829084830756365
2023-01-03 00:00:00+00:00,3846.0,3912.0693994140624,4008.857850341797,0.0,334374.72508066526,262078.3645655874,-0.12829084830756365
2023-01-04 00:00:00+00:00,3874.5,3914.2793994140625,4006.1835998535157,0.0,334374.72508066526,264020.442930153,-0.12829084830756365
2023-01-05 00:00:00+00:00,3829.0,3914.6743994140625,4003.0673498535157,0.0,334374.72508066526,260919.9318568992,-0.12829084830756365
2023-01-06 00:00:00+00:00,3915.5,3915.5793994140627,4000.1198498535155,0.0,334374.72508066526,266814.310051107,-0.12829084830756365
2023-01-09 00:00:00+00:00,3913.75,3917.0343994140626,3997.4510998535156,0.0,334374.72508066526,266695.0596252127,-0.12829084830756365
2023-01-10 00:00:00+00:00,3940.75,3919.4593994140623,3994.5923498535158,0.0,334374.72508066526,268534.9233390117,-0.12829084830756365
2023-01-11 00:00:00+00:00,3990.0,3921.0343994140626,3991.8598498535157,0.0,334374.72508066526,271890.971039182,-0.12829084830756365
2023-01-12 00:00:00+00:00,4003.5,3923.4443994140624,3989.0373498535155,0.0,334374.72508066526,272810.9028960815,-0.12829084830756365
2023-01-13 00:00:00+00:00,4018.25,3926.4893994140625,3986.001099853516,0.0,334374.72508066526,273816.01362861984,-0.12829084830756365
2023-01-17 00:00:00+00:00,4009.5,3931.3043994140626,3983.0685998535155,0.0,334374.72508066526,273219.761499148,-0.12829084830756365
2023-01-18 00:00:00+00:00,3945.75,3935.6643994140627,3980.1435998535158,0.0,334374.72508066526,268875.63884156704,-0.12829084830756365
2023-01-19 00:00:00+00:00,3915.5,3938.3843994140625,3977.0248498535157,0.0,334374.72508066526,266814.3100511071,-0.12829084830756365
2023-01-20 00:00:00+00:00,3988.5,3941.8493994140626,3974.0785998535157,0.0,334374.72508066526,271788.7563884154,-0.12829084830756365
2023-01-23 00:00:00+00:00,4036.5,3945.8743994140623,3971.6598498535154,0.0,334374.72508066526,275059.62521294696,-0.12829084830756365
2023-01-24 00:00:00+00:00,4032.75,3951.4193994140624,3969.4448498535157,0.0,334374.72508066526,274804.0885860304,-0.12829084830756365
2023-01-25 00:00:00+00:00,4032.0,3952.8393994140624,3967.1235998535158,0.0,334374.72508066526,274752.9812606471,-0.12829084830756365
2023-01-26 00:00:00+00:00,4075.5,3954.3443994140625,3965.083599853516,0.0,334374.72508066526,277717.2061328788,-0.12829084830756365
2023-01-27 00:00:00+00:00,4084.25,3956.7093994140623,3963.4598498535156,0.0,334374.72508066526,278313.4582623507,-0.12829084830756365
2023-01-30 00:00:00+00:00,4032.5,3957.3693994140626,3961.657349853516,0.0,334374.72508066526,274787.0528109026,-0.12829084830756365
2023-01-31 00:00:00+00:00,4090.0,3959.7993994140625,3959.896099853516,0.0,334374.72508066526,278705.28109028935,-0.12829084830756365
2023-02-01 00:00:00+00:00,4132.25,3963.3393994140624,3958.6198498535155,0.0,334374.72508066526,281584.32708688214,-0.12829084830756365
2023-02-02 00:00:00+00:00,4191.5,3967.6893994140623,3957.6435998535158,1.0,339169.13550138747,285621.80579216324,-0.11579190288127605
2023-02-03 00:00:00+00:00,4147.75,3971.4843994140624,3956.0860998535154,1.0,335628.9590303901,282640.54514480376,-0.1250210819935137
2023-02-06 00:00:00+00:00,4123.5,3973.7493994140623,3954.4260998535156,1.0,333666.6897864658,280988.0749574102,-0.13013668413001112
2023-02-07 00:00:00+00:00,4175.75,3976.6043994140623,3953.3523498535155,1.0,337894.67197182844,284548.55195911386,-0.11911440736168155
2023-02-08 00:00:00+00:00,4130.5,3978.5643994140623,3952.668599853516,1.0,334233.1180218254,281465.07666098775,-0.12866001547205308
2023-02-09 00:00:00+00:00,4091.75,3980.9943994140626,3951.6635998535157,1.0,331097.5331475134,278824.5315161837,-0.13683443125717776
2023-02-10 00:00:00+00:00,4099.75,3983.7493994140623,3951.3098498535155,1.0,331744.8797022101,279369.67632027227,-0.13514680993379713
2023-02-13 00:00:00+00:00,4147.25,3985.0693994140624,3951.1448498535156,1.0,335588.49987072154,282606.47359454824,-0.12512655832622488
2023-02-14 00:00:00+00:00,4145.5,3986.3443994140625,3950.4548498535155,1.0,335446.89281188167,282487.2231686539,-0.1254957254907143
2023-02-15 00:00:00+00:00,4158.25,3987.9993994140623,3950.6085998535154,1.0,336478.6013834295,283356.04770017014,-0.12280607900657659
2023-02-16 00:00:00+00:00,4099.75,3989.9293994140626,3950.3523498535155,1.0,331744.8797022101,279369.6763202723,-0.13514680993379713
2023-02-17 00:00:00+00:00,4087.5,3992.7793994140625,3949.9435998535155,1.0,330753.6302903308,278534.92333901173,-0.13773098008522378
2023-02-21 00:00:00+00:00,4005.75,3994.1593994140626,3948.4960998535157,1.0,324138.5576845242,272964.2248722315,-0.15497636048351915
2023-02-22 00:00:00+00:00,3999.0,3994.8243994140626,3947.7748498535157,1.0,323592.3590289989,272504.2589437817,-0.15640029097512165
2023-02-23 00:00:00+00:00,4018.75,3996.4743994140626,3947.271099853516,1.0,325190.4958359063,273850.0851788754,-0.15223397583302567
2023-02-24 00:00:00+00:00,3975.75,3996.1543994140625,3947.2123498535157,1.0,321711.0081044117,270919.9318568993,-0.16130494044619637
2023-02-27 00:00:00+00:00,3988.0,3995.4693994140625,3947.168599853516,1.0,322702.257516291,271754.68483815994,-0.15872077029476983
2023-02-28 00:00:00+00:00,3975.5,3995.0193994140627,3947.3948498535156,1.0,321690.77852457744,270902.8960817716,-0.161357678612552
2023-03-01 00:00:00+00:00,3956.5,3996.2093994140623,3947.541099853516,1.0,320153.3304571729,269608.1771720612,-0.16536577925558082
2023-03-02 00:00:00+00:00,3984.75,3998.475,3947.3660998535156,1.0,322439.2729784455,271533.219761499,-0.15940636645739303
2023-03-03 00:00:00+00:00,4049.75,4002.56,3947.5910998535155,1.0,327698.96373535594,275962.5212947187,-0.14569444320492575
2023-03-06 00:00:00+00:00,4052.5,4006.625,3947.4298498535154,1.0,327921.48911353294,276149.91482112417,-0.14511432337501362
2023-03-07 00:00:00+00:00,3989.75,4008.305,3947.7648498535154,1.0,322843.8645751309,271873.93526405434,-0.15835160313028018
2023-03-08 00:00:00+00:00,3995.0,4011.22,3948.251099853516,1.0,323268.6857516506,272231.68654173746,-0.1572441016368118
2023-03-09 00:00:00+00:00,3920.0,4012.225,3948.353599853516,1.0,317199.8118013693,267120.9540034069,-0.1730655515435049
2023-03-10 00:00:00+00:00,3862.75,4012.38,3947.8085998535157,1.0,312567.23801932123,263219.761499148,-0.1851425916389473
2023-03-13 00:00:00+00:00,3856.75,4013.365,3947.3898498535154,1.0,312081.72810329875,262810.9028960815,-0.18640830763148275
2023-03-14 00:00:00+00:00,3920.5,4014.34,3947.1085998535154,1.0,317240.27096103784,267155.02555366245,-0.1729600752107936
2023-03-15 00:00:00+00:00,3892.75,4014.975,3946.293599853516,1.0,314994.78759943374,265264.05451448023,-0.1788140116762701
2023-03-16 00:00:00+00:00,3960.5,4017.265,3945.3173498535157,1.0,320477.0037345212,269880.74957410543,-0.16452196859389057
2023-03-17 00:00:00+00:00,3957.050048828125,4018.9160009765624,3944.4463500976562,1.0,320197.8394838981,269645.65920464206,-0.16524974498917533
2023-03-20 00:00:00+00:00,3983.0,4021.9960009765623,3943.8663500976563,1.0,322297.6659196056,271413.9693356045,-0.15977553362188268
2023-03-21 00:00:00+00:00,4035.75,4024.4010009765625,3943.168850097656,1.0,326566.1072646367,275008.5178875636,-0.14864778052084193
2023-03-22 00:00:00+00:00,3970.5,4025.5360009765627,3942.486350097656,1.0,321286.186927892,270562.1805792161,-0.16241244193966498
2023-03-23 00:00:00+00:00,3978.0,4026.2810009765626,3941.773850097656,1.0,321893.0743229201,271073.25383304915,-0.16083029694899564
2023-03-24 00:00:00+00:00,4001.25,4026.5060009765625,3940.986350097656,1.0,323774.4252475073,272657.5809199316,-0.15592564747792093
2023-03-27 00:00:00+00:00,4007.25,4026.5810009765623,3940.452600097656,1.0,324259.9351635298,273066.439522998,-0.15465993148538537
2023-03-28 00:00:00+00:00,4001.5,4026.2460009765623,3940.378850097656,1.0,323794.65482734155,272674.61669505935,-0.15587290931156528
2023-03-29 00:00:00+00:00,4057.5,4027.2060009765623,3941.171350097656,1.0,328326.08071021823,276490.6303236795,-0.1440595600479011
2023-03-30 00:00:00+00:00,4080.0,4029.8910009765623,3942.818850097656,1.0,330146.74289530265,278023.8500851786,-0.1393131250758931
2023-03-31 00:00:00+00:00,4137.75,4034.3360009765624,3944.8238500976563,1.0,334819.77583701926,281959.11413969315,-0.12713060864773928
2023-04-03 00:00:00+00:00,4153.75,4037.6410009765623,3946.646350097656,1.0,336114.4689464127,283049.40374787035,-0.12375536600097792
2023-04-04 00:00:00+00:00,4129.0,4039.4910009765626,3948.950100097656,1.0,334111.74054281984,281362.8620102213,-0.12897644447018675
2023-04-05 00:00:00+00:00,4117.25,4041.1810009765627,3951.2175500488283,1.0,333160.9502906091,280562.18057921616,-0.13145513828890198
2023-04-06 00:00:00+00:00,4132.0,4043.1810009765627,3953.0388000488283,1.0,334354.49550083105,281567.29131175444,-0.12834358647391908
2023-04-10 00:00:00+00:00,4136.25,4044.3960009765624,3954.906300048828,1.0,334698.39835801366,281856.89948892646,-0.12744703764587317
2023-04-11 00:00:00+00:00,4136.5,4045.4410009765625,3956.5900500488283,1.0,334718.6279378479,281873.9352640542,-0.12739429947951753
2023-04-12 00:00:00+00:00,4119.0,4047.1710009765625,3957.603800048828,1.0,333302.55734944897,280681.4310051105,-0.13108597112441256
2023-04-13 00:00:00+00:00,4172.75,4048.8260009765627,3958.948800048828,1.0,337651.9170138173,284344.1226575807,-0.119747265357949
2023-04-14 00:00:00+00:00,4163.75,4049.4560009765623,3960.640050048828,1.0,336923.65213978355,283730.834752981,-0.1216458393467521
2023-04-17 00:00:00+00:00,4176.75,4049.1610009765627,3962.417550048828,1.0,337975.59029116563,284616.69505962497,-0.11890345469625863
2023-04-18 00:00:00+00:00,4180.0,4049.8060009765627,3964.370050048828,1.0,338238.57482901117,284838.16013628594,-0.1182178585336352
2023-04-19 00:00:00+00:00,4178.5,4050.9060009765626,3966.126300048828,1.0,338117.19735000556,284735.94548551936,-0.11853428753176909
2023-04-20 00:00:00+00:00,4152.5,4050.4410009765625,3967.718800048828,1.0,336013.32104724133,282964.2248722314,-0.12401905683275616
2023-04-21 00:00:00+00:00,4156.75,4050.9660009765626,3969.261300048828,1.0,336357.22390442394,283253.8330494035,-0.12312250800471014
2023-04-24 00:00:00+00:00,4159.5,4052.3210009765626,3970.533800048828,1.0,336579.7492826009,283441.22657580895,-0.12254238817479823
2023-04-25 00:00:00+00:00,4093.25,4052.1910009765625,3971.4938000488282,1.0,331218.91062651906,278926.7461669503,-0.13651800225904387
2023-04-26 00:00:00+00:00,4076.0,4050.7660009765623,3972.5900500488283,1.0,329823.0696179544,277751.2776831343,-0.14015693573758325
2023-04-27 00:00:00+00:00,4153.75,4050.9310009765627,3974.240050048828,1.0,336114.4689464126,283049.40374787024,-0.12375536600097814
2023-04-28 00:00:00+00:00,4188.5,4051.5360009765627,3976.160050048828,1.0,338926.3805433763,285417.37649063003,-0.1164247608775435
2023-05-01 00:00:00+00:00,4185.75,4053.2560009765625,3978.122550048828,1.0,338703.8551651993,285229.9829642246,-0.11700488070745563
2023-05-02 00:00:00+00:00,4136.75,4054.2410009765626,3979.481300048828,1.0,334738.8575176822,281890.97103918204,-0.12734156131316188
2023-05-03 00:00:00+00:00,4107.5,4056.2760009765625,3980.850050048828,1.0,332371.9966770725,279897.78534923313,-0.13351192677677215
2023-05-04 00:00:00+00:00,4075.75,4057.8110009765624,3981.541300048828,1.0,329802.84003812005,277734.2419080066,-0.140209673903939
2023-05-05 00:00:00+00:00,4150.25,4060.4410009765625,3982.480050048828,1.0,335831.25482873275,282810.9028960815,-0.12449370032995732
2023-05-08 00:00:00+00:00,4152.75,4063.9810009765624,3983.2375500488283,1.0,336033.55062707554,282981.26064735925,-0.12396631866640062
2023-05-09 00:00:00+00:00,4134.0,4066.9010009765625,3984.082550048828,1.0,334516.33213950525,281703.5775127766,-0.1279216811430739
2023-05-10 00:00:00+00:00,4152.0,4070.4310009765627,3984.992550048828,1.0,335972.86188757274,282930.1533219759,-0.12412453316546757
2023-05-11 00:00:00+00:00,4143.75,4074.1760009765626,3986.095050048828,1.0,335305.2857530418,282367.9727427595,-0.12586489265520384
2023-05-12 00:00:00+00:00,4138.0,4077.2410009765626,3986.662550048828,1.0,334840.0054168536,281976.14991482085,-0.12707787048138353
2023-05-15 00:00:00+00:00,4150.0,4079.2460009765623,3987.045050048828,1.0,335811.02524889854,282793.86712095374,-0.12454643849631275
2023-05-16 00:00:00+00:00,4123.0,4080.6560009765626,3986.992550048828,1.0,333626.2306267973,280954.00340715476,-0.1302421604627222
2023-05-17 00:00:00+00:00,4171.5,4084.2910009765624,3987.247550048828,1.0,337550.76911464584,284258.94378194184,-0.12001095618972746
2023-05-18 00:00:00+00:00,4212.0,4088.6310009765625,3987.838800048828,1.0,340827.96104779775,287018.7393526403,-0.11146737324011313
2023-05-19 00:00:00+00:00,4204.75,4094.3260009765627,3988.0813000488283,1.0,340241.3032326039,286524.701873935,-0.11299678006442682
2023-05-22 00:00:00+00:00,4205.0,4101.171000976563,3988.345050048828,1.0,340261.53281243815,286541.73764906276,-0.11294404189807117
2023-05-23 00:00:00+00:00,4158.75,4107.211000976563,3988.4050500488283,1.0,336519.06054309796,283390.11925042566,-0.1227006026738654
2023-05-24 00:00:00+00:00,4126.0,4111.321000976563,3988.326300048828,1.0,333868.98558480846,281158.432708688,-0.12960930246645475
2023-05-25 00:00:00+00:00,4159.75,4116.661000976563,3988.502550048828,1.0,336599.9788624351,283458.26235093677,-0.1224896500084427
2023-05-26 00:00:00+00:00,4213.25,4121.716000976562,3988.5188000488283,1.0,340929.1089469691,287103.91822827916,-0.11120368240833489
2023-05-30 00:00:00+00:00,4215.0,4126.875,3988.545050048828,1.0,341070.71600580896,287223.16865417355,-0.11083451524384547
2023-05-31 00:00:00+00:00,4190.5,4131.025,3988.0925500488283,1.0,339088.21718205046,285553.66269165225,-0.11600285554669842
2023-06-01 00:00:00+00:00,4228.0,4134.87,3987.741300048828,1.0,342122.65415719105,288109.0289608175,-0.10809213059335199
2023-06-02 00:00:00+00:00,4288.0,4141.22,3987.642550048828,1.0,346977.7533174161,292197.6149914819,-0.09543497066799744
2023-06-05 00:00:00+00:00,4281.0,4147.28,3987.6638000488283,1.0,346411.3250820565,291720.61328790436,-0.09691163932595548
2023-06-06 00:00:00+00:00,4289.75,4153.05,3987.680050048828,1.0,347119.360376256,292316.8654173762,-0.09506580350350802
2023-06-07 00:00:00+00:00,4274.25,4158.39,3987.8938000488283,1.0,345865.1264265312,291260.64735945454,-0.09833556981755798
2023-06-08 00:00:00+00:00,4298.25,4164.325,3988.678800048828,1.0,347807.1660906212,292896.0817717203,-0.09327270584741609
2023-06-09 00:00:00+00:00,4304.75,4169.27,3989.5500500488283,1.0,348333.1351663122,293339.0119250423,-0.09190151352216946
2023-06-12 00:00:00+00:00,4342.75,4174.525,3990.5500500488283,1.0,351408.0313011214,295928.4497444631,-0.08388531223611162
2023-06-13 00:00:00+00:00,4371.75,4179.205,3991.403800048828,1.0,353754.66256189684,297904.59965928417,-0.07776768493885688
2023-06-14 00:00:00+00:00,4374.25,4183.615,3992.977550048828,1.0,353956.9583602396,298074.95741056185,-0.0772403032753004
2023-06-15 00:00:00+00:00,4426.5,4189.565,3994.9538000488283,1.0,358184.9405456022,301635.43441226543,-0.06621802650697095
2023-06-16 00:00:00+00:00,4453.35009765625,4196.287001953125,3997.2830505371094,1.0,360357.60532198247,303465.08331558737,-0.06055392683952865
2023-06-20 00:00:00+00:00,4434.75,4202.342001953125,3999.6743005371095,1.0,358852.51668013306,302197.61499148177,-0.0644776670172349
2023-06-21 00:00:00+00:00,4409.25,4207.802001953125,4001.8768005371094,1.0,356789.09953703743,300459.9659284494,-0.06985695998551056
2023-06-22 00:00:00+00:00,4423.75,4213.547001953125,4004.3730505371095,1.0,357962.4151674252,301448.04088586,-0.06679814633688308
2023-06-23 00:00:00+00:00,4389.0,4218.947001953125,4006.7655505371094,1.0,355150.5035704615,299080.0681431002,-0.07412875146031772
2023-06-26 00:00:00+00:00,4370.25,4222.897001953125,4008.7168005371095,1.0,353633.2850828912,297802.3850085176,-0.07808411393699088
2023-06-27 00:00:00+00:00,4418.75,4227.997001953125,4010.7830505371094,1.0,357557.8235707397,301107.3253833046,-0.06785290966399604
2023-06-28 00:00:00+00:00,4417.5,4232.812001953125,4012.534300537109,1.0,357456.6756715683,301022.14650766575,-0.0681166004957744
2023-06-29 00:00:00+00:00,4435.75,4237.927001953125,4014.159300537109,1.0,358933.43499947013,302265.7580919929,-0.0642667143518123
2023-06-30 00:00:00+00:00,4488.25,4244.122001953125,4016.9443005371095,1.0,363181.646764667,305843.2708688242,-0.0531916994171272
2023-07-03 00:00:00+00:00,4492.25,4250.917001953125,4019.6680505371096,1.0,363505.3200420154,306115.8432708685,-0.05234788875543672
2023-07-05 00:00:00+00:00,4483.75,4257.457001953125,4022.576800537109,1.0,362817.5143276502,305536.62691652443,-0.05414098641152865
2023-07-06 00:00:00+00:00,4447.0,4263.207001953125,4025.4556005859376,1.0,359843.76609201235,303032.3679727425,-0.06189349686580825
2023-07-07 00:00:00+00:00,4434.0,4270.022001953125,4028.0393505859374,1.0,358791.82794063026,302146.50766609854,-0.06463588151630173
2023-07-10 00:00:00+00:00,4444.25,4277.387001953125,4030.8968505859375,1.0,359621.24071383534,302844.97444633703,-0.06247361669572049
2023-07-11 00:00:00+00:00,4473.5,4283.782001953125,4034.2331005859373,1.0,361988.10155444505,304838.1601362859,-0.05630325123211011
2023-07-12 00:00:00+00:00,4507.5,4290.162001953125,4037.9106005859376,1.0,364739.3244119059,307155.0255536624,-0.04913086060774263
2023-07-13 00:00:00+00:00,4543.5,4297.317001953125,4042.0831005859377,1.0,367652.38390804094,309608.17717206106,-0.04153656465252986
2023-07-14 00:00:00+00:00,4536.75,4305.317001953125,4046.4168505859375,1.0,367106.1852525156,309148.2112436113,-0.04296049514413225
2023-07-17 00:00:00+00:00,4553.75,4314.242001953125,4050.8806005859374,1.0,368481.796681246,310306.64395229955,-0.03937429983194851
2023-07-18 00:00:00+00:00,4587.75,4324.482001953125,4055.1593505859373,1.0,371233.01953870687,312623.50936967606,-0.032201909207580925
2023-07-19 00:00:00+00:00,4597.0,4333.417001953125,4059.8731005859377,1.0,371981.5139925749,313253.83304940345,-0.030250597052422168
2023-07-20 00:00:00+00:00,4565.5,4341.672001953125,4064.6931005859374,1.0,369432.58693345677,311107.3253833047,-0.03689560601323316
2023-07-21 00:00:00+00:00,4564.75,4350.287001953125,4069.0656005859373,1.0,369371.89819395397,311056.2180579214,-0.037053820512300106
2023-07-24 00:00:00+00:00,4583.5,4358.917001953125,4072.9668505859377,1.0,370889.11668152426,312333.90119250404,-0.03309845803562694
2023-07-25 00:00:00+00:00,4596.0,4367.962001953125,4076.9768505859374,1.0,371900.5956732378,313185.6899488924,-0.03046154971784476
2023-07-26 00:00:00+00:00,4595.25,4377.107001953125,4081.1693505859375,1.0,371839.906933735,313134.5826235091,-0.030619764216911594
2023-07-27 00:00:00+00:00,4564.25,4385.392001953125,4085.7243505859374,1.0,369331.43903428543,311022.14650766586,-0.0371592968450114
2023-07-28 00:00:00+00:00,4606.5,4395.062001953125,4090.6306005859374,1.0,372750.2380262772,313901.19250425877,-0.02824654673090765
2023-07-31 00:00:00+00:00,4614.5,4403.922001953125,4095.7068505859374,1.0,373397.5845809739,314446.3373083473,-0.026558925407527023
2023-08-01 00:00:00+00:00,4601.25,4411.707001953125,4100.770600585937,1.0,372325.41684975754,313543.4412265756,-0.02935404822437604
2023-08-02 00:00:00+00:00,4537.25,4418.357001953125,4105.048100585937,1.0,367146.6444121842,309182.2827938669,-0.04285501881142084
2023-08-03 00:00:00+00:00,4521.75,4424.692001953125,4109.6693505859375,1.0,365892.4104624594,308126.06473594526,-0.0461247851254708
2023-08-04 00:00:00+00:00,4498.0,4431.477001953125,4113.713100585937,1.0,363970.6003782036,306507.66609880724,-0.05113491092925704
2023-08-07 00:00:00+00:00,4537.75,4439.712001953125,4117.738100585938,1.0,367187.1035718527,309216.3543441224,-0.042749542478709546
2023-08-08 00:00:00+00:00,4518.5,4446.887001953125,4121.7943505859375,1.0,365629.42592461384,307904.5996592843,-0.04681038128809423
2023-08-09 00:00:00+00:00,4485.75,4452.337001953125,4125.846850585937,1.0,362979.3509663243,305672.91311754665,-0.053719081080683684
2023-08-10 00:00:00+00:00,4485.75,4457.752001953125,4129.455600585938,1.0,362979.3509663243,305672.91311754665,-0.053719081080683684
2023-08-11 00:00:00+00:00,4480.75,4463.557001953125,4132.813100585938,1.0,362574.75936963886,305332.1976149912,-0.054773844407796535
2023-08-14 00:00:00+00:00,4506.0,4469.117001953125,4135.991850585938,1.0,364617.9469329002,307052.8109028958,-0.04944728960587674
2023-08-15 00:00:00+00:00,4454.0,4472.437001953125,4139.056850585937,1.0,360410.19432737184,303509.36967632006,-0.06041682820785055
2023-08-16 00:00:00+00:00,4420.0,4475.217001953125,4142.059350585938,1.0,357658.97146991093,301192.50425894355,-0.06758921883221825
2023-08-17 00:00:00+00:00,4384.5,4477.112001953125,4144.425600585938,1.0,354786.3711334445,298773.42419080046,-0.07507803845471961
2023-08-18 00:00:00+00:00,4382.75,4479.282001953125,4146.924350585938,1.0,354644.76407460455,298654.17376490607,-0.07544720561920915
2023-08-21 00:00:00+00:00,4412.5,4481.567001953125,4149.656850585938,1.0,357052.08407488285,300681.43100511044,-0.06917136382288736
2023-08-22 00:00:00+00:00,4399.25,4483.457001953125,4152.809350585938,1.0,355979.91634366644,299778.53492333874,-0.0719664866397367
2023-08-23 00:00:00+00:00,4447.0,4485.542001953125,4156.4056005859375,1.0,359843.7660920122,303032.36797274253,-0.061893496865808584
2023-08-24 00:00:00+00:00,4386.0,4485.827001953125,4159.438100585938,1.0,354907.7486124501,298875.6388415671,-0.07476160945658572
2023-08-25 00:00:00+00:00,4414.25,4486.627001953125,4162.433100585938,1.0,357193.6911337227,300800.6814310049,-0.06880219665839793
2023-08-28 00:00:00+00:00,4442.25,4486.942001953125,4165.4681005859375,1.0,359459.40407516103,302708.6882453149,-0.06289552202656601
2023-08-29 00:00:00+00:00,4506.75,4488.01,4169.224350585938,1.0,364678.635672403,307103.91822827916,-0.0492890751068098
2023-08-30 00:00:00+00:00,4524.25,4489.8,4172.040600585938,1.0,366094.70626080193,308296.4224872229,-0.045597403461914765
2023-08-31 00:00:00+00:00,4516.0,4491.935,4174.619350585937,1.0,365427.130126271,307734.2419080065,-0.04733776295165104
2023-09-01 00:00:00+00:00,4521.5,4493.89,4177.3968505859375,1.0,365872.18088262493,308109.0289608174,-0.046177523291826894
2023-09-05 00:00:00+00:00,4502.5,4496.16,4179.911850585938,1.0,364334.73281522037,306814.310051107,-0.050185623934855705
2023-09-06 00:00:00+00:00,4471.5,4498.185,4182.426850585937,1.0,361826.26491577073,304701.8739352637,-0.056725156562955625
2023-09-07 00:00:00+00:00,4456.25,4498.935,4184.931850585937,1.0,360592.2605458802,303662.69165246986,-0.05994218471064994
2023-09-08 00:00:00+00:00,4461.75,4499.82,4187.370600585938,1.0,361037.31130223407,304037.47870528075,-0.05878194505082601
2023-09-11 00:00:00+00:00,4490.25,4500.91,4190.031850585938,1.0,363343.483403341,305979.5570698463,-0.05276979408628257
2023-09-12 00:00:00+00:00,4465.0,4500.445,4192.305600585937,1.0,361300.2958400796,304258.9437819417,-0.05809634888820259
2023-09-13 00:00:00+00:00,4468.75,4499.975,4194.484350585937,1.0,361603.7395375937,304514.4804088582,-0.057305276392867976
2023-09-14 00:00:00+00:00,4506.0,4500.42,4196.851850585937,1.0,364617.9469329,307052.8109028957,-0.04944728960587719
2023-09-15 00:00:00+00:00,4491.72021484375,4501.314404296875,4199.459201660156,1.0,363462.45071756165,306079.74206771684,-0.05245964834624972
2023-09-18 00:00:00+00:00,4501.5,4502.664404296875,4202.156701660157,1.0,364253.8144958832,306746.1669505959,-0.05039657660027863
2023-09-19 00:00:00+00:00,4490.0,4503.579404296875,4204.200451660156,1.0,363323.2538235067,305962.52129471855,-0.05282253225263822
2023-09-20 00:00:00+00:00,4447.0,4503.049404296875,4206.0267016601565,1.0,359843.76609201205,303032.36797274236,-0.06189349686580903
2023-09-21 00:00:00+00:00,4372.0,4500.339404296875,4207.509201660157,1.0,353774.89214173076,297921.6354344119,-0.07771494677250224
2023-09-22 00:00:00+00:00,4361.0,4496.689404296875,4209.297951660156,1.0,352884.7906290228,297172.0613287901,-0.08003542609215053
2023-09-25 00:00:00+00:00,4378.75,4493.529404296875,4211.466701660156,1.0,354321.09079725604,298381.60136286163,-0.07629101628089996
2023-09-26 00:00:00+00:00,4314.75,4488.749404296875,4213.356701660156,1.0,349142.3183596827,294020.442930153,-0.08979198686794465
2023-09-27 00:00:00+00:00,4313.5,4483.264404296875,4215.095451660156,1.0,349041.17046051135,293935.2640545142,-0.09005567769972289
2023-09-28 00:00:00+00:00,4337.5,4478.074404296875,4217.101701660156,1.0,350983.2101246013,295570.6984667799,-0.08499281372958112
2023-09-29 00:00:00+00:00,4325.5,4473.274404296875,4218.770451660156,1.0,350012.1902925563,294752.981260647,-0.08752424571465212
2023-10-02 00:00:00+00:00,4324.25,4468.464404296875,4220.280451660156,1.0,349911.0423933849,294667.8023850082,-0.08778793654643036
2023-10-03 00:00:00+00:00,4264.75,4462.089404296875,4221.614201660156,1.0,345096.4023928285,290613.28790459933,-0.10033962013907338
2023-10-04 00:00:00+00:00,4297.75,4456.124404296875,4223.617951660156,1.0,347766.70693095226,292862.01022146473,-0.09337818218012839
2023-10-05 00:00:00+00:00,4290.75,4450.034404296875,4225.7143518066405,1.0,347200.27869559266,292385.0085178872,-0.09485485083808654
2023-10-06 00:00:00+00:00,4341.5,4445.579404296875,4228.194351806641,1.0,351306.88340194966,295843.2708688242,-0.08414900306789086
2023-10-09 00:00:00+00:00,4368.75,4440.824404296875,4230.791851806641,1.0,353511.9076038852,297700.1703577509,-0.07840054293512555
2023-10-10 00:00:00+00:00,4391.5,4436.364404296875,4233.220601806641,1.0,355352.79936880386,299250.4258943778,-0.07360136979676213
2023-10-11 00:00:00+00:00,4409.75,4432.534404296875,4236.023101806641,1.0,356829.5586967056,300494.0374787049,-0.06975148365280015
2023-10-12 00:00:00+00:00,4380.5,4429.399404296875,4238.576851806641,1.0,354462.69785609597,298500.85178875603,-0.07592184911641031
2023-10-13 00:00:00+00:00,4357.25,4426.109404296875,4241.08810180664,1.0,352581.3469315087,296916.52470187354,-0.08082649858748536
2023-10-16 00:00:00+00:00,4401.0,4424.169404296875,4244.055601806641,1.0,356121.52340250614,299897.785349233,-0.07159731947524772
2023-10-17 00:00:00+00:00,4401.75,4421.449404296875,4246.7056018066405,1.0,356182.212142009,299948.8926746163,-0.07143910497618067
2023-10-18 00:00:00+00:00,4342.25,4417.924404296875,4249.1118518066405,1.0,351367.5721414525,295894.3781942075,-0.0839907885688238
2023-10-19 00:00:00+00:00,4303.0,4414.269404296875,4251.39685180664,1.0,348191.52810747194,293219.76149914786,-0.09227068068666
2023-10-20 00:00:00+00:00,4248.5,4409.524404296875,4253.26685180664,1.0,343781.47970360087,289505.96252129436,-0.10376760095219029
2023-10-23 00:00:00+00:00,4241.75,4404.744404296875,4255.3306018066405,1.0,343235.2810480755,289045.99659284466,-0.10519153144379267
2023-10-24 00:00:00+00:00,4271.25,4400.049404296875,4257.109351806641,1.0,345622.37146851944,291056.2180579213,-0.09896842781382698
2023-10-25 00:00:00+00:00,4209.75,4395.164404296875,4258.5893518066405,1.0,340645.8948292888,286865.4173764903,-0.11194201673731519
2023-10-26 00:00:00+00:00,4156.5,4389.894404296875,4259.668101806641,1.0,336336.9943245891,283236.7972742757,-0.12317524617106734
2023-10-27 00:00:00+00:00,4137.75,4384.959404296875,4260.406851806641,1.0,334819.77583701874,281959.11413969303,-0.12713060864774073
2023-10-30 00:00:00+00:00,4185.75,4381.019404296875,4261.318101806641,1.0,338703.85516519874,285229.98296422453,-0.11700488070745718
2023-10-31 00:00:00+00:00,4212.25,4377.014404296875,4262.288101806641,1.0,340848.1906276315,287035.775127768,-0.11141463507375882
2023-11-01 00:00:00+00:00,4256.0,4374.149404296875,4263.520601806641,1.0,344388.36709862895,290017.0357751275,-0.10218545596152107
2023-11-02 00:00:00+00:00,4335.75,4371.924404296875,4265.470601806641,1.0,350841.6030657614,295451.44804088556,-0.08536198089407077
2023-11-03 00:00:00+00:00,4376.0,4371.724404296875,4267.773101806641,1.0,354098.565419079,298194.2078364562,-0.0768711361108122
2023-11-06 00:00:00+00:00,4384.25,4371.124404296875,4269.751851806641,1.0,354766.1415536099,298756.3884156725,-0.07513077662107592
2023-11-07 00:00:00+00:00,4396.0,4370.199404296875,4271.5493518066405,1.0,355716.9318058206,299557.06984667765,-0.0726520828023608
2023-11-08 00:00:00+00:00,4399.5,4368.054404296875,4273.38310180664,1.0,356000.14592350036,299795.5706984663,-0.07191374847338194
2023-11-09 00:00:00+00:00,4362.25,4364.814404296875,4275.03435180664,1.0,352985.93852819403,297257.2402044289,-0.07977173526037273
2023-11-10 00:00:00+00:00,4430.5,4363.104404296875,4276.809351806641,1.0,358508.61382295005,301908.0068143097,-0.06537421584528191
2023-11-13 00:00:00+00:00,4425.25,4361.179404296875,4278.514351806641,1.0,358083.7926464303,301550.25553662656,-0.06648171733875052
2023-11-14 00:00:00+00:00,4511.0,4361.349404296875,4280.906851806641,1.0,365022.53852958523,307393.52640545106,-0.04839252627876478
2023-11-15 00:00:00+00:00,4519.25,4362.304404296875,4283.05310180664,1.0,365690.1146641162,307955.70698466746,-0.046652166789028504
2023-11-16 00:00:00+00:00,4523.25,4363.644404296875,4285.00810180664,1.0,366013.7879414645,308228.2793867118,-0.045808356127338246
2023-11-17 00:00:00+00:00,4527.5,4364.959404296875,4286.688101806641,1.0,366357.6907986471,308517.88756388385,-0.04491180729929223
2023-11-20 00:00:00+00:00,4562.25,4366.399404296875,4288.760601806641,1.0,369169.60239561077,310885.8603066436,-0.03758120217585781
2023-11-21 00:00:00+00:00,4551.25,4368.124404296875,4290.899351806641,1.0,368279.5008829028,310136.2862010218,-0.039901681495506214
2023-11-22 00:00:00+00:00,4567.25,4370.094404296875,4292.85685180664,1.0,369574.1939922962,311226.575809199,-0.03652643884874496
2023-11-23 00:00:00+00:00,4569.5,4371.364404296875,4295.051851806641,1.0,369756.2602108046,311379.89778534893,-0.036051795351544236
2023-11-24 00:00:00+00:00,4568.25,4372.895,4297.434351806641,1.0,369655.11231163325,311294.71890971006,-0.036315486183322476
2023-11-27 00:00:00+00:00,4561.0,4374.085,4299.74060180664,1.0,369068.45449643943,310800.6814310048,-0.03784489300763605
2023-11-28 00:00:00+00:00,4563.0,4375.545,4301.819351806641,1.0,369230.29113511357,310936.96763202694,-0.037422987676790975
2023-11-29 00:00:00+00:00,4559.25,4377.79,4303.88810180664,1.0,368926.84743759944,310681.4310051104,-0.03821406017212581
2023-11-30 00:00:00+00:00,4576.75,4381.885,4305.980601806641,1.0,370342.9180259984,311873.93526405416,-0.03452238852723066
2023-12-01 00:00:00+00:00,4600.75,4386.68,4308.48560180664,1.0,372284.9576900884,313509.3696763199,-0.02945952455708889
2023-12-04 00:00:00+00:00,4576.5,4390.635,4310.930601806641,1.0,370322.68844616413,311856.89948892634,-0.03457512669358631
2023-12-05 00:00:00+00:00,4575.0,4395.84,4313.7768518066405,1.0,370201.3109671585,311754.6848381597,-0.0348915556917202
2023-12-06 00:00:00+00:00,4556.0,4400.69,4316.56185180664,1.0,368663.8628997539,310459.96592844935,-0.03889965633474912
2023-12-07 00:00:00+00:00,4589.5,4405.73,4319.415601806641,1.0,371374.6265975462,312742.75979557034,-0.03183274204309294
2023-12-08 00:00:00+00:00,4607.5,4411.37,4322.574351806641,1.0,372831.15634561377,313969.33560476964,-0.02803559406548639
2023-12-11 00:00:00+00:00,4626.0,4417.405,4325.764351806641,1.0,374328.1452533498,315229.9829642245,-0.024132969755168876
2023-12-12 00:00:00+00:00,4645.75,4425.025,4329.11560180664,1.0,375926.28206025716,316575.8091993182,-0.01996665461307312
2023-12-13 00:00:00+00:00,4708.25,4433.235,4332.87435180664,1.0,380983.6770188249,320834.7529812602,-0.006782113024162206
2023-12-14 00:00:00+00:00,4721.75,4441.855,4336.559351806641,1.0,382076.0743298756,321754.68483815977,-0.00393425204095732
2023-12-15 00:00:00+00:00,4694.27001953125,4448.910400390625,4339.781951904297,1.0,379852.44049492845,319882.11376703536,-0.009731227166600354
2023-12-18 00:00:00+00:00,4793.0,4457.395400390625,4343.484451904297,1.0,387841.5045826428,326609.8807495737,0.0
2023-12-19 00:00:00+00:00,4820.25,4465.970400390625,4347.636951904296,1.0,390046.5287845784,328466.78023850045,0.0
2023-12-20 00:00:00+00:00,4749.75,4472.770400390625,4351.410701904297,1.0,384341.78727131395,323662.69165246974,-0.014625797417146424
2023-12-21 00:00:00+00:00,4796.75,4481.095400390625,4355.794451904297,1.0,388144.9482801569,326865.4173764902,-0.004875265805715512
2023-12-22 00:00:00+00:00,4805.25,4490.055400390625,4360.506951904297,1.0,388832.7539945221,327444.63373083435,-0.003111871790882237
2023-12-26 00:00:00+00:00,4825.0,4498.535400390625,4365.348201904297,1.0,390430.8908014295,328790.45996592805,0.0
2023-12-27 00:00:00+00:00,4833.5,4507.170400390625,4369.913201904297,1.0,391118.6965157948,329369.6763202722,0.0
2023-12-28 00:00:00+00:00,4832.25,4516.970400390625,4374.610701904297,1.0,391017.5486166234,329284.4974446334,-0.00025861177200792174
2023-12-29 00:00:00+00:00,4820.0,4527.310400390625,4378.908201904297,1.0,390026.2992047441,328449.74446337274,-0.002793007137685044
2024-01-02 00:00:00+00:00,4787.25,4538.085400390625,4383.059201660156,1.0,387376.22424645466,326218.0579216351,-0.009568635564290884
2024-01-03 00:00:00+00:00,4746.5,4548.180400390625,4386.876701660156,1.0,384078.8027334685,323441.2265758089,-0.017999379331747223
2024-01-04 00:00:00+00:00,4729.5,4557.345400390625,4390.345451660156,1.0,382703.19130473805,322282.7938671207,-0.02151649943105416
2024-01-05 00:00:00+00:00,4734.75,4567.845400390625,4394.166701660156,1.0,383128.0124812577,322640.54514480376,-0.020430329988621154
2024-01-08 00:00:00+00:00,4801.25,4580.740400390625,4398.282951660156,1.0,388509.08071717375,327172.06132879015,-0.006672183717802982
2024-01-09 00:00:00+00:00,4792.75,4593.840400390625,4402.240451660156,1.0,387821.27500280854,326592.844974446,-0.00843074376745645
2024-01-10 00:00:00+00:00,4820.25,4606.530400390625,4406.305451660156,1.0,390046.5287845783,328466.7802385005,-0.002741284783283615
2024-01-11 00:00:00+00:00,4815.5,4618.595400390625,4410.375451660157,1.0,389662.1667677272,328143.1005110729,-0.003724009516913429
2024-01-12 00:00:00+00:00,4816.5,4629.805400390625,4414.170451660157,1.0,389743.0850870643,328211.243611584,-0.0035171200993070473
2024-01-16 00:00:00+00:00,4798.5,4639.060400390625,4417.762951660156,1.0,388286.5553389968,326984.6678023847,-0.007241129616220254
2024-01-17 00:00:00+00:00,4771.25,4646.965400390625,4420.930451660156,1.0,386081.53113706125,325127.76831345796,-0.01287886624599166
2024-01-18 00:00:00+00:00,4811.25,4655.505400390625,4424.217951660156,1.0,389318.26391054457,327853.4923339008,-0.004603289541740163
2024-01-19 00:00:00+00:00,4869.5,4664.975400390625,4427.920451660157,1.0,394031.75601192977,331822.8279386709,0.0
2024-01-22 00:00:00+00:00,4881.0,4674.605400390625,4431.739201660156,1.0,394962.3166843062,332606.47359454824,0.0
2024-01-23 00:00:00+00:00,4895.0,4685.260400390625,4435.554201660157,1.0,396095.17315502535,333560.4770017033,0.0
2024-01-24 00:00:00+00:00,4898.0,4694.610400390625,4439.362951660156,1.0,396337.9281130366,333764.90630323655,0.0
2024-01-25 00:00:00+00:00,4923.25,4704.570400390625,4443.296701660156,1.0,398381.11567629804,335485.51959114114,0.0
2024-01-26 00:00:00+00:00,4916.25,4712.675400390625,4447.282951660156,1.0,397814.68744093843,335008.5178875637,-0.0014218250139643729
2024-01-29 00:00:00+00:00,4954.5,4721.380400390625,4451.1917016601565,1.0,400909.8131555818,337614.9914821122,0.0
2024-01-30 00:00:00+00:00,4951.0,4729.935400390625,4455.127951660156,1.0,400626.5990379021,337376.4906303234,-0.0007064284993438807
2024-01-31 00:00:00+00:00,4870.5,4736.795400390625,4458.596701660156,1.0,394112.6743312668,331890.97103918204,-0.01695428398425669
2024-02-01 00:00:00+00:00,4928.5,4744.120400390625,4462.3392016601565,1.0,398805.93685281766,335843.2708688242,-0.005247754566555685
2024-02-02 00:00:00+00:00,4980.25,4752.700400390625,4466.3479516601565,1.0,402993.4598785117,339369.6763202723,0.0
2024-02-05 00:00:00+00:00,4962.0,4760.595400390625,4470.395451660156,1.0,401516.70055060997,338126.06473594526,-0.0036644746749661117
2024-02-06 00:00:00+00:00,4974.75,4768.700400390625,4474.485451660156,1.0,402548.4091221577,338994.88926746143,-0.001104362230811784
2024-02-07 00:00:00+00:00,5015.25,4777.640400390625,4478.764201660157,1.0,405825.60105530964,341754.6848381598,0.0
2024-02-08 00:00:00+00:00,5017.75,4786.775400390625,4483.386701660156,1.0,406027.8968536523,341925.0425894375,0.0
2024-02-09 00:00:00+00:00,5044.0,4796.395400390625,4488.226701660156,1.0,408152.0027362508,343713.7989778532,0.0
2024-02-12 00:00:00+00:00,5041.25,4806.035400390625,4492.664201660156,1.0,407929.4773580738,343526.4054514478,-0.0005452022204599505
2024-02-13 00:00:00+00:00,4971.25,4813.925400390625,4496.577951660156,1.0,402265.1950044779,338756.38841567264,-0.014423076923076983
2024-02-14 00:00:00+00:00,5018.0,4822.270400390625,4500.739201660156,1.0,406048.1264334865,341942.07836456527,-0.005154639175258047
2024-02-15 00:00:00+00:00,5046.5,4831.670400390625,4505.287951660156,1.0,408354.2985345934,343884.1567291309,0.0
2024-02-16 00:00:00+00:00,5019.75,4840.565400390625,4509.849201660156,1.0,406189.73349232646,342061.32879045967,-0.00530070345784206
2024-02-20 00:00:00+00:00,4991.5,4849.275400390625,4514.427951660156,1.0,403903.7909710538,340136.2862010218,-0.010898642623600518
2024-02-21 00:00:00+00:00,4996.25,4857.410400390625,4518.657951660156,1.0,404288.152987905,340459.9659284494,-0.009957396215198533
2024-02-22 00:00:00+00:00,5097.75,4867.215400390625,4523.382951660156,1.0,412501.3624006191,347376.49063032336,0.0
2024-02-23 00:00:00+00:00,5101.5,4876.725400390625,4528.220451660156,1.0,412804.80609813315,347632.02725723985,0.0
2024-02-26 00:00:00+00:00,5080.25,4885.415400390625,4532.8617016601565,1.0,411085.2918122202,346183.9863713796,-0.004165441536802761
2024-02-27 00:00:00+00:00,5090.0,4893.050400390625,4537.592951660156,1.0,411874.2454257568,346848.38160136255,-0.002254238949328413
2024-02-28 00:00:00+00:00,5081.0,4900.235400390625,4542.3079516601565,1.0,411145.98055172304,346235.0936967629,-0.004018425953150717
2024-02-29 00:00:00+00:00,5103.75,4908.425,4547.076701660157,1.0,412986.8723166417,347785.34923338983,0.0
2024-03-01 00:00:00+00:00,5146.0,4915.485,4552.1917016601565,1.0,416405.67130863346,350664.3952299827,0.0
2024-03-04 00:00:00+00:00,5138.25,4921.845,4557.025451660156,1.0,415778.55433377106,350136.2862010218,-0.001506024096385561
2024-03-05 00:00:00+00:00,5085.75,4928.565,4561.394201660156,1.0,411530.3425685742,346558.77342419047,-0.01170812281383593
2024-03-06 00:00:00+00:00,5111.75,4934.865,4565.929201660157,1.0,413634.21887133835,348330.4940374784,-0.0066556548775748015
2024-03-07 00:00:00+00:00,5161.75,4941.995,4570.712951660156,1.0,417680.13483819255,351737.64906303206,0.0
2024-03-08 00:00:00+00:00,5129.0,4948.075,4575.564201660156,1.0,415030.05987990304,349505.9625212944,-0.006344747420932828
2024-03-11 00:00:00+00:00,5123.0,4953.865,4580.5492016601565,1.0,414544.54996388056,349097.10391822795,-0.007507143894996848
2024-03-12 00:00:00+00:00,5177.25,4960.765,4585.636701660156,1.0,418934.3687879173,352793.8671209537,0.0
2024-03-13 00:00:00+00:00,5168.0,4967.725,4590.4104516601565,1.0,418185.8743340493,352163.54344122624,-0.0017866628036119492
2024-03-14 00:00:00+00:00,5153.75,4975.055,4595.104201660156,1.0,417032.7882834958,351192.50425894343,-0.004539089284852027
2024-03-15 00:00:00+00:00,5101.669921875,4982.1583984375,4599.660051269531,1.0,412818.5558906768,347643.606260647,-0.014598498841083662
2024-03-18 00:00:00+00:00,5214.75,4991.8633984375,4604.5938012695315,1.0,421968.8057630579,355349.23339011887,0.0
2024-03-19 00:00:00+00:00,5241.75,5002.0033984375,4609.362551269532,1.0,424153.6003851592,357189.09710391785,0.0
2024-03-20 00:00:00+00:00,5286.75,5011.7133984375,4614.391301269531,1.0,427794.924755328,360255.5366269162,0.0
2024-03-21 00:00:00+00:00,5302.5,5021.9083984375,4619.455051269531,1.0,429069.38828488707,361328.79045996565,0.0
2024-03-22 00:00:00+00:00,5293.25,5031.3683984375,4624.550051269532,1.0,428320.89383101906,360698.4667802382,-0.0017444601603017196
2024-03-25 00:00:00+00:00,5278.25,5040.6233984375,4629.450051269531,1.0,427107.1190409628,359676.3202725721,-0.004573314474304646
2024-03-26 00:00:00+00:00,5265.25,5049.5983984375,4634.252551269531,1.0,426055.1808895807,358790.45996592817,-0.007024988213107042
2024-03-27 00:00:00+00:00,5308.25,5059.7933984375,4639.080051269531,1.0,429534.66862107534,361720.61328790436,0.0
2024-03-28 00:00:00+00:00,5308.5,5070.5383984375,4643.7638012695315,1.0,429554.89820090967,361737.6490630321,0.0
2024-04-01 00:00:00+00:00,5295.25,5080.2183984375,4648.368801269531,1.0,428482.73046969326,360834.7529812604,-0.0024959969859660314
2024-04-02 00:00:00+00:00,5260.5,5088.0383984375,4652.538801269531,1.0,425670.81887272955,358466.7802385006,-0.009042102288782328
2024-04-03 00:00:00+00:00,5266.5,5095.7483984375,4656.60455078125,1.0,426156.3287887521,358875.63884156704,-0.007911839502684481
2024-04-04 00:00:00+00:00,5197.25,5101.7933984375,4660.41705078125,1.0,420552.735174659,354156.7291311752,-0.020956955825563006
2024-04-05 00:00:00+00:00,5253.0,5108.8933984375,4664.63580078125,1.0,425063.9314777014,357955.7069846675,-0.01045493077140458
2024-04-08 00:00:00+00:00,5253.25,5115.4933984375,4668.78330078125,1.0,425084.1610575357,357972.74275979534,-0.010407836488650513
2024-04-09 00:00:00+00:00,5260.25,5122.3733984375,4673.13955078125,1.0,425650.5892928953,358449.74446337286,-0.009089196571536395
2024-04-10 00:00:00+00:00,5207.75,5127.4383984375,4677.32705078125,1.0,421402.3775276983,354872.2316865415,-0.018978995949892052
2024-04-11 00:00:00+00:00,5243.25,5133.2833984375,4681.44955078125,1.0,424274.9778641648,357291.3117546846,-0.012291607798813553
2024-04-12 00:00:00+00:00,5167.5,5139.2233984375,4685.19955078125,1.0,418145.4151743807,352129.47189097083,-0.026561175473297838
2024-04-15 00:00:00+00:00,5104.0,5142.7333984375,4688.54080078125,1.0,413007.1018964759,347802.38500851765,-0.038523123292832584
2024-04-16 00:00:00+00:00,5092.5,5144.9783984375,4691.56205078125,1.0,412076.5412240994,347018.73935264035,-0.04068946029952003
2024-04-17 00:00:00+00:00,5062.25,5146.9833984375,4694.41205078125,1.0,409628.7620641526,344957.4105621804,-0.046387868512763
2024-04-18 00:00:00+00:00,5049.0,5148.4683984375,4697.23830078125,1.0,408556.5943329362,344054.5144804087,-0.04888386549872892
2024-04-19 00:00:00+00:00,5003.75,5148.2383984375,4700.02205078125,1.0,404895.04038293316,340971.0391822826,-0.05740793067721628
2024-04-22 00:00:00+00:00,5047.5,5148.8333984375,4703.08955078125,1.0,408435.2168539305,343952.299829642,-0.049166431195253546
2024-04-23 00:00:00+00:00,5106.5,5150.0833984375,4706.40080078125,1.0,413209.3976948185,347972.7427597953,-0.03805218046529202
2024-04-24 00:00:00+00:00,5107.5,5151.4083984375,4709.57080078125,1.0,413290.31601415557,348040.8858603064,-0.03786380333427575
2024-04-25 00:00:00+00:00,5082.25,5153.6283984375,4712.44455078125,1.0,411247.1284508942,346320.2725724018,-0.04262032589243725
2024-04-26 00:00:00+00:00,5131.5,5155.8983984375,4715.38455078125,1.0,415232.35567824554,349676.3202725721,-0.033342752189884806
2024-04-29 00:00:00+00:00,5147.0,5157.9083984375,4718.43580078125,1.0,416486.58962797036,350732.5383304938,-0.030422906659132165
2024-04-30 00:00:00+00:00,5067.0,5158.8533984375,4721.00205078125,1.0,410013.1240810037,345281.09028960794,-0.0454930771404356
2024-05-01 00:00:00+00:00,5046.5,5159.9533984375,4723.29580078125,1.0,408354.2985345934,343884.15672913095,-0.04935480832626982
2024-05-02 00:00:00+00:00,5091.5,5161.8583984375,4725.76830078125,1.0,411995.6229047622,346950.59625212924,-0.04087783743053652
2024-05-03 00:00:00+00:00,5154.75,5162.9983984375,4728.71455078125,1.0,417113.70660283277,351260.6473594546,-0.028962983893755845
2024-05-06 00:00:00+00:00,5206.5,5165.0983984375,4731.92330078125,1.0,421301.22962852684,354787.0528109027,-0.019214467363662724
2024-05-07 00:00:00+00:00,5213.75,5167.7683984375,4735.07455078125,1.0,421887.8874437207,355281.090289608,-0.01784873316379454
2024-05-08 00:00:00+00:00,5212.75,5170.2233984375,4738.15830078125,1.0,421806.96912438364,355212.94718909694,-0.01803711029481081
2024-05-09 00:00:00+00:00,5239.0,5173.3833984375,4741.37705078125,1.0,423931.0750069821,357001.7035775126,-0.013092210605633037
2024-05-10 00:00:00+00:00,5246.25,5176.2333984375,4744.78705078125,1.0,424517.732822176,357495.7410562179,-0.01172647640576474
2024-05-13 00:00:00+00:00,5245.5,5178.2233984375,4747.98205078125,1.0,424457.0440826732,357444.63373083464,-0.011867759254026944
2024-05-14 00:00:00+00:00,5269.5,5180.8483984375,4751.25705078125,1.0,426399.0837467633,359080.0681431004,-0.007346708109635669
2024-05-15 00:00:00+00:00,5333.0,5185.7933984375,4754.91580078125,1.0,431537.3970246681,363407.1550255536,0.0
2024-05-16 00:00:00+00:00,5320.25,5189.9633984375,4758.83080078125,1.0,430505.68845312035,362538.3304940374,-0.0023907744234012984
2024-05-17 00:00:00+00:00,5327.25,5193.2733984375,4762.85830078125,1.0,431072.11668847996,363015.33219761495,-0.0010781923870240018
2024-05-20 00:00:00+00:00,5331.75,5197.3283984375,4767.02705078125,1.0,431436.24912549683,363321.9761499147,-0.0002343896493529618
2024-05-21 00:00:00+00:00,5345.25,5201.7733984375,4771.06455078125,1.0,432528.64643654745,364241.9080068142,0.0
2024-05-22 00:00:00+00:00,5328.0,5204.7883984375,4775.11205078125,1.0,431132.80542798276,363066.4395229982,-0.003227164304756558
2024-05-23 00:00:00+00:00,5285.25,5207.1333984375,4779.10955078125,1.0,427673.5472763224,360153.3219761498,-0.011224919320892424
2024-05-24 00:00:00+00:00,5321.5,5210.4883984375,4783.28830078125,1.0,430606.83635229163,362623.5093696762,-0.004443197231186802
2024-05-28 00:00:00+00:00,5324.75,5214.95,4787.50830078125,1.0,430869.82089013717,362844.97444633715,-0.0038351807679717353
2024-05-29 00:00:00+00:00,5284.0,5216.335,4791.39830078125,1.0,427572.399377151,360068.1431005109,-0.011458771806744483
2024-05-30 00:00:00+00:00,5253.0,5216.56,4795.39330078125,1.0,425063.9314777014,357955.7069846676,-0.017258313455872143
2024-05-31 00:00:00+00:00,5295.5,5216.735,4799.77080078125,1.0,428502.96004952746,360851.78875638824,-0.009307328936906778
2024-06-03 00:00:00+00:00,5297.25,5216.63,4804.33455078125,1.0,428644.56710836734,360971.0391822826,-0.008979935456714161
2024-06-04 00:00:00+00:00,5304.0,5216.845,4808.94080078125,1.0,429190.7657638927,361431.00511073234,-0.007717132033113638
2024-06-05 00:00:00+00:00,5366.0,5218.6,4813.70830078125,1.0,434207.70156279183,365655.8773424189,0.0
2024-06-06 00:00:00+00:00,5364.0,5220.575,4818.53205078125,1.0,434045.86492411763,365519.5911413967,-0.00037271710771535904
2024-06-07 00:00:00+00:00,5355.75,5221.525,4823.07580078125,1.0,433378.28878958675,364957.4105621804,-0.0019101751770406183
2024-06-10 00:00:00+00:00,5371.25,5222.78,4828.00205078125,1.0,434632.5227393115,366013.628620102,0.0
2024-06-11 00:00:00+00:00,5384.0,5224.555,4832.85080078125,1.0,435664.2313108593,366882.4531516182,0.0
2024-06-12 00:00:00+00:00,5427.5,5227.895,4837.77705078125,1.0,439184.1782020225,369846.6780238499,0.0
2024-06-13 00:00:00+00:00,5438.5,5231.335,4842.43580078125,1.0,440074.2797147304,370596.2521294717,0.0
2024-06-14 00:00:00+00:00,5437.5,5236.14,4847.00205078125,1.0,439993.36139539327,370528.1090289607,-0.0001838742300267482
2024-06-17 00:00:00+00:00,5478.5,5240.65,4851.81455078125,1.0,443311.0124882138,373321.97614991467,0.0
2024-06-18 00:00:00+00:00,5491.0,5245.405,4856.66205078125,1.0,444322.49147992727,374173.7649063031,0.0
2024-06-20 00:00:00+00:00,5476.75,5249.735,4861.53330078125,1.0,443169.40542937384,373202.7257240203,-0.002595155709342545
2024-06-21 00:00:00+00:00,5471.89013671875,5255.017802734375,4866.535251464844,1.0,442776.1534604471,372871.559571976,-0.0034802154946730335
2024-06-24 00:00:00+00:00,5517.0,5260.492802734375,4871.839001464844,1.0,446426.36778269155,375945.485519591,0.0
2024-06-25 00:00:00+00:00,5537.0,5267.882802734375,4877.215251464844,1.0,448044.73416943324,377308.3475298125,0.0
2024-06-26 00:00:00+00:00,5543.5,5276.672802734375,4882.481501464844,1.0,448570.7032451242,377751.2776831344,0.0
2024-06-27 00:00:00+00:00,5546.0,5285.742802734375,4887.886501464844,1.0,448772.999043467,377921.63543441216,0.0
2024-06-28 00:00:00+00:00,5521.5,5294.927802734375,4893.150251464844,1.0,446790.5002197084,376252.12947189086,-0.004417598269022771
2024-07-01 00:00:00+00:00,5533.75,5304.622802734375,4898.289001464844,1.0,447781.7496315877,377086.88245315145,-0.00220879913451133
2024-07-02 00:00:00+00:00,5568.75,5315.922802734375,4903.674150390625,1.0,450613.8908083856,379471.890971039,0.0
2024-07-03 00:00:00+00:00,5590.25,5326.777802734375,4909.117900390625,1.0,452353.6346741329,380936.9676320271,0.0
2024-07-05 00:00:00+00:00,5621.5,5337.077802734375,4914.775400390625,1.0,454882.33215341676,383066.4395229981,0.0
2024-07-08 00:00:00+00:00,5625.25,5347.432802734375,4920.666650390625,1.0,455185.7758509309,383321.97614991467,0.0
2024-07-09 00:00:00+00:00,5631.25,5358.412802734375,4926.962900390625,1.0,455671.28576695337,383730.8347529811,0.0
2024-07-10 00:00:00+00:00,5688.0,5369.542802734375,4933.597900390625,1.0,460263.40038933285,387597.95570698444,0.0
2024-07-11 00:00:00+00:00,5639.75,5379.397802734375,4939.902900390625,1.0,456359.0914813186,384310.0511073251,-0.008482770745428914
2024-07-12 00:00:00+00:00,5664.75,5391.352802734375,4946.652900390625,1.0,458382.04946474574,386013.628620102,-0.004087552742615852
2024-07-15 00:00:00+00:00,5683.0,5404.082802734375,4953.500400390625,1.0,459858.80879264744,387257.2402044291,-0.0008790436005625679
2024-07-16 00:00:00+00:00,5717.25,5416.597802734375,4960.399150390625,1.0,462630.26122994255,389591.14139693335,0.0
2024-07-17 00:00:00+00:00,5639.0,5426.282802734375,4966.966650390625,1.0,456298.40274181566,384258.94378194184,-0.013686650050286575
2024-07-18 00:00:00+00:00,5594.5,5434.042802734375,4973.317900390625,1.0,452697.5375313154,381226.5758091991,-0.021470112379203488
2024-07-19 00:00:00+00:00,5553.75,5440.842802734375,4979.762900390625,1.0,449400.1160183292,378449.7444633728,-0.02859766496130156
2024-07-22 00:00:00+00:00,5610.75,5448.802802734375,4986.327900390625,1.0,454012.460220543,382333.901192504,-0.018627836809655185
2024-07-23 00:00:00+00:00,5599.25,5456.007802734375,4992.870400390625,1.0,453081.8995481665,381550.2555366267,-0.020639293366566447
2024-07-24 00:00:00+00:00,5472.0,5460.522802734375,4998.522900390625,1.0,442785.0434125226,372879.0459965926,-0.04289649744195234
2024-07-25 00:00:00+00:00,5441.25,5464.437802734375,5003.885400390625,1.0,440296.8050929072,370783.6456558771,-0.048274957365866844
2024-07-26 00:00:00+00:00,5499.0,5469.027802734375,5009.422900390625,1.0,444969.83803462377,374718.90971039154,-0.0381739472648569
2024-07-29 00:00:00+00:00,5503.0,5472.427802734375,5014.889150390625,1.0,445293.51131197216,374991.48211243586,-0.037474310201583316
2024-07-30 00:00:00+00:00,5472.5,5475.472802734375,5020.349150390625,1.0,442825.50257219106,372913.1175468482,-0.042809042809043296
2024-07-31 00:00:00+00:00,5558.0,5480.087802734375,5026.352900390625,1.0,449744.01887551177,378739.35264054494,-0.027854300581573677
2024-08-01 00:00:00+00:00,5480.25,5483.057802734375,5031.749150390625,1.0,443452.6195470535,373441.226575809,-0.041453495998950984
2024-08-02 00:00:00+00:00,5376.0,5483.672802734375,5036.620400390625,1.0,435016.8847561625,366337.3083475296,-0.05968778696051469
2024-08-05 00:00:00+00:00,5217.5,5481.462802734375,5040.996650390625,1.0,422191.3311412347,355536.6269165245,-0.08741090559272413
2024-08-06 00:00:00+00:00,5266.25,5481.082802734375,5045.812900390625,1.0,426136.0992089176,358858.60306643933,-0.07888407888407922
2024-08-07 00:00:00+00:00,5227.5,5479.202802734375,5050.707900390625,1.0,423000.5143346056,356218.0579216353,-0.08566181293454056
2024-08-08 00:00:00+00:00,5348.25,5479.672802734375,5056.240400390625,1.0,432771.40139455855,364446.3373083474,-0.06454151908697381
2024-08-09 00:00:00+00:00,5370.25,5481.397802734375,5061.735400390625,1.0,434551.6044199743,365945.48551959096,-0.06069351523897004
2024-08-12 00:00:00+00:00,5369.75,5483.732802734375,5067.535400390625,1.0,434511.1452603057,365911.41396933544,-0.06078096987187942
2024-08-13 00:00:00+00:00,5459.0,5487.002802734375,5074.047900390625,1.0,441733.1052611405,371993.18568994873,-0.04517031789759096
2024-08-14 00:00:00+00:00,5477.0,5490.597802734375,5080.744150390625,1.0,443189.635009208,373219.76149914804,-0.042021951112860556
2024-08-15 00:00:00+00:00,5567.5,5495.867802734375,5087.652900390625,1.0,450512.7429092141,379386.71209540014,-0.026192662556299262
2024-08-16 00:00:00+00:00,5578.25,5500.112802734375,5094.482900390625,1.0,451382.6148420877,380119.2504258942,-0.0243123879487519
2024-08-19 00:00:00+00:00,5630.0,5505.432802734375,5101.352900390625,1.0,455570.1378677818,383645.6558773422,-0.015260833442652055
2024-08-20 00:00:00+00:00,5619.75,5510.712802734375,5107.772900390625,1.0,454740.7250945767,382947.1890971038,-0.01705365341729015
2024-08-21 00:00:00+00:00,5641.5,5516.117802734375,5114.100400390625,1.0,456500.6985401582,384429.3015332196,-0.013249376885741015
2024-08-22 00:00:00+00:00,5594.0,5520.317802734375,5120.149150390625,1.0,452657.0783716467,381192.5042589436,-0.021557567012113088
2024-08-23 00:00:00+00:00,5652.5,5524.817802734375,5126.431650390625,1.0,457390.8000528661,385178.87563884136,-0.011325374961739132
2024-08-26 00:00:00+00:00,5637.0,5528.787802734375,5132.619150390625,1.0,456136.5661031413,384122.6575809197,-0.014036468581923756
2024-08-27 00:00:00+00:00,5644.75,5532.932802734375,5139.031650390625,1.0,456763.6830780037,384650.76660988055,-0.012680921771831444
2024-08-28 00:00:00+00:00,5610.25,5535.567802734375,5144.930400390625,1.0,453972.0010608743,382299.8296422485,-0.018715291442564785
2024-08-29 00:00:00+00:00,5610.0,5537.947802734375,5150.854150390625,1.0,453951.77148104005,382282.7938671207,-0.018759018759019308
2024-08-30 00:00:00+00:00,5661.0,5541.632802734375,5156.604150390625,1.0,458078.6057672313,385758.0919931854,-0.009838646202283141
2024-09-03 00:00:00+00:00,5541.75,5543.03,5161.716650390625,1.0,448429.09618628403,377632.02725723997,-0.030696576151122312
2024-09-04 00:00:00+00:00,5530.0,5543.29,5166.750400390625,1.0,447478.30593407335,376831.34582623484,-0.032751760024487875
2024-09-05 00:00:00+00:00,5512.25,5542.795,5171.674150390625,1.0,446042.0057658402,375621.8057921633,-0.035856399492763535
2024-09-06 00:00:00+00:00,5419.5,5540.315,5175.960400390625,1.0,438536.8316473257,369301.5332197613,-0.05207923389741598
2024-09-09 00:00:00+00:00,5479.5,5538.985,5180.601650390625,1.0,443391.93080755067,373390.1192504256,-0.041584677948314774
2024-09-10 00:00:00+00:00,5504.0,5538.635,5185.285400390625,1.0,445374.4296313092,375059.62521294685,-0.037299400935765115
2024-09-11 00:00:00+00:00,5561.25,5539.185,5190.244150390625,1.0,450007.00341335725,378960.81771720585,-0.027285845467664105
2024-09-12 00:00:00+00:00,5602.25,5539.855,5195.414150390625,1.0,453324.6545061777,381754.6848381598,-0.02011456556911151
2024-09-13 00:00:00+00:00,5629.75,5540.645,5200.757900390625,1.0,455549.9082879476,383628.6201022144,-0.015304560759106467
2024-09-16 00:00:00+00:00,5638.0,5540.975,5206.132900390625,1.0,456217.4844224785,384190.8006814307,-0.01386155931610522
2024-09-17 00:00:00+00:00,5639.0,5541.25,5211.531650390625,1.0,456298.4027418156,384258.9437819418,-0.013686650050286686
2024-09-18 00:00:00+00:00,5620.75,5541.04,5216.751650390625,1.0,454821.6434139138,383015.3321976147,-0.016878744151471836
2024-09-19 00:00:00+00:00,5717.75,5541.635,5222.336650390625,1.0,462670.720389611,389625.2129471888,0.0
2024-09-20 00:00:00+00:00,5699.990234375,5542.8398046875,5227.9541015625,1.0,461233.6300034154,388415.00745315134,-0.0031060759258451087
2024-09-23 00:00:00+00:00,5776.75,5545.0798046875,5233.9628515625,1.0,467444.9012304988,393645.6558773421,0.0
2024-09-24 00:00:00+00:00,5792.0,5547.2598046875,5240.1428515625,1.0,468678.9056003893,394684.83816013596,0.0
2024-09-25 00:00:00+00:00,5779.0,5548.4948046875,5246.0903515625,1.0,467626.9674490072,393798.977853492,-0.0022444751381215378
2024-09-26 00:00:00+00:00,5804.5,5551.8048046875,5252.0753515625,1.0,469690.38459210284,395536.6269165244,0.0
2024-09-27 00:00:00+00:00,5791.25,5555.7398046875,5257.9016015625,1.0,468618.21686088643,394633.7308347526,-0.0022827116892067956
2024-09-30 00:00:00+00:00,5814.25,5560.9498046875,5263.7441015625,1.0,470479.33820563933,396201.02214650734,0.0
2024-10-01 00:00:00+00:00,5759.75,5563.9298046875,5269.0016015625,1.0,466069.28980176826,392487.2231686538,-0.009373521950380548
2024-10-02 00:00:00+00:00,5760.25,5567.1498046875,5274.1941015625,1.0,466109.74896143674,392521.2947189093,-0.009287526336157037
2024-10-03 00:00:00+00:00,5749.5,5572.6998046875,5279.470251464843,1.0,465239.87702856306,391788.75638841523,-0.011136432041966016
2024-10-04 00:00:00+00:00,5800.0,5579.8748046875,5284.505251464844,1.0,469326.25215508585,395229.9829642245,-0.002450875005374775
2024-10-07 00:00:00+00:00,5744.75,5584.7898046875,5289.127751464844,1.0,464855.515011712,391465.07666098763,-0.011953390377090867
2024-10-08 00:00:00+00:00,5800.5,5590.7398046875,5294.3815014648435,1.0,469366.7113147543,395264.05451447994,-0.0023648793911512644
2024-10-09 00:00:00+00:00,5841.25,5598.1148046875,5299.604001464843,1.0,472664.1328277405,398040.88586030615,0.0
2024-10-10 00:00:00+00:00,5829.0,5603.5348046875,5304.722751464844,1.0,471672.88341586123,397206.13287904556,-0.0020971538626149977
2024-10-11 00:00:00+00:00,5859.75,5611.1248046875,5309.896501464844,1.0,474161.1217354765,399301.53321976104,0.0
2024-10-14 00:00:00+00:00,5908.25,5621.7698046875,5315.270251464844,1.0,478085.6602233251,402606.47359454806,0.0
2024-10-15 00:00:00+00:00,5862.75,5634.6748046875,5320.422751464844,1.0,474403.8766934878,399505.96252129425,-0.007701095925189305
2024-10-16 00:00:00+00:00,5887.0,5647.0898046875,5325.757751464844,1.0,476366.1459374121,401158.4327086878,-0.003596665679346578
2024-10-17 00:00:00+00:00,5887.0,5660.2798046875,5331.2565014648435,1.0,476366.1459374121,401158.4327086878,-0.003596665679346578
2024-10-18 00:00:00+00:00,5906.0,5671.4348046875,5337.054001464844,1.0,477903.59400481667,402453.15161839814,-0.00038082342487189
2024-10-21 00:00:00+00:00,5896.25,5681.9548046875,5342.887751464844,1.0,477114.64039128006,401788.7563884152,-0.0020310582659840426
2024-10-22 00:00:00+00:00,5892.5,5692.4098046875,5348.676501464844,1.0,476811.196693766,401533.2197614986,-0.0026657639741040073
2024-10-23 00:00:00+00:00,5837.75,5699.9848046875,5353.8590014648435,1.0,472380.91871006065,397802.38500851736,-0.01193246731265607
2024-10-24 00:00:00+00:00,5849.0,5707.4248046875,5359.1402514648435,1.0,473291.2498026028,398568.9948892669,-0.010028350188296176
2024-10-25 00:00:00+00:00,5846.0,5712.9948046875,5364.269001464843,1.0,473048.4948445916,398364.5655877337,-0.010536114754792103
2024-10-28 00:00:00+00:00,5861.5,5718.6598046875,5369.499001464844,1.0,474302.7287943164,399420.7836456553,-0.007912664494562627
2024-10-29 00:00:00+00:00,5871.0,5723.4798046875,5374.771501464844,1.0,475071.4528280187,400068.1431005105,-0.006304743367325338
2024-10-30 00:00:00+00:00,5852.0,5728.1248046875,5380.039001464844,1.0,473534.00476061413,398773.4241908002,-0.009520585621800026
2024-10-31 00:00:00+00:00,5738.5,5730.0648046875,5384.875251464844,1.0,464349.77551585506,391039.18228279334,-0.02873101172089887
2024-11-01 00:00:00+00:00,5758.25,5733.3498046875,5389.610251464844,1.0,465947.9123227625,392385.008517887,-0.025388228324800144
2024-11-04 00:00:00+00:00,5743.25,5735.1648046875,5393.979001464843,1.0,464734.1375327062,391362.8620102209,-0.027927051157280225
2024-11-05 00:00:00+00:00,5812.25,5738.6698046875,5398.635251464843,1.0,470317.50156696496,396064.73594548495,-0.01624846612787223
2024-11-06 00:00:00+00:00,5958.25,5744.9398046875,5403.951501464844,1.0,482131.57619017916,406013.62862010155,0.0
2024-11-07 00:00:00+00:00,6003.75,5752.8098046875,5409.480251464844,1.0,485813.3597200164,409114.1396933554,0.0
2024-11-08 00:00:00+00:00,6025.25,5761.1148046875,5414.990251464844,1.0,487553.1035857637,410579.2163543435,0.0
2024-11-11 00:00:00+00:00,6031.75,5768.5298046875,5420.567751464844,1.0,488079.07266145485,411022.14650766546,0.0
2024-11-12 00:00:00+00:00,6013.0,5777.9548046875,5425.860251464844,1.0,486561.85417388455,409744.4633730828,-0.0031085505864798524
2024-11-13 00:00:00+00:00,6016.0,5787.6748046875,5431.1852514648435,1.0,486804.6091318958,409948.8926746161,-0.002611182492643027
2024-11-14 00:00:00+00:00,5978.25,5796.9948046875,5436.724001464844,1.0,483749.94257692085,407376.49063032307,-0.008869731006755921
2024-11-15 00:00:00+00:00,5896.5,5806.5348046875,5441.564001464843,1.0,477134.8699711142,401805.7921635428,-0.022423011563808326
2024-11-18 00:00:00+00:00,5920.0,5815.3448046875,5446.262751464844,1.0,479036.4504755357,403407.155025553,-0.018526961495420102
2024-11-19 00:00:00+00:00,5938.75,5824.0398046875,5451.146501464844,1.0,480553.66896310606,404684.83816013567,-0.01541841090894025
2024-11-20 00:00:00+00:00,5937.75,5831.5698046875,5455.961501464843,1.0,480472.750643769,404616.69505962456,-0.015584200273552451
2024-11-21 00:00:00+00:00,5970.5,5838.9348046875,5460.737751464843,1.0,483122.82560205844,406848.38160136226,-0.010154598582501007
2024-11-22 00:00:00+00:00,5987.0,5846.0798046875,5465.584001464844,1.0,484457.9778711203,407972.742759795,-0.007419074066398745
2024-11-25 00:00:00+00:00,6006.5,5853.4498046875,5470.396501464844,1.0,486035.8850981934,409301.5332197609,-0.004186181456459659
2024-11-26 00:00:00+00:00,6038.25,5861.4348046875,5475.3815014648435,1.0,488605.0417371459,411465.0766609875,0.0
2024-11-27 00:00:00+00:00,6015.0,5869.3198046875,5480.6002514648435,1.0,486723.69081255875,409880.7495741051,-0.0038504533598310298
2024-11-29 00:00:00+00:00,6051.5,5875.9948046875,5485.767751464844,1.0,489677.2094683622,412367.9727427592,0.0
2024-12-02 00:00:00+00:00,6061.75,5883.23,5490.844001464844,1.0,490506.6222415673,413066.4395229977,0.0
2024-12-03 00:00:00+00:00,6063.25,5888.96,5496.061501464844,1.0,490627.9997205729,413168.65417376434,0.0
2024-12-04 00:00:00+00:00,6098.5,5895.09,5501.596501464844,1.0,493480.3704772052,415570.69846677966,0.0
2024-12-05 00:00:00+00:00,6088.75,5901.285,5507.059001464844,1.0,492691.4168636686,414906.3032367967,-0.0015987537919160966
2024-12-06 00:00:00+00:00,6099.0,5907.175,5512.065251464844,1.0,493520.8296368737,415604.7700170352,0.0
2024-12-09 00:00:00+00:00,6065.75,5912.665,5516.886501464844,1.0,490830.29551891563,413339.01192504197,-0.005451713395638658
2024-12-10 00:00:00+00:00,6046.25,5917.305,5521.7165014648435,1.0,489252.38829184254,412010.221465076,-0.008648958845712373
2024-12-11 00:00:00+00:00,6092.75,5923.965,5526.730251464844,1.0,493015.0901410169,415178.87563884095,-0.0010247581570750341
2024-12-12 00:00:00+00:00,6060.75,5929.975,5531.629001464844,1.0,490425.7039222302,412998.2964224866,-0.006271519921298596
2024-12-13 00:00:00+00:00,6055.5,5936.095,5536.387751464844,1.0,490000.8827457105,412640.54514480353,-0.007132316773241554
2024-12-16 00:00:00+00:00,6080.5,5941.705,5541.0602514648435,1.0,492023.8407291376,414344.12265758036,-0.0030332841449418613
2024-12-17 00:00:00+00:00,6053.75,5947.885,5545.637751464844,1.0,489859.2756868706,412521.2947189091,-0.007419249057222577
2024-12-18 00:00:00+00:00,5872.25,5949.32,5549.570251464844,1.0,475172.6007271899,400153.3219761494,-0.03717822593867848
2024-12-19 00:00:00+00:00,5868.75,5949.87,5553.355251464844,1.0,474889.3866095101,399914.8211243606,-0.03775209050664052
2024-12-20 00:00:00+00:00,5840.259765625,5950.0951953125,5556.747800292968,1.0,472584.0047263655,397973.4082197609,-0.042423386518281814
2024-12-23 00:00:00+00:00,6036.0,5953.6201953125,5561.282800292969,1.0,488422.97551863734,411311.75468483754,-0.01032956222331538
2024-12-24 00:00:00+00:00,6098.0,5957.4151953125,5566.157800292969,1.0,493439.9113175366,415536.6269165241,-0.0001639613051319655
2024-12-26 00:00:00+00:00,6095.25,5962.0651953125,5570.747800292968,1.0,493217.3859393596,415349.2333901187,-0.0006148548942449539
2024-12-27 00:00:00+00:00,6027.0,5964.8651953125,5575.042800292968,1.0,487694.71064460365,410698.4667802379,-0.011805213969503181
2024-12-30 00:00:00+00:00,5958.75,5966.3001953125,5579.067800292969,1.0,482172.0353498477,406047.7001703572,-0.022995573044761408
2024-12-31 00:00:00+00:00,5935.75,5966.8951953125,5583.238200683594,1.0,480310.9140050948,404480.40885860246,-0.02676668306279717
2025-01-02 00:00:00+00:00,5916.5,5967.3001953125,5586.746950683594,1.0,478753.23635785596,403168.6541737644,-0.029922938186587866
2025-01-03 00:00:00+00:00,5989.5,5969.2401953125,5590.485700683594,1.0,484660.27366946306,408143.1005110727,-0.01795376291195272
2025-01-06 00:00:00+00:00,6020.5,5972.8951953125,5594.1544506835935,1.0,487168.74156891264,410255.53662691603,-0.012870962452861012
2025-01-07 00:00:00+00:00,5954.25,5975.0001953125,5597.4132006835935,1.0,481807.90291283076,405741.0562180574,-0.02373339891785553
2025-01-08 00:00:00+00:00,5959.25,5977.2651953125,5600.743200683593,1.0,482212.49450951617,406081.77172061277,-0.022913592392195592
2025-01-09 00:00:00+00:00,5944.75,5978.9301953125,5604.075700683594,1.0,481039.1788791285,405093.6967632022,-0.02529103131660937
2025-01-10 00:00:00+00:00,5866.25,5978.8351953125,5607.080700683594,1.0,474687.09081116744,399744.4633730829,-0.03816199376947038
2025-01-13 00:00:00+00:00,5874.5,5979.2851953125,5609.911950683594,1.0,475354.6669456983,400306.64395229926,-0.03680931300213164
2025-01-14 00:00:00+00:00,5882.25,5982.1601953125,5612.780700683594,1.0,475981.78392056073,400834.75298126007,-0.03553861288735871
2025-01-15 00:00:00+00:00,5989.0,5986.7751953125,5616.249450683594,1.0,484619.81450979435,408109.0289608171,-0.01803574356451898
2025-01-16 00:00:00+00:00,5975.5,5991.4201953125,5619.824450683594,1.0,483527.4171987438,407189.0971039176,-0.02024922118380068
2025-01-17 00:00:00+00:00,6033.5,5995.8451953125,5623.659450683594,1.0,488220.67972029466,411141.3969335598,-0.01073946548614535
2025-01-21 00:00:00+00:00,6084.25,5998.3651953125,5628.094450683594,1.0,492327.2844266516,414599.65928449674,-0.0024184292506970184
2025-01-22 00:00:00+00:00,6120.5,6000.7001953125,5632.431950683594,1.0,495260.5735026208,417069.8466780231,0.0
2025-01-23 00:00:00+00:00,6152.0,6003.2351953125,5636.925700683594,1.0,497809.50056173897,419216.354344122,0.0
2025-01-24 00:00:00+00:00,6133.25,6005.2651953125,5641.290700683594,1.0,496292.2820741687,417938.67120953934,-0.0030477893368009434
2025-01-27 00:00:00+00:00,6046.75,6005.9401953125,5645.485700683594,1.0,489292.84745151096,412044.2930153315,-0.017108257477243094
2025-01-28 00:00:00+00:00,6097.0,6007.5601953125,5649.754450683594,1.0,493358.9929981993,415468.48381601286,-0.008940182054616552
2025-01-29 00:00:00+00:00,6067.5,6009.3451953125,5654.254450683594,1.0,490971.90257775533,413458.26235093613,-0.013735370611183462
2025-01-30 00:00:00+00:00,6099.25,6013.4001953125,5659.230700683594,1.0,493541.0592167078,415621.8057921627,-0.008574447334200208
2025-01-31 00:00:00+00:00,6067.25,6016.3451953125,5664.104450683593,1.0,490951.6729979211,413441.2265758084,-0.013776007802340673
2025-02-03 00:00:00+00:00,6022.25,6018.0151953125,5668.9044506835935,1.0,487310.34862775233,410374.78705281013,-0.021090702210663226
2025-02-04 00:00:00+00:00,6063.0,6020.5201953125,5673.974450683594,1.0,490607.7701407385,413151.61839863635,-0.014466840052015595
2025-02-05 00:00:00+00:00,6086.5,6022.8401953125,5679.388200683594,1.0,492509.35064516,414752.98126064654,-0.010646944083224863
2025-02-06 00:00:00+00:00,6106.0,6025.2201953125,5684.680700683593,1.0,494087.2578722331,416081.7717206124,-0.007477243172951953
2025-02-07 00:00:00+00:00,6049.5,6026.0801953125,5689.3957006835935,1.0,489515.37282968796,412231.6865417368,-0.016661248374512216
2025-02-10 00:00:00+00:00,6088.75,6027.0901953125,5694.3019506835935,1.0,492691.4168636684,414906.3032367964,-0.010281209362808852
2025-02-11 00:00:00+00:00,6092.25,6028.6351953125,5699.351950683594,1.0,492974.6309813482,415144.80408858514,-0.009712288686606008
2025-02-12 00:00:00+00:00,6072.75,6029.0601953125,5704.058200683594,1.0,491396.7237542751,413816.0136286192,-0.012881989596879029
2025-02-13 00:00:00+00:00,6135.25,6030.5301953125,5708.999450683594,1.0,496454.1187128429,418074.9574105613,-0.0027226918075421436
2025-02-14 00:00:00+00:00,6132.0,6031.9051953125,5714.324450683594,1.0,496191.1341749974,417853.49233390036,-0.0032509752925875546
2025-02-18 00:00:00+00:00,6146.75,6032.8701953125,5719.825700683594,1.0,497384.67938521935,418858.60306643875,-0.0008533810143040998
2025-02-19 00:00:00+00:00,6163.0,6034.3551953125,5725.183200683594,1.0,498699.602074447,419965.92844974366,0.0
2025-02-20 00:00:00+00:00,6136.5,6035.1051953125,5730.0919506835935,1.0,496555.26661201427,418160.13628620026,-0.004299853967223766
2025-02-21 00:00:00+00:00,6029.0,6034.3701953125,5734.204450683594,1.0,487856.54728327785,410834.75298125995,-0.02174265779652751
2025-02-24 00:00:00+00:00,6000.75,6033.4601953125,5738.139450683594,1.0,485570.60476200527,408909.71039182215,-0.026326464384228143
2025-02-25 00:00:00+00:00,5970.0,6031.0051953125,5741.925700683594,1.0,483082.36644238996,406814.3100511066,-0.03131591757261043
2025-02-26 00:00:00+00:00,5970.75,6029.2051953125,5745.584450683594,1.0,483143.0551818928,406865.41737648996,-0.031194223592405868
2025-02-27 00:00:00+00:00,5876.25,6025.6201953125,5748.734450683593,1.0,475496.2740045385,400425.89437819365,-0.04652766509816597
2025-02-28 00:00:00+00:00,5963.25,6023.2751953125,5752.323200683593,1.0,482536.16778686474,406354.3441226569,-0.03241116339445027
2025-03-03 00:00:00+00:00,5860.75,6019.4151953125,5755.2794506835935,1.0,474242.04005481367,399369.6763202719,-0.04904267402239115
2025-03-04 00:00:00+00:00,5789.5,6017.7601953125,5757.561950683594,1.0,468476.6098020465,394514.480408858,-0.060603602141813484
2025-03-05 00:00:00+00:00,5851.25,6017.4101953125,5760.2169506835935,1.0,473473.3160211115,398722.3168654167,-0.05058413110498061
2025-03-06 00:00:00+00:00,5746.25,6015.53,5762.311950683594,1.0,464976.89249071764,391567.29131175403,-0.06762128833360315
2025-03-07 00:00:00+00:00,5776.0,6010.33,5764.533200683593,1.0,467384.21249099594,393594.54855195846,-0.06279409378549339
2025-03-10 00:00:00+00:00,5620.75,6000.785,5765.910700683594,1.0,454821.6434139136,383015.33219761436,-0.08798474768781384
2025-03-11 00:00:00+00:00,5577.0,5990.42,5767.155700683594,1.0,451281.46694291616,380034.0715502549,-0.09508356319973987
2025-03-12 00:00:00+00:00,5604.75,5981.975,5768.753200683594,1.0,453526.95030452014,381925.04258943716,-0.09058088593217561
2025-03-13 00:00:00+00:00,5527.5,5973.35,5769.783200683593,1.0,447276.0101357305,376660.98807495675,-0.10311536589323334
2025-03-14 00:00:00+00:00,5640.0,5967.435,5771.359450683593,1.0,456379.32106115244,384327.08688245254,-0.0848612688625664
2025-03-17 00:00:00+00:00,5680.25,5962.71,5773.340700683594,1.0,459636.2834144701,387069.8466780232,-0.07833035859159443
2025-03-18 00:00:00+00:00,5618.0,5955.28,5775.165700683594,1.0,454599.1180357366,382827.9386712089,-0.08843095894856345
2025-03-19 00:00:00+00:00,5678.5,5948.44,5777.080700683594,1.0,459494.6763556302,386950.59625212883,-0.07861431121207141
2025-03-20 00:00:00+00:00,5662.5,5942.605,5778.906950683594,1.0,458199.9832462369,385860.3066439517,-0.08121044945643285
2025-03-21 00:00:00+00:00,5617.7998046875,5935.77599609375,5780.475949707031,1.0,454582.91856751,382814.29674190737,-0.0884634423677586
2025-03-24 00:00:00+00:00,5815.5,5933.19099609375,5782.723449707031,1.0,470580.4861048106,396286.2010221458,-0.05638487749472609
2025-03-25 00:00:00+00:00,5826.5,5932.39599609375,5785.035949707031,1.0,471470.5876175185,397035.7751277675,-0.05460003245172762
2025-03-26 00:00:00+00:00,5759.5,5930.09599609375,5787.054699707031,1.0,466049.0602219339,392470.1873935256,-0.06547136134999154
2025-03-27 00:00:00+00:00,5739.25,5927.23599609375,5788.894699707032,1.0,464410.464255358,391090.2896081764,-0.06875709881551151
2025-03-28 00:00:00+00:00,5623.0,5919.91599609375,5790.089699707031,1.0,455003.70963242196,383168.6541737641,-0.08761966574720059
2025-03-31 00:00:00+00:00,5653.25,5913.47099609375,5791.218449707031,1.0,457451.48879236873,385229.9829642241,-0.08271134187895468
2025-04-01 00:00:00+00:00,5674.5,5906.29099609375,5792.398449707031,1.0,459171.0030782817,386678.0238500844,-0.07926334577316219
2025-04-02 00:00:00+00:00,5712.25,5898.85099609375,5793.772199707031,1.0,462225.6696332566,389250.42589437735,-0.07313808210287176
2025-04-03 00:00:00+00:00,5432.75,5885.09599609375,5793.543449707031,1.0,439608.99937854166,370204.42930153245,-0.11848937205906196
2025-04-04 00:00:00+00:00,5110.25,5864.26099609375,5791.6396997070315,1.0,413512.8413923321,348228.27938671137,-0.17081778354697386
2025-04-07 00:00:00+00:00,5097.25,5843.54099609375,5789.742199707031,1.0,412460.90324095,347342.4190800674,-0.1729271458705176
2025-04-08 00:00:00+00:00,5020.25,5823.01099609375,5787.483999023438,1.0,406230.1926519946,342095.4003407148,-0.18542106117150736
2025-04-09 00:00:00+00:00,5491.0,5810.89099609375,5787.353999023438,1.0,444322.49147992674,374173.7649063025,-0.10903780626318349
2025-04-10 00:00:00+00:00,5302.0,5795.58099609375,5786.178999023437,1.0,429028.92912521795,361294.71890970966,-0.1397046892747037
2025-04-11 00:00:00+00:00,5391.25,5781.42099609375,5785.417749023438,1.0,436250.8891260526,367376.4906303229,-0.12522310563037475
2025-04-14 00:00:00+00:00,5440.75,5768.89099609375,5784.891499023437,0.0,436250.8891260526,370749.5741056211,-0.12522310563037475
2025-04-15 00:00:00+00:00,5428.25,5757.01099609375,5784.425249023438,0.0,436250.8891260526,369897.78534923267,-0.12522310563037475
2025-04-16 00:00:00+00:00,5305.75,5741.86599609375,5783.285249023437,0.0,436250.8891260526,361550.2555366262,-0.12522310563037475
2025-04-17 00:00:00+00:00,5312.75,5726.39099609375,5782.0052490234375,0.0,436250.8891260526,362027.2572402037,-0.12522310563037475
2025-04-21 00:00:00+00:00,5184.75,5707.96599609375,5779.977749023437,0.0,436250.8891260526,353304.9403747863,-0.12522310563037475
2025-04-22 00:00:00+00:00,5314.75,5693.27099609375,5778.443999023438,0.0,436250.8891260526,362163.54344122583,-0.12522310563037475
2025-04-23 00:00:00+00:00,5401.75,5679.53099609375,5777.3264990234375,0.0,436250.8891260526,368091.99318568915,-0.12522310563037475
2025-04-24 00:00:00+00:00,5511.25,5667.91099609375,5776.726499023437,0.0,436250.8891260526,375553.66269165167,-0.12522310563037475
2025-04-25 00:00:00+00:00,5549.75,5657.45099609375,5776.035249023437,0.0,436250.8891260526,378177.172061328,-0.12522310563037475
2025-04-28 00:00:00+00:00,5553.0,5645.80599609375,5775.601499023437,0.0,436250.8891260526,378398.637137989,-0.12522310563037475
2025-04-29 00:00:00+00:00,5583.75,5634.84099609375,5775.196499023437,0.0,436250.8891260526,380494.0374787045,-0.12522310563037475
2025-04-30 00:00:00+00:00,5587.0,5623.64599609375,5774.716499023438,0.0,436250.8891260526,380715.5025553655,-0.12522310563037475
2025-05-01 00:00:00+00:00,5623.25,5612.85099609375,5774.2464990234375,0.0,436250.8891260526,383185.68994889193,-0.12522310563037475
2025-05-02 00:00:00+00:00,5709.0,5604.30099609375,5774.596499023438,0.0,436250.8891260526,389028.96081771643,-0.12522310563037475
2025-05-05 00:00:00+00:00,5671.75,5597.15599609375,5774.9827490234375,0.0,436250.8891260526,386490.63032367895,-0.12522310563037475
2025-05-06 00:00:00+00:00,5625.75,5589.65599609375,5775.342749023437,0.0,436250.8891260526,383356.04770016955,-0.12522310563037475
2025-05-07 00:00:00+00:00,5652.0,5583.29599609375,5775.548999023437,0.0,436250.8891260526,385144.8040885852,-0.12522310563037475
2025-05-08 00:00:00+00:00,5684.5,5577.57099609375,5775.975249023438,0.0,436250.8891260526,387359.4548551951,-0.12522310563037475
2025-05-09 00:00:00+00:00,5678.0,5573.60599609375,5777.0052490234375,0.0,436250.8891260526,386916.5247018731,-0.12522310563037475
2025-05-12 00:00:00+00:00,5865.0,5571.64099609375,5779.123999023437,0.0,436250.8891260526,399659.2844974438,-0.12522310563037475
2025-05-13 00:00:00+00:00,5904.5,5572.51599609375,5781.151499023437,0.0,436250.8891260526,402350.93696763116,-0.12522310563037475
2025-05-14 00:00:00+00:00,5908.5,5574.89599609375,5783.178999023437,0.0,436250.8891260526,402623.5093696755,-0.12522310563037475
2025-05-15 00:00:00+00:00,5933.25,5576.53599609375,5785.4827490234375,0.0,436250.8891260526,404310.0511073246,-0.12522310563037475
2025-05-16 00:00:00+00:00,5975.5,5581.12099609375,5787.570249023437,0.0,436250.8891260526,407189.09710391745,-0.12522310563037475
2025-05-19 00:00:00+00:00,5982.5,5585.25099609375,5790.081499023438,0.0,436250.8891260526,407666.0988074949,-0.12522310563037475
2025-05-20 00:00:00+00:00,5959.75,5592.03099609375,5793.000249023437,0.0,436250.8891260526,406115.843270868,-0.12522310563037475
2025-05-21 00:00:00+00:00,5861.25,5597.71599609375,5796.218999023437,0.0,436250.8891260526,399403.7478705273,-0.12522310563037475
2025-05-22 00:00:00+00:00,5856.75,5602.75599609375,5799.171499023438,0.0,436250.8891260526,399097.1039182275,-0.12522310563037475
2025-05-23 00:00:00+00:00,5817.0,5608.54599609375,5802.118999023438,0.0,436250.8891260526,396388.4156729123,-0.12522310563037475
2025-05-27 00:00:00+00:00,5934.25,5614.43099609375,5805.048999023437,0.0,436250.8891260526,404378.1942078356,-0.12522310563037475
2025-05-28 00:00:00+00:00,5902.75,5618.88099609375,5807.711499023438,0.0,436250.8891260526,402231.6865417368,-0.12522310563037475
2025-05-29 00:00:00+00:00,5922.75,5624.97599609375,5810.476499023437,0.0,436250.8891260526,403594.5485519583,-0.12522310563037475
2025-05-30 00:00:00+00:00,5916.0,5629.72599609375,5812.761499023438,0.0,436250.8891260526,403134.58262350847,-0.12522310563037475
2025-06-02 00:00:00+00:00,5947.25,5635.42099609375,5815.112749023438,0.0,436250.8891260526,405264.0545144794,-0.12522310563037475
2025-06-03 00:00:00+00:00,5981.5,5642.695,5817.182749023437,0.0,436250.8891260526,407597.9557069837,-0.12522310563037475
2025-06-04 00:00:00+00:00,5981.0,5646.005,5819.196499023437,0.0,436250.8891260526,407563.8841567281,-0.12522310563037475
2025-06-05 00:00:00+00:00,5946.0,5648.395,5820.776499023437,0.0,436250.8891260526,405178.8756388406,-0.12522310563037475
2025-06-06 00:00:00+00:00,6006.75,5653.34,5822.711499023438,0.0,436250.8891260526,409318.5689948883,-0.12522310563037475
2025-06-09 00:00:00+00:00,6010.25,5658.76,5824.555249023438,0.0,436250.8891260526,409557.069846677,-0.12522310563037475
2025-06-10 00:00:00+00:00,6045.0,5667.2,5826.810249023438,0.0,436250.8891260526,411925.0425894368,-0.12522310563037475
2025-06-11 00:00:00+00:00,6029.0,5674.715,5828.6927490234375,0.0,436250.8891260526,410834.75298125966,-0.12522310563037475
2025-06-12 00:00:00+00:00,6049.5,5682.215,5830.7552490234375,0.0,436250.8891260526,412231.68654173665,-0.12522310563037475
2025-06-13 00:00:00+00:00,5979.25,5687.555,5832.427749023437,0.0,436250.8891260526,407444.63373083377,-0.12522310563037475
2025-06-16 00:00:00+00:00,6035.75,5699.615,5834.555249023438,0.0,436250.8891260526,411294.71890970937,-0.12522310563037475
2025-06-17 00:00:00+00:00,5985.0,5717.11,5836.430249023438,0.0,436250.8891260526,407836.45655877236,-0.12522310563037475
2025-06-18 00:00:00+00:00,5981.5,5734.795,5838.032749023438,0.0,436250.8891260526,407597.9557069836,-0.12522310563037475
2025-06-20 00:00:00+00:00,6010.2099609375,5754.59419921875,5840.375048828125,0.0,436250.8891260526,409554.3414608167,-0.12522310563037475
2025-06-23 00:00:00+00:00,6077.0,5766.31419921875,5843.110048828125,0.0,436250.8891260526,414105.6218057911,-0.12522310563037475
2025-06-24 00:00:00+00:00,6146.25,5783.19919921875,5846.280048828125,0.0,436250.8891260526,418824.53151618293,-0.12522310563037475
2025-06-25 00:00:00+00:00,6147.0,5798.31419921875,5849.917548828125,0.0,436250.8891260526,418875.6388415662,-0.12522310563037475
2025-06-26 00:00:00+00:00,6195.0,5813.39919921875,5853.495048828125,0.0,436250.8891260526,422146.5076660977,-0.12522310563037475
2025-06-27 00:00:00+00:00,6223.75,5829.30919921875,5857.093798828125,0.0,436250.8891260526,424105.62180579116,-0.12522310563037475
2025-06-30 00:00:00+00:00,6253.75,5848.26919921875,5860.556298828125,0.0,436250.8891260526,426149.9148211234,-0.12522310563037475
2025-07-01 00:00:00+00:00,6248.75,5866.98919921875,5863.788798828125,0.0,436250.8891260526,425809.19931856805,-0.12522310563037475
2025-07-02 00:00:00+00:00,6275.0,5888.79419921875,5867.015048828125,1.0,438083.5093844337,427597.9557069837,-0.12154830771443925
2025-07-03 00:00:00+00:00,6324.25,5908.98419921875,5870.446298828125,1.0,441521.854059682,430954.00340715406,-0.11465368686263633
2025-07-04 00:00:00+00:00,6283.5,5926.61919921875,5873.668798828125,1.0,438676.9292776237,428177.17206132784,-0.12035837315118403
2025-07-07 00:00:00+00:00,6276.0,5941.91419921875,5876.945048828125,1.0,438153.3234895149,427666.0988074948,-0.12140831541287977
2025-07-08 00:00:00+00:00,6272.0,5956.35919921875,5879.716298828125,1.0,437874.06706919015,427393.52640545054,-0.12196828461911757
2025-07-09 00:00:00+00:00,6307.25,5971.44419921875,5882.75259765625,1.0,440335.014273302,429795.57069846586,-0.11703355598914678
2025-07-10 00:00:00+00:00,6324.25,5986.25419921875,5885.49009765625,1.0,441521.8540596821,430954.00340715406,-0.1146536868626361
2025-07-11 00:00:00+00:00,6300.0,6000.51419921875,5888.03009765625,1.0,439828.8620114633,429301.5332197605,-0.11804850017545288
2025-07-14 00:00:00+00:00,6311.0,6014.26919921875,5890.69009765625,1.0,440596.8171673564,430051.10732538236,-0.11650858485829885
2025-07-15 00:00:00+00:00,6284.0,6025.76919921875,5893.08759765625,1.0,438711.8363301644,428211.24361158337,-0.12028837700040407
2025-07-16 00:00:00+00:00,6303.25,6038.39919921875,5895.64759765625,1.0,440055.75785297726,429522.9982964216,-0.11759352519538446
2025-07-17 00:00:00+00:00,6340.5,6052.69419921875,5898.27884765625,1.0,442656.3332672513,432061.32879045897,-0.11237881196229504
2025-07-18 00:00:00+00:00,6334.75,6066.34919921875,5901.15384765625,1.0,442254.9021630345,431669.50596252026,-0.11318376769626193
2025-07-21 00:00:00+00:00,6344.75,6079.55419921875,5904.07634765625,1.0,442953.04321384634,432350.936967631,-0.11178384468066749
2025-07-22 00:00:00+00:00,6346.75,6092.92919921875,5907.06259765625,1.0,443092.6714240087,432487.223168653,-0.11150386007754864
2025-07-23 00:00:00+00:00,6396.25,6103.55419921875,5910.04384765625,1.0,446548.4696255274,435860.3066439512,-0.10457424115035563
2025-07-24 00:00:00+00:00,6401.5,6113.49419921875,5913.32759765625,1.0,446914.99367720366,436218.05792163435,-0.10383928156716837
2025-07-25 00:00:00+00:00,6425.0,6123.82419921875,5916.45009765625,1.0,448555.62514661154,437819.42078364466,-0.1005494624805211
2025-07-28 00:00:00+00:00,6422.75,6133.61419921875,5919.35759765625,1.0,448398.54341017886,437666.09880749474,-0.10086444515902993
2025-07-29 00:00:00+00:00,6406.0,6142.22419921875,5922.24259765625,1.0,447229.1571500691,436524.70187393425,-0.10320931621015061
2025-07-30 00:00:00+00:00,6396.25,6150.49919921875,5924.92509765625,1.0,446548.4696255275,435860.3066439513,-0.1045742411503553
2025-07-31 00:00:00+00:00,6374.25,6158.78919921875,5927.25509765625,1.0,445012.5593137414,434361.15843270766,-0.10765407178466335
2025-08-01 00:00:00+00:00,6264.5,6166.85419921875,5929.26384765625,1.0,437350.4612810813,426882.4531516174,-0.12301822688081332
2025-08-04 00:00:00+00:00,6356.0,6176.83919921875,5931.60884765625,1.0,443738.4518960097,433117.54684838053,-0.11020893128812359
2025-08-05 00:00:00+00:00,6325.25,6187.00419921875,5933.80009765625,1.0,441591.66816476325,431022.14650766505,-0.11451369456107674
2025-08-06 00:00:00+00:00,6371.0,6195.73919921875,5936.12509765625,1.0,444785.6634722275,434139.6933560467,-0.10810904676473165
2025-08-07 00:00:00+00:00,6366.5,6205.01419921875,5938.47634765625,1.0,444471.4999993622,433833.04940374685,-0.10873901212174908
2025-08-08 00:00:00+00:00,6413.5,6214.82919921875,5941.08134765625,1.0,447752.76293817797,437035.7751277673,-0.10215937394845476
2025-08-11 00:00:00+00:00,6399.75,6224.50419921875,5943.89134765625,1.0,446792.81899331167,436098.8074957401,-0.10408426809489724
2025-08-12 00:00:00+00:00,6468.5,6234.92919921875,5946.98884765625,1.0,451592.5387176432,440783.6456558764,-0.09445979736268473
2025-08-13 00:00:00+00:00,6488.75,6245.07419921875,5950.20259765625,1.0,453006.2743455371,442163.54344122554,-0.09162495325610598
2025-08-14 00:00:00+00:00,6490.5,6255.26419921875,5953.34759765625,1.0,453128.4490294292,442282.79386711994,-0.091379966728377
2025-08-15 00:00:00+00:00,6471.5,6265.77419921875,5956.35009765625,1.0,451801.9810328867,440988.0749574095,-0.0940398204580064
2025-08-18 00:00:00+00:00,6469.25,6275.02419921875,5959.43634765625,1.0,451644.89929645404,440834.75298125966,-0.09435480313651523
2025-08-19 00:00:00+00:00,6432.5,6283.46919921875,5962.90634765625,1.0,449079.2309347205,438330.4940374777,-0.09949952021882513
2025-08-20 00:00:00+00:00,6413.25,6290.83419921875,5966.18134765625,1.0,447735.3094119076,437018.73935263953,-0.10219437202384474
2025-08-21 00:00:00+00:00,6388.25,6298.01919921875,5969.40634765625,1.0,445989.956784878,435315.1618398627,-0.105694179562831
2025-08-22 00:00:00+00:00,6483.25,6306.69419921875,5972.76134765625,1.0,452622.2967675905,441788.7563884147,-0.0923949109146831
2025-08-25 00:00:00+00:00,6455.5,6316.21919921875,5975.24759765625,1.0,450684.9553515877,439897.78534923244,-0.09627969728295782
2025-08-26 00:00:00+00:00,6482.5,6325.15419921875,5977.64134765625,1.0,452569.93618877965,441737.6490630314,-0.09249990514085271
2025-08-27 00:00:00+00:00,6496.0,6335.37419921875,5979.99509765625,1.0,453512.4266073757,442657.5809199309,-0.09061000906979999
2025-08-28 00:00:00+00:00,6517.5,6346.09419921875,5982.42384765625,1.0,455013.4298666211,444122.657580919,-0.0876001745862719
2025-08-29 00:00:00+00:00,6472.75,6355.345,5984.72259765625,1.0,451889.2486642381,441073.25383304845,-0.0938648300810574
2025-09-02 00:00:00+00:00,6425.5,6362.315,5986.77009765625,1.0,448590.5321991521,437853.4923339003,-0.10047946632974147
2025-09-03 00:00:00+00:00,6457.25,6368.535,5989.16509765625,1.0,450807.1300354798,440017.0357751269,-0.09603471075522874
2025-09-04 00:00:00+00:00,6510.75,6375.81,5992.23634765625,1.0,454542.18465732323,443662.6916524693,-0.08854512262179792
2025-09-05 00:00:00+00:00,6489.75,6381.705,5995.08509765625,1.0,453076.08845061826,442231.68654173677,-0.09148496095454661
2025-09-08 00:00:00+00:00,6506.0,6387.35,5997.92134765625,1.0,454210.56765818753,443339.0119250417,-0.08921008605420544
2025-09-09 00:00:00+00:00,6521.75,6392.71,6000.84134765625,1.0,455310.13981321617,444412.26575809106,-0.08700520730464412
2025-09-10 00:00:00+00:00,6539.75,6398.53,6003.68759765625,1.0,456566.7937046775,445638.84156729036,-0.08448534587657397
2025-09-11 00:00:00+00:00,6592.5,6404.88,6006.71509765625,1.0,460249.48774771,449233.3901192495,-0.07710075196931288
2025-09-12 00:00:00+00:00,6588.25,6410.16,6009.62384765625,1.0,459952.7778011149,448943.78194207745,-0.07769571925094065
2025-09-15 00:00:00+00:00,6621.5,6416.92,6012.54009765625,1.0,462274.09679506434,451209.54003407067,-0.07304097522408881
2025-09-16 00:00:00+00:00,6610.75,6423.615,6015.51884765625,1.0,461523.59516544157,450477.00170357665,-0.07454589246585297
2025-09-17 00:00:00+00:00,6601.25,6430.2,6018.26759765625,1.0,460860.3611671703,449829.6422487214,-0.07587581933066789
2025-09-18 00:00:00+00:00,6635.0,6436.755,6021.13384765625,1.0,463216.58721366036,452129.4718909702,-0.0711510791530362
2025-09-19 00:00:00+00:00,6658.77001953125,6443.445400390625,6024.111447753906,1.0,464876.0698549968,453749.2347210383,-0.06782345941074341
2025-09-22 00:00:00+00:00,6752.5,6452.495400390625,6027.381447753906,1.0,471419.7445606995,460136.28620102134,-0.05470198371980062
2025-09-23 00:00:00+00:00,6715.0,6460.575400390625,6030.512697753907,1.0,468801.7156201551,457580.9199318561,-0.05995169502828013
2025-09-24 00:00:00+00:00,6692.25,6468.740400390625,6033.478947753906,1.0,467213.4447295581,456030.6643952292,-0.06313651988875779
2025-09-25 00:00:00+00:00,6659.75,6475.870400390625,6036.448947753906,1.0,464944.4863144196,453816.0136286193,-0.06768626968943992
2025-09-26 00:00:00+00:00,6696.5,6482.990400390625,6039.700197753907,1.0,467510.15467615315,456320.27257240127,-0.06254155260713001
2025-09-29 00:00:00+00:00,6713.5,6490.565400390625,6042.803947753906,1.0,468696.9944625333,457478.70528108947,-0.06016168348061934
2025-09-30 00:00:00+00:00,6738.75,6498.445400390625,6046.193947753906,1.0,470459.80061583326,459199.3185689941,-0.0566268778662431
2025-10-01 00:00:00+00:00,6761.5,6506.740400390625,6049.723947753906,1.0,472048.0715064302,460749.574105621,-0.05344205300576543
2025-10-02 00:00:00+00:00,6766.75,6514.150400390625,6053.155197753907,1.0,472414.5955581065,461107.3253833042,-0.05270709342257829
2025-10-03 00:00:00+00:00,6764.0,6521.400400390625,6056.706447753906,1.0,472222.60676913324,460919.93185689877,-0.05309207225186674
2025-10-06 00:00:00+00:00,6788.75,6528.675400390625,6061.2889477539065,1.0,473950.5058698926,462606.47359454783,-0.04962726278827023
2025-10-07 00:00:00+00:00,6761.5,6535.450400390625,6065.752697753906,1.0,472048.07150643034,460749.574105621,-0.05344205300576521
2025-10-08 00:00:00+00:00,6801.25,6543.355400390625,6070.557648925781,1.0,474823.1821834074,463458.26235093613,-0.0478773590187771
2025-10-09 00:00:00+00:00,6779.25,6551.015400390625,6074.273898925781,1.0,473287.27187162143,461959.11413969257,-0.05095718965308482
2025-10-10 00:00:00+00:00,6595.25,6555.435400390625,6076.760148925781,1.0,460441.4765366834,449420.78364565514,-0.07671577314002409
2025-10-13 00:00:00+00:00,6694.75,6564.040400390625,6079.757648925781,1.0,467387.9799922613,456201.02214650693,-0.06278653913485865
2025-10-14 00:00:00+00:00,6686.5,6570.650400390625,6083.055148925781,1.0,466812.0136253416,455638.8415672906,-0.06394147562272401
2025-10-15 00:00:00+00:00,6715.0,6578.445400390625,6086.836398925781,1.0,468801.71562015533,457580.9199318562,-0.05995169502827957
2025-10-16 00:00:00+00:00,6668.75,6584.400400390625,6090.501398925781,1.0,465572.81326015055,454429.3015332191,-0.06642633897540429
2025-10-17 00:00:00+00:00,6702.5,6591.120400390625,6094.431398925782,1.0,467929.0393066406,456729.1311754679,-0.061701598797772594
2025-10-20 00:00:00+00:00,6773.75,6598.325400390625,6098.352648925781,1.0,472903.294293675,461584.3270868819,-0.051727147311661725
2025-10-21 00:00:00+00:00,6773.25,6605.795400390625,6102.116398925781,1.0,472868.3872411344,461550.2555366263,-0.05179714346244135
2025-10-22 00:00:00+00:00,6737.0,6611.165400390625,6106.030148925781,1.0,470337.62593194144,459080.06814309995,-0.05687186439397163
2025-10-23 00:00:00+00:00,6775.0,6616.890400390625,6110.108898925781,1.0,472990.5619250264,461669.5059625207,-0.05155215693471249
2025-10-24 00:00:00+00:00,6827.0,6623.620400390625,6114.5201489257815,1.0,476620.8953892479,465212.9471890965,-0.044272557253621225
2025-10-27 00:00:00+00:00,6908.25,6632.355400390625,6119.730148925782,1.0,482293.29142709426,470749.5741056212,-0.03289818275191558
2025-10-28 00:00:00+00:00,6925.75,6641.485400390625,6124.986398925781,1.0,483515.03826601495,471942.0783645649,-0.030448317474625175
2025-10-29 00:00:00+00:00,6922.75,6651.290400390625,6130.188898925781,1.0,483305.5959507714,471737.64906303165,-0.030868294379303496
2025-10-30 00:00:00+00:00,6855.5,6660.135400390625,6134.521398925781,1.0,478610.5973840618,467155.02555366204,-0.04028277665917657
2025-10-31 00:00:00+00:00,6874.0,6669.850400390625,6139.013898925781,1.0,479902.1583280638,468415.6729131169,-0.03769291908032657
2025-11-03 00:00:00+00:00,6882.75,6677.840400390625,6143.260148925781,1.0,480513.03174752416,469011.92504258885,-0.036467986441681366
2025-11-04 00:00:00+00:00,6801.75,6684.765400390625,6146.847648925781,1.0,474858.0892359483,463492.33390119195,-0.047807362867996805
2025-11-05 00:00:00+00:00,6825.25,6691.620400390625,6150.371398925781,1.0,476498.72070535616,465093.6967632022,-0.044517543781349644
2025-11-06 00:00:00+00:00,6747.5,6696.650400390625,6153.348898925781,1.0,471070.6740352941,459795.5706984663,-0.055401945227596894
2025-11-07 00:00:00+00:00,6753.75,6701.375400390625,6156.451398925781,1.0,471507.0121920515,460221.4650766606,-0.05452699334285027
2025-11-10 00:00:00+00:00,6856.75,6709.055400390625,6160.501398925781,1.0,478697.8650154136,467240.2044293012,-0.040107786282226554
2025-11-11 00:00:00+00:00,6871.5,6717.975400390625,6164.373898925781,1.0,479727.6230653611,468245.3151618396,-0.0380428998342246
2025-11-12 00:00:00+00:00,6875.75,6726.345400390625,6168.415148925781,1.0,480024.3330119561,468534.92333901156,-0.03744793255259693
2025-11-13 00:00:00+00:00,6760.0,6731.330400390625,6171.718898925781,1.0,471943.350348809,460647.35945485486,-0.05365204145810365
2025-11-14 00:00:00+00:00,6755.25,6736.640400390625,6175.158898925782,1.0,471611.7333496734,460323.67972742725,-0.054317004890510945
2025-11-17 00:00:00+00:00,6692.0,6740.360400390625,6178.507648925781,1.0,467195.9912032885,456013.62862010184,-0.06317151796414622
2025-11-18 00:00:00+00:00,6639.75,6742.720400390625,6181.391398925782,1.0,463548.2042127966,452453.1516183983,-0.07048611572062757
2025-11-19 00:00:00+00:00,6661.5,6745.155400390625,6184.266398925782,1.0,465066.6609983123,453935.2640545141,-0.06744128316170961
2025-11-20 00:00:00+00:00,6557.5,6744.455400390625,6186.523898925781,1.0,457805.994069869,446848.3816013625,-0.0820004825238928
2025-11-21 00:00:00+00:00,6620.25,6745.095400390625,6189.377648925782,1.0,462186.8291637134,451124.3611584323,-0.07321596560103705
2025-11-24 00:00:00+00:00,6721.25,6747.090400390625,6192.540148925781,1.0,469238.05377691303,458006.8143100506,-0.059076743143532395
2025-11-25 00:00:00+00:00,6781.5,6750.505400390625,6195.986398925781,1.0,473444.3536080544,462112.43611584284,-0.05064220697457544
2025-11-26 00:00:00+00:00,6828.0,6755.040400390625,6199.762648925781,1.0,476690.70949432947,465281.09028960776,-0.04413256495206097
2025-11-28 00:00:00+00:00,6859.5,6759.530400390625,6203.383898925781,1.0,478889.8538043868,467427.59795570653,-0.039722807452938214
2025-12-01 00:00:00+00:00,6826.75,6762.89,6206.857648925781,1.0,476603.4418629779,465195.91141396883,-0.04430755532901043
2025-12-02 00:00:00+00:00,6840.25,6764.645,6210.325148925781,1.0,477545.93228157394,466115.84327086835,-0.04241765925795782
2025-12-03 00:00:00+00:00,6862.0,6767.585,6213.820148925781,1.0,479064.3890670897,467597.95570698415,-0.03937282669903974
2025-12-04 00:00:00+00:00,6866.75,6771.075,6217.471398925782,1.0,479396.0060662253,467921.6354344118,-0.03870786326663245
2025-12-05 00:00:00+00:00,6878.25,6775.445,6221.717648925781,1.0,480198.868274659,468705.2810902891,-0.03709795179869857
2025-12-08 00:00:00+00:00,6855.75,6778.63,6225.992648925781,1.0,478628.05091033236,467172.06132879003,-0.04024777858378614
2025-12-09 00:00:00+00:00,6848.25,6781.325,6230.383898925781,1.0,478104.4451222234,466660.9880749569,-0.04129772084548222
2025-12-10 00:00:00+00:00,6891.75,6784.385,6234.9888989257815,1.0,481141.35869325505,469625.2129471887,-0.03520805572764585
2025-12-11 00:00:00+00:00,6907.25,6787.3,6240.143898925781,1.0,482223.4773220134,470681.43100511027,-0.033038175053474284
2025-12-12 00:00:00+00:00,6830.75,6788.58,6244.481398925781,1.0,476882.69828330283,465468.4838160132,-0.0437475861227723
2025-12-15 00:00:00+00:00,6823.0,6789.76,6249.292648925782,1.0,476341.63896892365,464940.3747870524,-0.044832526459858024
2025-12-16 00:00:00+00:00,6801.0,6790.005,6254.3501489257815,1.0,474805.72865713754,463441.2265758088,-0.04791235709416608
2025-12-17 00:00:00+00:00,6726.5,6789.305,6258.726398925781,1.0,469604.5778285893,458364.5655877338,-0.05834178356034525
2025-12-18 00:00:00+00:00,6778.25,6788.845,6263.886398925782,1.0,473217.4577665407,461890.97103918187,-0.05109718195464341
2025-12-19 00:00:00+00:00,6796.5400390625,6789.19080078125,6268.989099121094,1.0,474494.36047558906,463137.3110093693,-0.04853671729067177
2025-12-22 00:00:00+00:00,6930.25,6795.89080078125,6275.536599121094,1.0,483829.2017388809,472248.72231686505,-0.029818352117606417
2025-12-23 00:00:00+00:00,6961.0,6801.21580078125,6282.456599121094,1.0,485975.9854701274,474344.1226575806,-0.025513588844653157
2025-12-24 00:00:00+00:00,6982.5,6807.13580078125,6289.345349121094,1.0,487476.9887293729,475809.1993185687,-0.02250375436112484
2025-12-26 00:00:00+00:00,6979.25,6812.42080078125,6296.604099121094,1.0,487250.09288785903,475587.7342419077,-0.02295872934119314
2025-12-29 00:00:00+00:00,6955.0,6818.14580078125,6303.179099121094,1.0,485557.1008396403,473935.2640545142,-0.0263535426540098
2025-12-30 00:00:00+00:00,6944.25,6822.98080078125,6309.499099121093,1.0,484806.59921001754,473202.7257240201,-0.027858459895773957
2025-12-31 00:00:00+00:00,6892.5,6825.35580078125,6315.871599121094,1.0,481193.7192720663,469676.3202725721,-0.03510306150147546
2026-01-02 00:00:00+00:00,6900.5,6827.90080078125,6321.9815991210935,1.0,481752.2321127158,470221.46507666074,-0.03398312308899987
2026-01-05 00:00:00+00:00,6943.75,6832.03580078125,6328.3878491210935,1.0,484771.692157477,473168.65417376463,-0.027928456046553585
2026-01-06 00:00:00+00:00,6987.75,6836.29080078125,6335.2376000976565,1.0,487843.5127810492,476166.9505962519,-0.021768794777937583
2026-01-07 00:00:00+00:00,6963.25,6839.01580078125,6340.976350097656,1.0,486133.0672065601,474497.44463373057,-0.025198606166144333
2026-01-08 00:00:00+00:00,6962.0,6840.09080078125,6346.653850097657,1.0,486045.7995752086,474412.26575809176,-0.02537359654309357
2026-01-09 00:00:00+00:00,7005.0,6841.67580078125,6352.881350097657,1.0,489047.8060936996,477342.4190800679,-0.019353927576037155
2026-01-12 00:00:00+00:00,7016.5,6843.55080078125,6359.267600097656,1.0,489850.6683021332,478126.06473594526,-0.01774401610810339
2026-01-13 00:00:00+00:00,7001.75,6846.47580078125,6366.161350097656,1.0,488820.9102521858,477120.954003407,-0.019808902556105235
2026-01-14 00:00:00+00:00,6966.25,6848.32080078125,6372.726350097656,1.0,486342.50952180376,474701.87393526395,-0.02477862926146579
2026-01-15 00:00:00+00:00,6981.75,6850.30080078125,6379.262600097656,1.0,487424.6281505621,475758.0919931855,-0.022608748587294225
2026-01-16 00:00:00+00:00,6976.75,6853.80080078125,6385.585100097656,1.0,487075.5576251561,475417.37649063015,-0.02330871009509161
2026-01-20 00:00:00+00:00,6829.5,6853.88580078125,6392.568850097657,1.0,476795.4306519516,465383.3049403746,-0.04392257649972109
2026-01-21 00:00:00+00:00,6910.0,6857.13580078125,6401.567600097656,1.0,482415.466110987,470868.82453151606,-0.032653196224185166
2026-01-22 00:00:00+00:00,6945.0,6860.96080078125,6410.806350097656,1.0,484858.95978882845,473253.83304940356,-0.02775346566960435
2026-01-23 00:00:00+00:00,6945.75,6862.74080078125,6420.433850097656,1.0,484911.3203676393,473304.9403747869,-0.027648471443434852
2026-01-26 00:00:00+00:00,6981.25,6864.93580078125,6427.8851000976565,1.0,487389.7210980213,475724.02044292993,-0.022678744738074408
2026-01-27 00:00:00+00:00,7008.5,6867.59080078125,6436.417600097656,1.0,489292.15546148364,477580.91993185674,-0.018863954520579207
2026-01-28 00:00:00+00:00,7007.25,6872.53580078125,6444.497600097657,1.0,489204.88783013215,477495.7410562179,-0.019038944897528554
2026-01-29 00:00:00+00:00,6992.75,6877.28580078125,6452.257600097656,1.0,488192.58330645494,476507.66609880736,-0.02106883327014064
2026-01-30 00:00:00+00:00,6965.75,6882.76080078125,6459.945100097656,1.0,486307.60246926296,474667.80238500837,-0.02484862541224586
2026-02-02 00:00:00+00:00,7002.5,6890.01580078125,6468.428850097656,1.0,488873.27083099645,477172.0613287903,-0.01970390832993607
2026-02-03 00:00:00+00:00,6941.75,6895.62080078125,6476.573850097656,1.0,484632.0639473144,473032.3679727426,-0.028208440649672983
2026-02-04 00:00:00+00:00,6906.25,6902.59580078125,6485.181350097656,1.0,482153.6632169324,470613.2879045995,-0.03317816735503343
2026-02-05 00:00:00+00:00,6820.75,6906.60580078125,6492.711350097657,1.0,476184.5572324911,464787.05281090277,-0.045147509138366626
2026-02-06 00:00:00+00:00,6952.75,6911.23580078125,6500.466350097657,1.0,485400.01910320757,473781.94207836443,-0.026668525332518733
2026-02-09 00:00:00+00:00,6983.25,6915.27080078125,6507.826350097656,1.0,487529.3493081837,475860.30664395215,-0.022398760134955453
2026-02-10 00:00:00+00:00,6961.5,6917.94080078125,6514.8851000976565,1.0,486010.89252266794,474378.1942078363,-0.02544359269387353
2026-02-11 00:00:00+00:00,6960.5,6919.96080078125,6521.922600097656,1.0,485941.0784175868,474310.05110732524,-0.025583584995432895
2026-02-12 00:00:00+00:00,6851.0,6920.44580078125,6528.258850097656,1.0,478296.433911197,466848.38160136266,-0.04091274201619299
2026-02-13 00:00:00+00:00,6850.5,6920.65080078125,6534.576350097656,1.0,478261.52685865643,466814.31005110714,-0.04098273816697273
2026-02-17 00:00:00+00:00,6860.5,6920.62080078125,6540.762600097656,1.0,478959.6679094683,467495.74105621787,-0.03958281515137818
2026-02-18 00:00:00+00:00,6894.25,6921.17080078125,6546.6888500976565,1.0,481315.89395595825,469795.57069846656,-0.03485807497374671
2026-02-19 00:00:00+00:00,6877.0,6921.14580078125,6552.715100097656,1.0,480111.60064330784,468620.10221465054,-0.03727294217564725
2026-02-20 00:00:00+00:00,6923.25,6922.49580078125,6559.202600097657,1.0,483340.5030033126,471771.72061328776,-0.030798298228522536
2026-02-23 00:00:00+00:00,6851.5,6922.56080078125,6565.200100097656,1.0,478331.34096373763,466882.4531516182,-0.040842745865413255
2026-02-24 00:00:00+00:00,6903.75,6922.80080078125,6571.296350097657,1.0,481979.12795422954,470442.9301533218,-0.0335281481089319
2026-02-25 00:00:00+00:00,6959.75,6923.85080078125,6577.705100097656,1.0,485888.7178387759,474258.94378194184,-0.025688579221602503
2026-02-26 00:00:00+00:00,6920.0,6925.63580078125,6582.980100097656,1.0,483113.6071617988,471550.25553662673,-0.031253273208590726
2026-02-27 00:00:00+00:00,6889.0,6926.95580078125,6587.902600097656,1.0,480949.3699042821,469437.81942078343,-0.035593034556933745
2026-03-02 00:00:00+00:00,6888.25,6928.70080078125,6592.801350097656,1.0,480897.0093254712,469386.71209540014,-0.03569802878310335
2026-03-03 00:00:00+00:00,6824.75,6930.66580078125,6597.258850097656,1.0,476463.81365281594,465059.62521294696,-0.044587539932128606
2026-03-04 00:00:00+00:00,6876.0,6932.62080078125,6601.761350097656,1.0,480041.78653822665,468551.9591141395,-0.03741293447720673
2026-03-05 00:00:00+00:00,6835.25,6933.395,6606.025100097656,1.0,477196.86175616836,465775.12776831316,-0.043117620765754316
2026-03-06 00:00:00+00:00,6743.75,6929.665,6609.945100097656,1.0,470808.87114123994,459540.03407155,-0.05592691635844427
2026-03-09 00:00:00+00:00,6801.0,6926.465,6614.6438500976565,1.0,474805.7286571378,463441.22657580895,-0.047912357094165636
2026-03-10 00:00:00+00:00,6787.25,6922.56,6619.296350097657,1.0,473845.7847122715,462504.2589437817,-0.049837251240608116
2026-03-11 00:00:00+00:00,6779.5,6918.565,6624.108850097657,1.0,473304.72539789224,461976.14991482097,-0.050922191577693954
2026-03-12 00:00:00+00:00,6677.5,6913.015,6627.825100097656,1.0,466183.6866796114,455025.55366269144,-0.06520140633675808
2026-03-13 00:00:00+00:00,6636.0,6906.85,6631.491350097656,1.0,463286.40131874225,452197.6149914819,-0.07101108685147528
2026-03-16 00:00:00+00:00,6704.75,6903.095,6635.401350097656,1.0,468086.1210430737,456882.45315161813,-0.06138661611926299
2026-03-17 00:00:00+00:00,6721.75,6899.52,6639.430100097657,1.0,469272.9608294539,458040.88586030644,-0.05900674699275221
2026-03-18 00:00:00+00:00,6626.0,6893.165,6642.823850097656,1.0,462588.26026793045,451516.1839863712,-0.07241100986706972
2026-03-19 00:00:00+00:00,6609.25,6885.595,6645.962600097656,1.0,461418.8740078206,450374.7870528107,-0.07475588091819052
2026-03-20 00:00:00+00:00,6594.6298828125,6878.22259765625,6649.030749511719,1.0,460398.18361019326,449378.52693781926,-0.07680258477233759
2026-03-23 00:00:00+00:00,6634.75,6871.67759765625,6652.474499511719,1.0,463199.13368739083,452112.43611584307,-0.07118607722842452
2026-03-24 00:00:00+00:00,6606.0,6863.69759765625,6655.470749511719,1.0,461191.9781663068,450153.32197614975,-0.07521085589825871
2026-03-25 00:00:00+00:00,6640.75,6856.18259765625,6658.623249511718,1.0,463618.0183178779,452521.2947189095,-0.07034612341906787
2026-03-26 00:00:00+00:00,6525.0,6846.64759765625,6661.023249511719,1.0,455537.0356547308,444633.7308347528,-0.08655023232457437
2026-03-27 00:00:00+00:00,6412.25,6835.56759765625,6662.939499511719,1.0,447665.49530682724,436950.59625212924,-0.10233436432540255
2026-03-30 00:00:00+00:00,6388.25,6823.69759765625,6664.6332495117185,1.0,445989.95678487874,435315.1618398635,-0.10569417956282956
2026-03-31 00:00:00+00:00,6570.75,6815.57759765625,6667.590749511719,1.0,458731.030962195,447751.2776831343,-0.0801455845282294
2026-04-01 00:00:00+00:00,6617.75,6811.34259765625,6670.500749511719,1.0,462012.29390101065,450954.00340715476,-0.0735659463549353
2026-04-02 00:00:00+00:00,6622.25,6805.58759765625,6673.686999511719,1.0,462326.45737387595,451260.6473594546,-0.07293598099791776
2026-04-06 00:00:00+00:00,6651.0,6799.70759765625,6677.034499511718,1.0,464333.61289496,453219.7614991479,-0.06891120232808357
2026-04-07 00:00:00+00:00,6656.75,6793.92759765625,6680.267199707031,1.0,464735.0439991769,453611.58432708663,-0.06810624659411657
2026-04-08 00:00:00+00:00,6823.75,6790.77759765625,6684.000949707031,1.0,476393.99954773474,464991.48211243586,-0.04472753223368808
2026-04-09 00:00:00+00:00,6863.25,6787.87259765625,6687.585949707031,1.0,479151.65669844154,467683.13458262326,-0.03919783632208973
2026-04-10 00:00:00+00:00,6855.25,6784.83259765625,6691.127199707032,1.0,478593.143857792,467137.9897785346,-0.04031777473456544
2026-04-13 00:00:00+00:00,6922.75,6783.43259765625,6694.765949707031,1.0,483305.59595077205,471737.6490630321,-0.030868294379302275
2026-04-14 00:00:00+00:00,7004.75,6784.21259765625,6698.6709497070315,1.0,489030.3525674292,477325.38330494013,-0.019388925651427247
2026-04-15 00:00:00+00:00,7060.5,6785.37259765625,6702.704699707031,1.0,492922.48892570526,481124.36115843244,-0.01158435483948772
2026-04-16 00:00:00+00:00,7077.0,6788.07759765625,6706.845949707032,1.0,494074.4216595448,482248.7223168652,-0.00927448186375679
2026-04-17 00:00:00+00:00,7161.5,6793.18259765625,6711.2784497070315,1.0,499973.7135389049,488006.81431005086,0.0
2026-04-20 00:00:00+00:00,7148.0,6799.72759765625,6715.397199707031,1.0,499031.2231203089,487086.8824531514,-0.0018850799413531183
2026-04-21 00:00:00+00:00,7100.0,6802.67259765625,6719.479699707032,1.0,495680.14607641206,483816.01362861984,-0.008587586399497305
2026-04-22 00:00:00+00:00,7171.25,6806.43259765625,6723.955949707031,1.0,500654.4010634465,488671.20954003383,0.0
2026-04-23 00:00:00+00:00,7143.5,6810.07259765625,6728.313449707031,1.0,498717.0596474436,486780.2385008515,-0.003869618267387187
2026-04-24 00:00:00+00:00,7194.75,6814.75759765625,6732.750949707031,1.0,502295.03253285424,490272.57240204397,0.0
2026-04-27 00:00:00+00:00,7206.0,6821.85759765625,6737.159699707031,1.0,503080.4412150176,491039.1822827935,0.0
2026-04-28 00:00:00+00:00,7171.0,6828.26759765625,6741.5146997070315,1.0,500636.9475371762,488654.17376490595,-0.004857063558145858
2026-04-29 00:00:00+00:00,7168.0,6834.41759765625,6745.799699707031,1.0,500427.50522193266,488449.7444633727,-0.005273383291701128
2026-04-30 00:00:00+00:00,7243.75,6841.40759765625,6750.598449707031,1.0,505715.92368183244,493611.5843270866,0.0
2026-05-01 00:00:00+00:00,7258.0,6849.02759765625,6755.3721997070315,1.0,506710.7746792393,494582.6235093693,0.0
2026-05-04 00:00:00+00:00,7230.25,6855.16759765625,6759.820949707031,1.0,504773.4332632364,492691.65247018705,-0.003823367318820603
2026-05-05 00:00:00+00:00,7287.25,6863.88259765625,6764.583449707031,1.0,508752.8372528639,496575.80919931823,0.0
2026-05-06 00:00:00+00:00,7389.5,6873.59759765625,6769.807199707031,1.0,515891.3294974151,503543.4412265755,0.0
2026-05-07 00:00:00+00:00,7363.0,6881.66259765625,6774.888449707031,1.0,514041.2557127637,501737.64906303206,-0.0035861695649231917
2026-05-08 00:00:00+00:00,7419.0,6891.64259765625,6780.002199707032,1.0,517950.84559731005,505553.66269165225,0.0
2026-05-11 00:00:00+00:00,7436.75,6902.59759765625,6785.178449707031,1.0,519190.045962501,506763.2027257237,0.0
2026-05-12 00:00:00+00:00,7426.5,6913.36259765625,6790.185949707031,1.0,518474.4513854189,506064.7359454852,-0.0013782902477560421
2026-05-13 00:00:00+00:00,7469.5,6926.25759765625,6795.419699707031,1.0,521476.45790390985,508994.8892674614,0.0
2026-05-14 00:00:00+00:00,7525.5,6939.24759765625,6801.017199707031,1.0,525386.0477884562,512810.9028960815,0.0
2026-05-15 00:00:00+00:00,7432.25,6951.18759765625,6806.197199707031,1.0,518875.88248963567,506456.558773424,-0.012391203242309579
